merchant_id,merchant_name,merchant_type,city,country,registration_date,risk_level
1,Laurent et Fils,RESTAURANT,Abidjan,Côte d'Ivoire,2016-04-02,MEDIUM
2,Hubert Joly et Fils,FUEL_STATION,Bouake,Côte d'Ivoire,2013-04-26,LOW
3,Maury S.A.R.L.,RESTAURANT,Man,Côte d'Ivoire,2012-02-12,MEDIUM
4,Morin S.A.,ELECTRONICS,Abidjan,Côte d'Ivoire,2015-07-14,LOW
5,Guilbert S.A.,SUPERMARKET,Abidjan,Côte d'Ivoire,2023-10-04,LOW
6,Vasseur,FUEL_STATION,Korhogo,Côte d'Ivoire,2019-03-21,LOW
7,Robert,ELECTRONICS,Bouake,Côte d'Ivoire,2024-06-26,MEDIUM
8,Rocher Briand SARL,ELECTRONICS,San Pedro,Côte d'Ivoire,2016-04-20,LOW
9,Fabre Ledoux SARL,CLOTHING,Yamoussoukro,Côte d'Ivoire,2013-04-25,MEDIUM
10,Gillet SA,SUPERMARKET,Daloa,Côte d'Ivoire,2017-09-06,MEDIUM
11,Texier,TRANSPORT,Yamoussoukro,Côte d'Ivoire,2016-01-28,LOW
12,Chauveau S.A.R.L.,FUEL_STATION,Daloa,Côte d'Ivoire,2020-09-12,LOW
13,Hoareau SA,RESTAURANT,San Pedro,Côte d'Ivoire,2020-12-19,LOW
14,Techer,HOTEL,Korhogo,Côte d'Ivoire,2022-02-05,LOW
15,Verdier,SUPERMARKET,Man,Côte d'Ivoire,2014-11-05,LOW
16,Lambert et Fils,RESTAURANT,San Pedro,Côte d'Ivoire,2015-06-15,LOW
17,Chevalier,E_COMMERCE,Daloa,Côte d'Ivoire,2026-02-15,LOW
18,Roussel Gillet SARL,HOTEL,Korhogo,Côte d'Ivoire,2019-04-16,LOW
19,Goncalves,RESTAURANT,Abidjan,Côte d'Ivoire,2017-11-15,LOW
20,Lacroix,E_COMMERCE,Abidjan,Côte d'Ivoire,2022-12-23,MEDIUM
21,Boutin,RESTAURANT,San Pedro,Côte d'Ivoire,2023-03-16,LOW
22,Raynaud et Fils,HOTEL,Bouake,Côte d'Ivoire,2014-06-27,LOW
23,Goncalves Pinto S.A.R.L.,FUEL_STATION,Man,Côte d'Ivoire,2016-03-02,LOW
24,Pottier Germain SA,RESTAURANT,Korhogo,Côte d'Ivoire,2015-06-22,LOW
25,Gomes S.A.R.L.,ELECTRONICS,Man,Côte d'Ivoire,2016-02-17,LOW
26,Lecomte S.A.S.,TELECOM,San Pedro,Côte d'Ivoire,2026-06-26,LOW
27,Lecomte,ELECTRONICS,Bouake,Côte d'Ivoire,2022-09-22,LOW
28,Delaunay,SUPERMARKET,Bouake,Côte d'Ivoire,2022-07-06,MEDIUM
29,Meunier,HOTEL,San Pedro,Côte d'Ivoire,2016-01-30,LOW
30,Hoarau Vallet S.A.S.,FUEL_STATION,Korhogo,Côte d'Ivoire,2020-09-29,MEDIUM
31,Letellier,HOTEL,Bouake,Côte d'Ivoire,2021-07-09,LOW
32,Guillon,TRANSPORT,Man,Côte d'Ivoire,2018-05-15,LOW
33,Vasseur,E_COMMERCE,Bouake,Côte d'Ivoire,2013-12-05,LOW
34,Robin,ELECTRONICS,Korhogo,Côte d'Ivoire,2024-06-07,LOW
35,Masson S.A.,CLOTHING,San Pedro,Côte d'Ivoire,2022-04-01,MEDIUM
36,Bazin Briand S.A.S.,TRANSPORT,Yamoussoukro,Côte d'Ivoire,2012-08-27,LOW
37,Weber,PHARMACY,Korhogo,Côte d'Ivoire,2021-09-17,LOW
38,Evrard,SUPERMARKET,Daloa,Côte d'Ivoire,2015-11-08,LOW
39,Bazin et Fils,PHARMACY,Daloa,Côte d'Ivoire,2013-07-10,LOW
40,Lecoq,CLOTHING,Abidjan,Côte d'Ivoire,2022-06-24,LOW
41,Marie,CLOTHING,San Pedro,Côte d'Ivoire,2016-07-26,LOW
42,Barbier,ELECTRONICS,Daloa,Côte d'Ivoire,2019-04-18,MEDIUM
43,Mace et Fils,RESTAURANT,Man,Côte d'Ivoire,2016-01-21,MEDIUM
44,Guillou Gautier et Fils,E_COMMERCE,Daloa,Côte d'Ivoire,2016-08-26,LOW
45,Brunet Besson S.A.,RESTAURANT,Yamoussoukro,Côte d'Ivoire,2020-10-01,LOW
46,Joseph SARL,TELECOM,Abidjan,Côte d'Ivoire,2019-11-21,HIGH
47,Marie SARL,E_COMMERCE,Korhogo,Côte d'Ivoire,2026-07-11,MEDIUM
48,Dupuis,ELECTRONICS,Abidjan,Côte d'Ivoire,2012-07-23,MEDIUM
49,Duhamel Chevalier SA,E_COMMERCE,Daloa,Côte d'Ivoire,2024-01-10,LOW
50,Muller,CLOTHING,Bouake,Côte d'Ivoire,2024-07-07,LOW
51,Rodriguez Delmas S.A.R.L.,PHARMACY,Korhogo,Côte d'Ivoire,2020-12-05,HIGH
52,Aubry Evrard S.A.S.,ELECTRONICS,Abidjan,Côte d'Ivoire,2018-10-10,LOW
53,Gimenez Faivre et Fils,TELECOM,Abidjan,Côte d'Ivoire,2023-04-24,LOW
54,Delannoy Langlois S.A.R.L.,HOTEL,Daloa,Côte d'Ivoire,2023-01-01,MEDIUM
55,Navarro,FUEL_STATION,Abidjan,Côte d'Ivoire,2020-05-19,LOW
56,Mathieu,CLOTHING,Abidjan,Côte d'Ivoire,2015-10-17,LOW
57,Andre Maillot SA,TELECOM,Daloa,Côte d'Ivoire,2021-08-01,LOW
58,Pruvost Vasseur SA,ELECTRONICS,Daloa,Côte d'Ivoire,2012-10-13,LOW
59,Rolland SA,TELECOM,Korhogo,Côte d'Ivoire,2012-02-10,LOW
60,Guérin,ELECTRONICS,Daloa,Côte d'Ivoire,2020-04-27,LOW
61,Lopes Laroche S.A.R.L.,FUEL_STATION,Korhogo,Côte d'Ivoire,2015-03-22,MEDIUM
62,Ramos Masse S.A.S.,FUEL_STATION,Man,Côte d'Ivoire,2019-08-14,LOW
63,Reynaud Cordier S.A.,HOTEL,San Pedro,Côte d'Ivoire,2013-03-07,MEDIUM
64,Delmas S.A.R.L.,TELECOM,Abidjan,Côte d'Ivoire,2017-08-08,LOW
65,Bouchet,RESTAURANT,Yamoussoukro,Côte d'Ivoire,2019-07-09,LOW
66,Maillet et Fils,ELECTRONICS,Bouake,Côte d'Ivoire,2022-07-27,LOW
67,Bonnet S.A.R.L.,SUPERMARKET,Abidjan,Côte d'Ivoire,2023-12-18,MEDIUM
68,Nicolas,SUPERMARKET,Bouake,Côte d'Ivoire,2015-10-22,LOW
69,Aubert Regnier S.A.R.L.,SUPERMARKET,Daloa,Côte d'Ivoire,2013-12-17,LOW
70,Vidal,ELECTRONICS,Bouake,Côte d'Ivoire,2016-04-24,LOW
71,Menard,TELECOM,Bouake,Côte d'Ivoire,2026-06-14,LOW
72,Pichon S.A.S.,CLOTHING,Korhogo,Côte d'Ivoire,2013-03-29,LOW
73,Gilles S.A.S.,TELECOM,Daloa,Côte d'Ivoire,2025-10-18,LOW
74,Morin S.A.,RESTAURANT,Abidjan,Côte d'Ivoire,2014-05-28,LOW
75,Vallée,HOTEL,San Pedro,Côte d'Ivoire,2019-10-07,LOW
76,Maréchal Lopez S.A.,SUPERMARKET,Man,Côte d'Ivoire,2018-01-08,LOW
77,Perrier SARL,RESTAURANT,Abidjan,Côte d'Ivoire,2024-11-30,LOW
78,Renault,HOTEL,Daloa,Côte d'Ivoire,2018-10-09,MEDIUM
79,Meyer,FUEL_STATION,Bouake,Côte d'Ivoire,2014-10-21,LOW
80,Carpentier,TELECOM,Bouake,Côte d'Ivoire,2012-07-27,LOW
81,Letellier SARL,E_COMMERCE,San Pedro,Côte d'Ivoire,2012-07-19,LOW
82,Mary S.A.R.L.,RESTAURANT,San Pedro,Côte d'Ivoire,2020-02-17,MEDIUM
83,Boyer Grégoire SA,ELECTRONICS,Abidjan,Côte d'Ivoire,2026-01-22,LOW
84,Muller Valentin SA,ELECTRONICS,Daloa,Côte d'Ivoire,2023-01-23,LOW
85,Antoine Mathieu S.A.S.,RESTAURANT,Daloa,Côte d'Ivoire,2015-10-06,MEDIUM
86,Legendre SA,PHARMACY,San Pedro,Côte d'Ivoire,2018-09-15,LOW
87,Bertin,FUEL_STATION,Daloa,Côte d'Ivoire,2015-01-19,LOW
88,Dupuis,SUPERMARKET,Bouake,Côte d'Ivoire,2016-02-04,LOW
89,Payet,TRANSPORT,Yamoussoukro,Côte d'Ivoire,2023-01-01,MEDIUM
90,Albert,TELECOM,Yamoussoukro,Côte d'Ivoire,2016-12-14,LOW
91,Petit S.A.R.L.,ELECTRONICS,Man,Côte d'Ivoire,2022-02-21,MEDIUM
92,Legrand S.A.S.,PHARMACY,Bouake,Côte d'Ivoire,2015-03-15,LOW
93,Payet,SUPERMARKET,Korhogo,Côte d'Ivoire,2017-07-06,MEDIUM
94,Moulin SARL,SUPERMARKET,Man,Côte d'Ivoire,2016-06-03,LOW
95,Navarro Devaux et Fils,SUPERMARKET,Korhogo,Côte d'Ivoire,2016-09-20,LOW
96,Martineau S.A.S.,ELECTRONICS,Bouake,Côte d'Ivoire,2016-09-01,LOW
97,Lucas SARL,ELECTRONICS,Abidjan,Côte d'Ivoire,2013-07-16,MEDIUM
98,Bernier S.A.S.,RESTAURANT,Korhogo,Côte d'Ivoire,2014-03-21,LOW
99,Carre,FUEL_STATION,San Pedro,Côte d'Ivoire,2021-11-12,LOW
100,Wagner Le Goff S.A.,CLOTHING,Bouake,Côte d'Ivoire,2023-04-09,LOW
101,Bodin,SUPERMARKET,Korhogo,Côte d'Ivoire,2019-11-20,LOW
102,Roux,CLOTHING,Korhogo,Côte d'Ivoire,2013-02-22,LOW
103,Baron,E_COMMERCE,Bouake,Côte d'Ivoire,2012-04-28,LOW
104,Le Roux S.A.,HOTEL,Bouake,Côte d'Ivoire,2022-05-31,LOW
105,Renard,PHARMACY,Man,Côte d'Ivoire,2024-03-08,LOW
106,Courtois,TELECOM,Yamoussoukro,Côte d'Ivoire,2023-07-31,MEDIUM
107,Guilbert,RESTAURANT,Abidjan,Côte d'Ivoire,2011-09-28,LOW
108,Sanchez et Fils,CLOTHING,Abidjan,Côte d'Ivoire,2014-02-10,LOW
109,Lemaître S.A.S.,FUEL_STATION,Korhogo,Côte d'Ivoire,2020-12-22,LOW
110,Perret Rodriguez SA,HOTEL,Abidjan,Côte d'Ivoire,2016-10-26,MEDIUM
111,Fournier,HOTEL,Yamoussoukro,Côte d'Ivoire,2017-08-30,LOW
112,Normand Menard et Fils,ELECTRONICS,Man,Côte d'Ivoire,2013-04-28,LOW
113,Valette,ELECTRONICS,Abidjan,Côte d'Ivoire,2021-02-05,LOW
114,Legendre,ELECTRONICS,Yamoussoukro,Côte d'Ivoire,2024-04-29,MEDIUM
115,Gomez Goncalves S.A.,RESTAURANT,Bouake,Côte d'Ivoire,2026-07-27,LOW
116,Laurent,RESTAURANT,Man,Côte d'Ivoire,2014-08-17,LOW
117,Bouchet,E_COMMERCE,Yamoussoukro,Côte d'Ivoire,2025-03-22,LOW
118,Da Costa Leroux et Fils,HOTEL,Bouake,Côte d'Ivoire,2013-05-31,LOW
119,Morel,E_COMMERCE,Korhogo,Côte d'Ivoire,2026-03-08,LOW
120,Louis,SUPERMARKET,Abidjan,Côte d'Ivoire,2014-12-21,LOW
121,Marty,E_COMMERCE,Abidjan,Côte d'Ivoire,2016-10-07,LOW
122,Hubert Laurent et Fils,PHARMACY,Man,Côte d'Ivoire,2014-11-11,HIGH
123,Boulanger,PHARMACY,Man,Côte d'Ivoire,2016-04-25,LOW
124,Leleu SARL,TRANSPORT,Korhogo,Côte d'Ivoire,2017-07-19,LOW
125,Potier,RESTAURANT,Man,Côte d'Ivoire,2025-12-05,MEDIUM
126,Leroy,ELECTRONICS,Abidjan,Côte d'Ivoire,2013-07-15,MEDIUM
127,Colin,CLOTHING,Korhogo,Côte d'Ivoire,2021-06-14,LOW
128,Morel,PHARMACY,Abidjan,Côte d'Ivoire,2013-06-02,LOW
129,Barre,SUPERMARKET,Yamoussoukro,Côte d'Ivoire,2023-12-21,LOW
130,Nguyen,FUEL_STATION,Man,Côte d'Ivoire,2021-11-20,LOW
131,Collin S.A.S.,ELECTRONICS,Daloa,Côte d'Ivoire,2014-10-23,LOW
132,Bertrand,CLOTHING,Man,Côte d'Ivoire,2023-08-20,LOW
133,Martin,FUEL_STATION,Daloa,Côte d'Ivoire,2020-06-02,LOW
134,Marchal Perret SA,PHARMACY,San Pedro,Côte d'Ivoire,2022-11-16,LOW
135,Ferrand,HOTEL,Daloa,Côte d'Ivoire,2016-11-30,MEDIUM
136,Fouquet SARL,FUEL_STATION,Yamoussoukro,Côte d'Ivoire,2020-03-15,LOW
137,Martineau,RESTAURANT,San Pedro,Côte d'Ivoire,2018-07-10,MEDIUM
138,Antoine,TELECOM,Bouake,Côte d'Ivoire,2023-06-09,LOW
139,Lenoir,TELECOM,Yamoussoukro,Côte d'Ivoire,2013-09-27,LOW
140,De Oliveira Chartier S.A.R.L.,FUEL_STATION,Bouake,Côte d'Ivoire,2023-02-05,LOW
141,Chauvet Colas SARL,FUEL_STATION,San Pedro,Côte d'Ivoire,2018-06-26,LOW
142,Bailly SARL,RESTAURANT,Daloa,Côte d'Ivoire,2015-02-25,LOW
143,Delorme,ELECTRONICS,San Pedro,Côte d'Ivoire,2021-11-23,LOW
144,Turpin,ELECTRONICS,Yamoussoukro,Côte d'Ivoire,2019-02-03,MEDIUM
145,Parent,RESTAURANT,Yamoussoukro,Côte d'Ivoire,2015-03-18,LOW
146,Guyon,E_COMMERCE,Abidjan,Côte d'Ivoire,2014-06-18,LOW
147,Jacquet S.A.S.,TRANSPORT,Yamoussoukro,Côte d'Ivoire,2022-11-14,MEDIUM
148,Morin,HOTEL,San Pedro,Côte d'Ivoire,2025-07-01,LOW
149,Maillet Ruiz S.A.,ELECTRONICS,Abidjan,Côte d'Ivoire,2025-04-18,LOW
150,Caron Laurent SA,CLOTHING,Bouake,Côte d'Ivoire,2015-09-28,LOW
151,Bourdon,TRANSPORT,Abidjan,Côte d'Ivoire,2026-01-12,LOW
152,Pineau S.A.R.L.,ELECTRONICS,Man,Côte d'Ivoire,2022-04-16,MEDIUM
153,Wagner Grenier S.A.R.L.,FUEL_STATION,Yamoussoukro,Côte d'Ivoire,2019-12-26,LOW
154,Berger,HOTEL,Korhogo,Côte d'Ivoire,2014-01-31,LOW
155,Hamel SA,RESTAURANT,Man,Côte d'Ivoire,2024-10-25,MEDIUM
156,Vasseur,ELECTRONICS,Yamoussoukro,Côte d'Ivoire,2014-07-26,LOW
157,Girard,HOTEL,San Pedro,Côte d'Ivoire,2021-01-21,LOW
158,Rivière Pineau S.A.,ELECTRONICS,Bouake,Côte d'Ivoire,2025-03-17,LOW
159,Martineau,TRANSPORT,Man,Côte d'Ivoire,2020-08-11,MEDIUM
160,Faivre,PHARMACY,Korhogo,Côte d'Ivoire,2019-02-08,LOW
161,Lévy,TRANSPORT,Korhogo,Côte d'Ivoire,2019-02-28,MEDIUM
162,Bernier Ollivier S.A.R.L.,E_COMMERCE,Yamoussoukro,Côte d'Ivoire,2015-12-26,LOW
163,Diaz Baron S.A.S.,CLOTHING,Korhogo,Côte d'Ivoire,2019-10-27,LOW
164,Paris Besnard SA,TELECOM,San Pedro,Côte d'Ivoire,2023-09-18,LOW
165,Huet,FUEL_STATION,Korhogo,Côte d'Ivoire,2016-03-13,LOW
166,Julien,PHARMACY,Man,Côte d'Ivoire,2020-10-06,LOW
167,Dos Santos S.A.,ELECTRONICS,Man,Côte d'Ivoire,2015-07-06,LOW
168,Lemonnier,HOTEL,Abidjan,Côte d'Ivoire,2014-03-05,MEDIUM
169,Andre Legros S.A.R.L.,FUEL_STATION,Man,Côte d'Ivoire,2017-03-16,LOW
170,Legros,FUEL_STATION,Bouake,Côte d'Ivoire,2012-08-19,LOW
171,De Oliveira Perrier S.A.S.,FUEL_STATION,San Pedro,Côte d'Ivoire,2023-05-29,LOW
172,Salmon S.A.S.,RESTAURANT,San Pedro,Côte d'Ivoire,2018-01-17,LOW
173,Robert,CLOTHING,Bouake,Côte d'Ivoire,2017-07-23,MEDIUM
174,Chrétien,TRANSPORT,San Pedro,Côte d'Ivoire,2018-03-18,LOW
175,Tanguy,PHARMACY,Man,Côte d'Ivoire,2024-04-16,LOW
176,Coulon Vasseur SARL,RESTAURANT,Daloa,Côte d'Ivoire,2018-12-28,LOW
177,Leroy,PHARMACY,Daloa,Côte d'Ivoire,2018-03-11,HIGH
178,Laroche,ELECTRONICS,San Pedro,Côte d'Ivoire,2023-02-17,LOW
179,Ramos,FUEL_STATION,Daloa,Côte d'Ivoire,2014-05-20,LOW
180,Rodriguez,PHARMACY,Daloa,Côte d'Ivoire,2022-02-28,LOW
181,Carlier S.A.S.,ELECTRONICS,Korhogo,Côte d'Ivoire,2021-03-06,LOW
182,Perez et Fils,TELECOM,Korhogo,Côte d'Ivoire,2018-11-13,MEDIUM
183,Pinto Vidal SA,ELECTRONICS,San Pedro,Côte d'Ivoire,2016-01-01,MEDIUM
184,Millet,ELECTRONICS,San Pedro,Côte d'Ivoire,2015-03-06,MEDIUM
185,Millet,TELECOM,San Pedro,Côte d'Ivoire,2017-04-26,LOW
186,Lopes,FUEL_STATION,Daloa,Côte d'Ivoire,2024-05-14,LOW
187,Fleury,ELECTRONICS,San Pedro,Côte d'Ivoire,2025-10-11,LOW
188,Lelièvre SA,E_COMMERCE,San Pedro,Côte d'Ivoire,2024-04-26,LOW
189,Marty S.A.,E_COMMERCE,Bouake,Côte d'Ivoire,2022-08-20,LOW
190,Valette et Fils,HOTEL,Korhogo,Côte d'Ivoire,2012-04-05,LOW
191,Hoarau S.A.,PHARMACY,Bouake,Côte d'Ivoire,2025-11-07,LOW
192,Loiseau S.A.,PHARMACY,Man,Côte d'Ivoire,2015-08-20,LOW
193,Reynaud Laroche SA,TRANSPORT,San Pedro,Côte d'Ivoire,2021-03-03,LOW
194,Turpin Bonnin SARL,TELECOM,San Pedro,Côte d'Ivoire,2024-08-15,LOW
195,Brun,TRANSPORT,San Pedro,Côte d'Ivoire,2021-11-18,MEDIUM
196,Merle S.A.,CLOTHING,Man,Côte d'Ivoire,2016-11-12,LOW
197,Delorme SA,CLOTHING,San Pedro,Côte d'Ivoire,2016-11-18,LOW
198,Chauvin,HOTEL,Yamoussoukro,Côte d'Ivoire,2023-09-27,MEDIUM
199,Sanchez Allain et Fils,TRANSPORT,Korhogo,Côte d'Ivoire,2025-09-14,MEDIUM
200,Henry Grenier SARL,ELECTRONICS,Daloa,Côte d'Ivoire,2026-01-15,LOW
201,Moreno SA,FUEL_STATION,San Pedro,Côte d'Ivoire,2017-06-25,LOW
202,Peltier,TRANSPORT,San Pedro,Côte d'Ivoire,2017-11-17,LOW
203,Guillou et Fils,HOTEL,Man,Côte d'Ivoire,2017-05-19,LOW
204,De Oliveira S.A.R.L.,TRANSPORT,Man,Côte d'Ivoire,2013-05-15,LOW
205,Étienne,TELECOM,Bouake,Côte d'Ivoire,2022-05-22,HIGH
206,Neveu,ELECTRONICS,Abidjan,Côte d'Ivoire,2014-03-06,MEDIUM
207,Schmitt,CLOTHING,Korhogo,Côte d'Ivoire,2024-01-22,LOW
208,Chauvet,RESTAURANT,Man,Côte d'Ivoire,2025-04-28,LOW
209,Turpin,TELECOM,Bouake,Côte d'Ivoire,2018-12-26,LOW
210,Breton,TRANSPORT,Yamoussoukro,Côte d'Ivoire,2026-01-24,LOW
211,Fernandez Lopes S.A.R.L.,HOTEL,Yamoussoukro,Côte d'Ivoire,2015-09-22,MEDIUM
212,Colas,TRANSPORT,Yamoussoukro,Côte d'Ivoire,2021-12-16,MEDIUM
213,Marques,TRANSPORT,Yamoussoukro,Côte d'Ivoire,2012-01-24,MEDIUM
214,Germain,TELECOM,Abidjan,Côte d'Ivoire,2014-09-01,MEDIUM
215,Lecomte,SUPERMARKET,Yamoussoukro,Côte d'Ivoire,2017-08-11,LOW
216,Leblanc,RESTAURANT,Daloa,Côte d'Ivoire,2016-05-01,HIGH
217,Berthelot,SUPERMARKET,Daloa,Côte d'Ivoire,2011-10-01,LOW
218,Clément Guillot et Fils,FUEL_STATION,Bouake,Côte d'Ivoire,2018-06-28,MEDIUM
219,Berthelot,CLOTHING,Bouake,Côte d'Ivoire,2024-06-22,LOW
220,Blot Ollivier et Fils,TELECOM,Man,Côte d'Ivoire,2023-09-08,LOW
221,Pons,FUEL_STATION,San Pedro,Côte d'Ivoire,2025-01-24,LOW
222,Morin SARL,HOTEL,Bouake,Côte d'Ivoire,2015-05-06,LOW
223,Jacquot,RESTAURANT,Daloa,Côte d'Ivoire,2015-09-18,MEDIUM
224,Dupré,E_COMMERCE,Abidjan,Côte d'Ivoire,2021-06-20,LOW
225,Reynaud,E_COMMERCE,Korhogo,Côte d'Ivoire,2020-12-28,LOW
226,Lamy,TRANSPORT,San Pedro,Côte d'Ivoire,2024-04-07,MEDIUM
227,Benard,FUEL_STATION,Abidjan,Côte d'Ivoire,2023-07-14,LOW
228,Dupuy,FUEL_STATION,Abidjan,Côte d'Ivoire,2016-10-16,LOW
229,Grondin,E_COMMERCE,Daloa,Côte d'Ivoire,2013-08-17,LOW
230,Gomes Mathieu et Fils,RESTAURANT,Daloa,Côte d'Ivoire,2020-09-09,HIGH
231,Olivier Fabre et Fils,SUPERMARKET,Yamoussoukro,Côte d'Ivoire,2019-10-24,LOW
232,Ramos,HOTEL,Abidjan,Côte d'Ivoire,2021-08-09,LOW
233,Roussel,HOTEL,Abidjan,Côte d'Ivoire,2025-09-27,MEDIUM
234,Collet Dumas SARL,TELECOM,Abidjan,Côte d'Ivoire,2014-08-18,LOW
235,Garcia,HOTEL,Man,Côte d'Ivoire,2023-08-15,MEDIUM
236,Paris Lambert SA,TELECOM,Man,Côte d'Ivoire,2020-12-27,LOW
237,Rocher,PHARMACY,Man,Côte d'Ivoire,2013-09-21,LOW
238,Henry,E_COMMERCE,Korhogo,Côte d'Ivoire,2026-06-03,MEDIUM
239,Baudry SARL,ELECTRONICS,Daloa,Côte d'Ivoire,2019-07-24,LOW
240,Besnard,TRANSPORT,Daloa,Côte d'Ivoire,2017-05-16,MEDIUM
241,Roux Fleury S.A.R.L.,E_COMMERCE,Yamoussoukro,Côte d'Ivoire,2013-07-07,MEDIUM
242,Maréchal S.A.R.L.,RESTAURANT,Yamoussoukro,Côte d'Ivoire,2012-11-01,MEDIUM
243,Fernandes S.A.,FUEL_STATION,Daloa,Côte d'Ivoire,2025-05-17,LOW
244,Clément,CLOTHING,Man,Côte d'Ivoire,2015-10-19,LOW
245,Pascal S.A.R.L.,SUPERMARKET,San Pedro,Côte d'Ivoire,2021-11-21,MEDIUM
246,Diallo Barbe S.A.R.L.,PHARMACY,San Pedro,Côte d'Ivoire,2019-03-29,LOW
247,Léger,E_COMMERCE,Yamoussoukro,Côte d'Ivoire,2026-03-17,LOW
248,Schneider,CLOTHING,Man,Côte d'Ivoire,2021-04-01,MEDIUM
249,Bourdon et Fils,ELECTRONICS,Abidjan,Côte d'Ivoire,2013-04-06,LOW
250,Toussaint Lecomte SARL,FUEL_STATION,Abidjan,Côte d'Ivoire,2022-10-23,LOW
251,Barbier S.A.,TRANSPORT,San Pedro,Côte d'Ivoire,2014-07-14,LOW
252,Barbier SA,FUEL_STATION,Man,Côte d'Ivoire,2018-07-11,LOW
253,Lagarde,TELECOM,San Pedro,Côte d'Ivoire,2021-09-04,MEDIUM
254,Klein,RESTAURANT,Yamoussoukro,Côte d'Ivoire,2012-02-17,LOW
255,Hervé Munoz SARL,FUEL_STATION,Yamoussoukro,Côte d'Ivoire,2023-07-15,LOW
256,Guérin,HOTEL,San Pedro,Côte d'Ivoire,2023-04-09,LOW
257,Aubry Toussaint S.A.S.,HOTEL,San Pedro,Côte d'Ivoire,2022-10-28,HIGH
258,Lamy Noël S.A.S.,ELECTRONICS,Yamoussoukro,Côte d'Ivoire,2015-05-26,LOW
259,Da Costa Blanchard SA,TELECOM,Yamoussoukro,Côte d'Ivoire,2012-08-03,LOW
260,Le Gall Valentin et Fils,FUEL_STATION,Abidjan,Côte d'Ivoire,2025-08-06,MEDIUM
261,Navarro,HOTEL,Abidjan,Côte d'Ivoire,2013-09-09,MEDIUM
262,Lagarde,PHARMACY,Bouake,Côte d'Ivoire,2016-09-30,LOW
263,Maillard,TELECOM,Yamoussoukro,Côte d'Ivoire,2020-02-02,MEDIUM
264,Navarro,ELECTRONICS,Korhogo,Côte d'Ivoire,2012-12-10,LOW
265,Lesage et Fils,RESTAURANT,Daloa,Côte d'Ivoire,2017-01-21,LOW
266,Michel,FUEL_STATION,Yamoussoukro,Côte d'Ivoire,2013-02-16,LOW
267,Parent Bruneau S.A.S.,SUPERMARKET,Man,Côte d'Ivoire,2011-12-05,LOW
268,Verdier,E_COMMERCE,Abidjan,Côte d'Ivoire,2012-04-04,HIGH
269,Lelièvre Paul et Fils,ELECTRONICS,Yamoussoukro,Côte d'Ivoire,2019-02-05,LOW
270,Arnaud,PHARMACY,Man,Côte d'Ivoire,2021-07-14,MEDIUM
271,Bousquet,TELECOM,Abidjan,Côte d'Ivoire,2025-06-05,MEDIUM
272,Robin,CLOTHING,Yamoussoukro,Côte d'Ivoire,2019-07-28,LOW
273,Lejeune,TELECOM,Yamoussoukro,Côte d'Ivoire,2017-03-31,LOW
274,Leconte,SUPERMARKET,Yamoussoukro,Côte d'Ivoire,2013-05-09,MEDIUM
275,Boulanger Bouchet et Fils,TELECOM,Abidjan,Côte d'Ivoire,2020-01-02,MEDIUM
276,Dupré,TRANSPORT,San Pedro,Côte d'Ivoire,2018-05-22,LOW
277,De Sousa SA,SUPERMARKET,Bouake,Côte d'Ivoire,2016-12-04,LOW
278,Breton,CLOTHING,Yamoussoukro,Côte d'Ivoire,2013-07-19,LOW
279,Buisson,FUEL_STATION,Abidjan,Côte d'Ivoire,2025-08-10,LOW
280,Descamps S.A.S.,TRANSPORT,Korhogo,Côte d'Ivoire,2019-06-08,LOW
281,Vincent,CLOTHING,Bouake,Côte d'Ivoire,2014-10-07,MEDIUM
282,Loiseau,TRANSPORT,San Pedro,Côte d'Ivoire,2024-06-11,MEDIUM
283,Toussaint,E_COMMERCE,Daloa,Côte d'Ivoire,2019-02-04,LOW
284,Martins SARL,TRANSPORT,Yamoussoukro,Côte d'Ivoire,2020-12-01,LOW
285,Hervé Navarro et Fils,SUPERMARKET,Korhogo,Côte d'Ivoire,2019-10-27,HIGH
286,Leroy et Fils,RESTAURANT,Daloa,Côte d'Ivoire,2021-12-07,LOW
287,Lacombe Leroux SARL,FUEL_STATION,Yamoussoukro,Côte d'Ivoire,2020-12-11,LOW
288,Courtois S.A.R.L.,PHARMACY,Bouake,Côte d'Ivoire,2013-02-28,LOW
289,Noël Pinto SA,RESTAURANT,Bouake,Côte d'Ivoire,2022-08-05,LOW
290,Didier Auger SARL,TELECOM,Man,Côte d'Ivoire,2020-03-26,LOW
291,Legros,E_COMMERCE,Abidjan,Côte d'Ivoire,2025-10-10,LOW
292,Georges,E_COMMERCE,Man,Côte d'Ivoire,2015-09-21,MEDIUM
293,Courtois,RESTAURANT,Man,Côte d'Ivoire,2014-01-13,LOW
294,Aubert,E_COMMERCE,Daloa,Côte d'Ivoire,2021-10-09,MEDIUM
295,Muller Baron S.A.R.L.,CLOTHING,Man,Côte d'Ivoire,2017-05-10,MEDIUM
296,Bernard,FUEL_STATION,San Pedro,Côte d'Ivoire,2016-05-21,LOW
297,Coste,FUEL_STATION,Man,Côte d'Ivoire,2021-06-10,LOW
298,Gérard,E_COMMERCE,Daloa,Côte d'Ivoire,2019-03-04,LOW
299,Barre,SUPERMARKET,Bouake,Côte d'Ivoire,2017-03-25,MEDIUM
300,Pineau,CLOTHING,Man,Côte d'Ivoire,2017-01-18,MEDIUM
301,Rocher Dupuis S.A.S.,E_COMMERCE,San Pedro,Côte d'Ivoire,2018-02-02,LOW
302,Diallo Bouchet SA,E_COMMERCE,Man,Côte d'Ivoire,2016-12-27,LOW
303,Munoz,E_COMMERCE,Korhogo,Côte d'Ivoire,2025-05-18,LOW
304,Collin,TELECOM,Abidjan,Côte d'Ivoire,2022-11-13,LOW
305,Costa Da Silva S.A.,TRANSPORT,Man,Côte d'Ivoire,2020-02-14,LOW
306,Roussel,E_COMMERCE,Abidjan,Côte d'Ivoire,2026-06-13,LOW
307,Roussel,CLOTHING,Korhogo,Côte d'Ivoire,2020-07-10,HIGH
308,Garcia,E_COMMERCE,Korhogo,Côte d'Ivoire,2023-11-13,LOW
309,Lejeune Bègue S.A.,PHARMACY,San Pedro,Côte d'Ivoire,2012-11-05,LOW
310,Aubry,TELECOM,Yamoussoukro,Côte d'Ivoire,2017-05-02,LOW
311,Delahaye,CLOTHING,San Pedro,Côte d'Ivoire,2012-12-10,LOW
312,Parent,TELECOM,Abidjan,Côte d'Ivoire,2026-03-12,LOW
313,Prévost,TRANSPORT,Yamoussoukro,Côte d'Ivoire,2022-03-28,LOW
314,Allard,RESTAURANT,Daloa,Côte d'Ivoire,2012-03-09,LOW
315,Huet et Fils,TRANSPORT,Man,Côte d'Ivoire,2023-03-21,LOW
316,Dumas,TRANSPORT,Daloa,Côte d'Ivoire,2024-04-12,MEDIUM
317,Gay SA,SUPERMARKET,San Pedro,Côte d'Ivoire,2024-07-05,LOW
318,Hebert S.A.,E_COMMERCE,Yamoussoukro,Côte d'Ivoire,2023-05-20,LOW
319,Leroy,TRANSPORT,Daloa,Côte d'Ivoire,2012-05-10,LOW
320,Lefèvre,SUPERMARKET,Man,Côte d'Ivoire,2016-07-25,MEDIUM
321,Besson,TELECOM,San Pedro,Côte d'Ivoire,2018-11-26,LOW
322,Moulin Laporte S.A.R.L.,ELECTRONICS,Yamoussoukro,Côte d'Ivoire,2021-03-15,LOW
323,Picard Roger SA,TELECOM,Man,Côte d'Ivoire,2021-12-11,LOW
324,Legendre,SUPERMARKET,Bouake,Côte d'Ivoire,2023-03-13,LOW
325,Mahe Guillon S.A.,PHARMACY,Yamoussoukro,Côte d'Ivoire,2015-07-11,LOW
326,Diaz,TELECOM,Abidjan,Côte d'Ivoire,2015-11-24,LOW
327,Adam,CLOTHING,Daloa,Côte d'Ivoire,2022-12-02,LOW
328,Turpin SARL,PHARMACY,Yamoussoukro,Côte d'Ivoire,2023-02-07,LOW
329,Legrand Pichon SARL,ELECTRONICS,San Pedro,Côte d'Ivoire,2021-07-28,LOW
330,Riou,RESTAURANT,San Pedro,Côte d'Ivoire,2018-10-17,MEDIUM
331,Pineau,PHARMACY,San Pedro,Côte d'Ivoire,2025-12-15,MEDIUM
332,Philippe,E_COMMERCE,Korhogo,Côte d'Ivoire,2018-02-13,MEDIUM
333,Gautier,TRANSPORT,Daloa,Côte d'Ivoire,2015-08-11,LOW
334,Masse,TELECOM,Bouake,Côte d'Ivoire,2017-09-06,LOW
335,Bonnin,PHARMACY,San Pedro,Côte d'Ivoire,2016-08-06,LOW
336,Delmas S.A.R.L.,CLOTHING,Korhogo,Côte d'Ivoire,2016-03-30,MEDIUM
337,Moreno et Fils,PHARMACY,Daloa,Côte d'Ivoire,2024-10-25,LOW
338,Seguin et Fils,TRANSPORT,Yamoussoukro,Côte d'Ivoire,2020-01-10,MEDIUM
339,Diallo,ELECTRONICS,Yamoussoukro,Côte d'Ivoire,2025-03-01,MEDIUM
340,Seguin Benard S.A.,E_COMMERCE,Man,Côte d'Ivoire,2022-05-28,LOW
341,Legendre Deschamps et Fils,CLOTHING,Korhogo,Côte d'Ivoire,2024-06-05,HIGH
342,Techer Pereira et Fils,TELECOM,Daloa,Côte d'Ivoire,2022-07-28,LOW
343,Ruiz S.A.R.L.,ELECTRONICS,San Pedro,Côte d'Ivoire,2012-02-22,LOW
344,Foucher,ELECTRONICS,Daloa,Côte d'Ivoire,2013-10-23,LOW
345,Collet SARL,TELECOM,Yamoussoukro,Côte d'Ivoire,2024-04-16,MEDIUM
346,Roger,FUEL_STATION,Korhogo,Côte d'Ivoire,2014-12-28,LOW
347,Gimenez Poulain S.A.S.,TRANSPORT,Abidjan,Côte d'Ivoire,2020-02-11,LOW
348,Gaillard,TELECOM,Man,Côte d'Ivoire,2015-12-12,MEDIUM
349,Collet,TRANSPORT,San Pedro,Côte d'Ivoire,2024-04-10,HIGH
350,Noël,PHARMACY,San Pedro,Côte d'Ivoire,2019-07-18,HIGH
351,Blanchard S.A.,PHARMACY,Korhogo,Côte d'Ivoire,2026-03-17,HIGH
352,Pascal,HOTEL,Daloa,Côte d'Ivoire,2017-10-18,LOW
353,Delaunay SA,TELECOM,Abidjan,Côte d'Ivoire,2016-01-28,LOW
354,De Sousa SARL,TELECOM,Abidjan,Côte d'Ivoire,2023-01-08,MEDIUM
355,Mary,TRANSPORT,Daloa,Côte d'Ivoire,2018-01-21,LOW
356,Nicolas,PHARMACY,Abidjan,Côte d'Ivoire,2023-01-21,LOW
357,Georges Laurent S.A.S.,E_COMMERCE,Yamoussoukro,Côte d'Ivoire,2021-02-15,LOW
358,Bourdon,TRANSPORT,Man,Côte d'Ivoire,2015-05-05,LOW
359,Bousquet S.A.R.L.,HOTEL,Daloa,Côte d'Ivoire,2023-07-03,LOW
360,Delahaye,ELECTRONICS,San Pedro,Côte d'Ivoire,2018-07-10,HIGH
361,Joly SA,TELECOM,Daloa,Côte d'Ivoire,2012-03-17,LOW
362,Teixeira,CLOTHING,Abidjan,Côte d'Ivoire,2013-07-20,LOW
363,Huet S.A.S.,E_COMMERCE,Bouake,Côte d'Ivoire,2013-11-18,MEDIUM
364,De Sousa,TRANSPORT,Abidjan,Côte d'Ivoire,2017-11-20,MEDIUM
365,Coste,RESTAURANT,San Pedro,Côte d'Ivoire,2024-03-15,LOW
366,Legros Bègue SA,E_COMMERCE,Abidjan,Côte d'Ivoire,2025-10-04,LOW
367,Chauvet,SUPERMARKET,Yamoussoukro,Côte d'Ivoire,2018-07-08,LOW
368,David,TRANSPORT,Bouake,Côte d'Ivoire,2023-04-27,LOW
369,Carpentier,TRANSPORT,Korhogo,Côte d'Ivoire,2019-02-13,LOW
370,Huet,PHARMACY,Bouake,Côte d'Ivoire,2026-02-16,LOW
371,Perrin,CLOTHING,Daloa,Côte d'Ivoire,2023-03-29,LOW
372,Devaux,FUEL_STATION,San Pedro,Côte d'Ivoire,2022-07-18,MEDIUM
373,Bonnet,PHARMACY,Bouake,Côte d'Ivoire,2018-05-07,LOW
374,Aubert,E_COMMERCE,San Pedro,Côte d'Ivoire,2013-08-27,LOW
375,Robin,SUPERMARKET,Daloa,Côte d'Ivoire,2022-11-07,LOW
376,Clerc Riou S.A.S.,E_COMMERCE,Man,Côte d'Ivoire,2011-12-09,LOW
377,Le Roux S.A.,RESTAURANT,San Pedro,Côte d'Ivoire,2013-09-19,MEDIUM
378,Muller Salmon S.A.S.,CLOTHING,Yamoussoukro,Côte d'Ivoire,2015-02-06,LOW
379,Rey Boulanger S.A.,TRANSPORT,Man,Côte d'Ivoire,2024-12-28,LOW
380,Baron S.A.,E_COMMERCE,Bouake,Côte d'Ivoire,2013-10-14,HIGH
381,Roger,TELECOM,Abidjan,Côte d'Ivoire,2013-06-12,LOW
382,Payet SA,CLOTHING,Yamoussoukro,Côte d'Ivoire,2017-09-02,LOW
383,Pruvost Breton SA,E_COMMERCE,Abidjan,Côte d'Ivoire,2014-07-16,HIGH
384,Roux,TRANSPORT,Yamoussoukro,Côte d'Ivoire,2013-09-24,LOW
385,Laine,SUPERMARKET,Korhogo,Côte d'Ivoire,2013-07-05,MEDIUM
386,Ollivier S.A.R.L.,E_COMMERCE,Daloa,Côte d'Ivoire,2024-10-23,MEDIUM
387,Blanchet,CLOTHING,Daloa,Côte d'Ivoire,2021-09-03,LOW
388,Sauvage S.A.S.,FUEL_STATION,Korhogo,Côte d'Ivoire,2015-05-06,LOW
389,Petitjean et Fils,PHARMACY,Man,Côte d'Ivoire,2020-06-12,LOW
390,Albert,SUPERMARKET,Yamoussoukro,Côte d'Ivoire,2022-07-09,MEDIUM
391,Bonnet S.A.R.L.,SUPERMARKET,Korhogo,Côte d'Ivoire,2025-12-27,LOW
392,Launay,PHARMACY,Abidjan,Côte d'Ivoire,2023-04-01,MEDIUM
393,Marin et Fils,HOTEL,Man,Côte d'Ivoire,2019-02-14,LOW
394,Faure SARL,FUEL_STATION,Bouake,Côte d'Ivoire,2021-12-03,MEDIUM
395,François Marchand SARL,HOTEL,Korhogo,Côte d'Ivoire,2022-03-13,LOW
396,Weber,E_COMMERCE,Daloa,Côte d'Ivoire,2021-09-27,LOW
397,De Sousa,TELECOM,Daloa,Côte d'Ivoire,2020-03-05,LOW
398,Perrin,HOTEL,Daloa,Côte d'Ivoire,2025-01-25,LOW
399,Bègue et Fils,RESTAURANT,Bouake,Côte d'Ivoire,2026-07-04,MEDIUM
400,Perret Sauvage S.A.,FUEL_STATION,Daloa,Côte d'Ivoire,2018-08-13,LOW
401,De Sousa,TRANSPORT,Daloa,Côte d'Ivoire,2018-05-11,MEDIUM
402,Chauveau,HOTEL,Abidjan,Côte d'Ivoire,2013-03-11,MEDIUM
403,Launay,SUPERMARKET,Yamoussoukro,Côte d'Ivoire,2016-11-21,LOW
404,Besson,TELECOM,Yamoussoukro,Côte d'Ivoire,2014-03-04,LOW
405,Mercier,E_COMMERCE,Korhogo,Côte d'Ivoire,2013-02-15,LOW
406,Morin S.A.R.L.,HOTEL,Abidjan,Côte d'Ivoire,2013-03-21,LOW
407,Dumont,TELECOM,Abidjan,Côte d'Ivoire,2021-01-15,LOW
408,Coste S.A.S.,ELECTRONICS,Yamoussoukro,Côte d'Ivoire,2021-02-17,MEDIUM
409,Leconte,FUEL_STATION,Man,Côte d'Ivoire,2013-08-27,LOW
410,Monnier,TELECOM,Man,Côte d'Ivoire,2026-06-09,LOW
411,Mace,TRANSPORT,Abidjan,Côte d'Ivoire,2012-06-13,LOW
412,Brunel,SUPERMARKET,Yamoussoukro,Côte d'Ivoire,2016-11-21,HIGH
413,Duval,RESTAURANT,Abidjan,Côte d'Ivoire,2021-05-29,LOW
414,Meyer Descamps S.A.R.L.,ELECTRONICS,Bouake,Côte d'Ivoire,2015-05-23,LOW
415,Marty S.A.S.,HOTEL,Man,Côte d'Ivoire,2017-10-29,MEDIUM
416,Ledoux SARL,ELECTRONICS,San Pedro,Côte d'Ivoire,2021-05-05,LOW
417,Gilbert Guilbert S.A.S.,PHARMACY,San Pedro,Côte d'Ivoire,2022-01-05,LOW
418,Raynaud et Fils,TELECOM,Korhogo,Côte d'Ivoire,2025-09-08,LOW
419,Leroy,E_COMMERCE,Abidjan,Côte d'Ivoire,2014-08-24,LOW
420,Boutin,FUEL_STATION,San Pedro,Côte d'Ivoire,2024-07-18,LOW
421,Maillot,FUEL_STATION,Daloa,Côte d'Ivoire,2017-07-19,LOW
422,Arnaud S.A.,HOTEL,Korhogo,Côte d'Ivoire,2021-03-17,MEDIUM
423,Muller,HOTEL,Abidjan,Côte d'Ivoire,2013-12-27,LOW
424,Robin et Fils,FUEL_STATION,Abidjan,Côte d'Ivoire,2020-08-07,MEDIUM
425,Mallet Humbert S.A.R.L.,TELECOM,Abidjan,Côte d'Ivoire,2017-05-17,LOW
426,Lemaître Langlois et Fils,CLOTHING,Abidjan,Côte d'Ivoire,2017-02-03,LOW
427,Roux S.A.,HOTEL,Bouake,Côte d'Ivoire,2014-04-03,HIGH
428,Parent SA,CLOTHING,Bouake,Côte d'Ivoire,2016-03-15,LOW
429,Peltier,ELECTRONICS,Bouake,Côte d'Ivoire,2018-10-15,LOW
430,Seguin,FUEL_STATION,Yamoussoukro,Côte d'Ivoire,2019-02-04,MEDIUM
431,Maillard,CLOTHING,Abidjan,Côte d'Ivoire,2015-03-30,LOW
432,Barre S.A.R.L.,PHARMACY,Bouake,Côte d'Ivoire,2013-06-18,LOW
433,Potier,PHARMACY,Abidjan,Côte d'Ivoire,2023-02-12,LOW
434,Laine,SUPERMARKET,Bouake,Côte d'Ivoire,2022-12-04,LOW
435,Lambert,FUEL_STATION,Korhogo,Côte d'Ivoire,2015-04-30,LOW
436,Joseph,PHARMACY,Yamoussoukro,Côte d'Ivoire,2012-07-04,LOW
437,Martins SARL,TRANSPORT,Korhogo,Côte d'Ivoire,2015-03-03,LOW
438,Salmon Adam SARL,RESTAURANT,San Pedro,Côte d'Ivoire,2017-02-26,LOW
439,Robert S.A.R.L.,HOTEL,Korhogo,Côte d'Ivoire,2024-04-13,LOW
440,Roger,TELECOM,Korhogo,Côte d'Ivoire,2013-10-09,LOW
441,Rossi,CLOTHING,Abidjan,Côte d'Ivoire,2023-07-19,MEDIUM
442,Charrier Vaillant et Fils,ELECTRONICS,Yamoussoukro,Côte d'Ivoire,2025-04-16,LOW
443,Guérin,SUPERMARKET,Abidjan,Côte d'Ivoire,2018-05-01,HIGH
444,Nguyen SA,TRANSPORT,San Pedro,Côte d'Ivoire,2019-05-25,LOW
445,Bouvier S.A.S.,TELECOM,Man,Côte d'Ivoire,2018-11-17,MEDIUM
446,Lacombe,RESTAURANT,Abidjan,Côte d'Ivoire,2022-06-19,LOW
447,Charpentier,PHARMACY,Abidjan,Côte d'Ivoire,2013-07-14,LOW
448,Lefebvre,CLOTHING,Man,Côte d'Ivoire,2017-02-06,LOW
449,Maurice Jacques et Fils,HOTEL,San Pedro,Côte d'Ivoire,2017-09-24,HIGH
450,Nguyen SA,ELECTRONICS,Yamoussoukro,Côte d'Ivoire,2015-09-18,LOW
451,Pruvost,CLOTHING,San Pedro,Côte d'Ivoire,2018-05-22,LOW
452,Delaunay SARL,RESTAURANT,Daloa,Côte d'Ivoire,2024-04-06,LOW
453,Louis,ELECTRONICS,Man,Côte d'Ivoire,2017-03-29,MEDIUM
454,Garnier Gros et Fils,TRANSPORT,San Pedro,Côte d'Ivoire,2013-07-07,MEDIUM
455,Diallo Lévêque SARL,TRANSPORT,Yamoussoukro,Côte d'Ivoire,2023-12-13,MEDIUM
456,Huet Henry S.A.,TRANSPORT,San Pedro,Côte d'Ivoire,2015-12-06,MEDIUM
457,Giraud Marion S.A.,HOTEL,San Pedro,Côte d'Ivoire,2024-07-04,LOW
458,Schmitt et Fils,E_COMMERCE,Yamoussoukro,Côte d'Ivoire,2019-12-25,HIGH
459,Faivre,TELECOM,Abidjan,Côte d'Ivoire,2021-03-01,LOW
460,Bazin,RESTAURANT,Abidjan,Côte d'Ivoire,2021-03-06,LOW
461,Techer,HOTEL,Daloa,Côte d'Ivoire,2016-12-14,LOW
462,Besnard Mercier S.A.R.L.,SUPERMARKET,Korhogo,Côte d'Ivoire,2019-02-05,HIGH
463,Paris,ELECTRONICS,Yamoussoukro,Côte d'Ivoire,2021-08-20,LOW
464,Benard S.A.S.,TRANSPORT,Yamoussoukro,Côte d'Ivoire,2012-11-02,MEDIUM
465,Pinto,TRANSPORT,Daloa,Côte d'Ivoire,2019-04-07,MEDIUM
466,Boyer SARL,SUPERMARKET,Yamoussoukro,Côte d'Ivoire,2025-09-21,LOW
467,Garnier,HOTEL,Abidjan,Côte d'Ivoire,2022-07-17,LOW
468,Bonneau S.A.S.,FUEL_STATION,Bouake,Côte d'Ivoire,2020-03-14,LOW
469,Pinto,FUEL_STATION,Daloa,Côte d'Ivoire,2021-06-13,LOW
470,Lebreton S.A.S.,ELECTRONICS,Yamoussoukro,Côte d'Ivoire,2022-08-31,LOW
471,Lebrun Texier S.A.R.L.,E_COMMERCE,Korhogo,Côte d'Ivoire,2020-02-08,LOW
472,Bonnet Lebreton SA,TRANSPORT,Daloa,Côte d'Ivoire,2025-05-16,LOW
473,Delannoy,CLOTHING,Korhogo,Côte d'Ivoire,2013-01-04,LOW
474,Fournier Hoarau et Fils,ELECTRONICS,Abidjan,Côte d'Ivoire,2019-01-09,LOW
475,Hardy,E_COMMERCE,Abidjan,Côte d'Ivoire,2020-06-20,LOW
476,Marchal Guichard SARL,E_COMMERCE,Yamoussoukro,Côte d'Ivoire,2018-03-02,LOW
477,Becker,PHARMACY,Daloa,Côte d'Ivoire,2017-05-01,LOW
478,Lefort et Fils,TRANSPORT,Abidjan,Côte d'Ivoire,2017-04-08,LOW
479,Boulanger SA,SUPERMARKET,Abidjan,Côte d'Ivoire,2021-01-25,MEDIUM
480,Jacquet,FUEL_STATION,San Pedro,Côte d'Ivoire,2015-11-11,LOW
481,Le Roux Faure S.A.S.,HOTEL,Bouake,Côte d'Ivoire,2022-11-12,LOW
482,Marty Ruiz et Fils,HOTEL,Daloa,Côte d'Ivoire,2023-06-17,MEDIUM
483,Dumont,CLOTHING,Abidjan,Côte d'Ivoire,2021-09-12,MEDIUM
484,Ruiz S.A.S.,PHARMACY,Bouake,Côte d'Ivoire,2017-12-25,MEDIUM
485,Rodriguez,SUPERMARKET,Man,Côte d'Ivoire,2022-12-22,LOW
486,Imbert et Fils,TELECOM,Man,Côte d'Ivoire,2018-10-11,LOW
487,Moreau,CLOTHING,San Pedro,Côte d'Ivoire,2017-09-29,LOW
488,Arnaud,FUEL_STATION,Daloa,Côte d'Ivoire,2015-03-21,LOW
489,Gosselin,HOTEL,San Pedro,Côte d'Ivoire,2019-11-06,LOW
490,Jean Dos Santos S.A.,CLOTHING,San Pedro,Côte d'Ivoire,2012-11-20,LOW
491,Roussel,E_COMMERCE,Abidjan,Côte d'Ivoire,2020-03-18,LOW
492,Peltier SARL,CLOTHING,Abidjan,Côte d'Ivoire,2026-06-26,LOW
493,Godard Mallet S.A.,E_COMMERCE,Bouake,Côte d'Ivoire,2014-05-03,MEDIUM
494,Jacquot Pires S.A.S.,E_COMMERCE,Yamoussoukro,Côte d'Ivoire,2025-05-04,LOW
495,Mace Navarro SA,SUPERMARKET,San Pedro,Côte d'Ivoire,2018-07-25,MEDIUM
496,Labbé,PHARMACY,Bouake,Côte d'Ivoire,2023-10-26,LOW
497,Hebert Bourdon SARL,FUEL_STATION,Korhogo,Côte d'Ivoire,2024-05-17,LOW
498,Rey,HOTEL,Abidjan,Côte d'Ivoire,2020-08-29,LOW
499,Ruiz Lelièvre S.A.,SUPERMARKET,San Pedro,Côte d'Ivoire,2017-10-31,LOW
500,Pinto,RESTAURANT,Daloa,Côte d'Ivoire,2024-08-31,LOW
501,Merle,TRANSPORT,Korhogo,Côte d'Ivoire,2018-01-26,LOW
502,Renard,TRANSPORT,Yamoussoukro,Côte d'Ivoire,2025-06-21,LOW
503,Texier Dos Santos SARL,SUPERMARKET,Yamoussoukro,Côte d'Ivoire,2012-06-18,LOW
504,Guichard,CLOTHING,San Pedro,Côte d'Ivoire,2021-01-03,MEDIUM
505,Mendès S.A.S.,HOTEL,Abidjan,Côte d'Ivoire,2026-01-20,LOW
506,Jacquet SA,RESTAURANT,Bouake,Côte d'Ivoire,2024-07-22,LOW
507,Maillard Lebreton S.A.S.,TRANSPORT,Korhogo,Côte d'Ivoire,2014-01-30,LOW
508,Robin,E_COMMERCE,Man,Côte d'Ivoire,2015-05-09,LOW
509,Lévêque,HOTEL,Daloa,Côte d'Ivoire,2012-01-11,LOW
510,Vincent,ELECTRONICS,Man,Côte d'Ivoire,2018-04-27,LOW
511,Huet,ELECTRONICS,Bouake,Côte d'Ivoire,2018-02-22,MEDIUM
512,Besson S.A.,HOTEL,Yamoussoukro,Côte d'Ivoire,2012-01-21,MEDIUM
513,Perrin,PHARMACY,Bouake,Côte d'Ivoire,2025-11-07,LOW
514,Rodrigues,E_COMMERCE,Bouake,Côte d'Ivoire,2013-12-01,LOW
515,Renault S.A.R.L.,PHARMACY,Daloa,Côte d'Ivoire,2023-06-02,MEDIUM
516,Thierry Munoz S.A.R.L.,RESTAURANT,Bouake,Côte d'Ivoire,2019-03-17,HIGH
517,Chevalier SA,TELECOM,San Pedro,Côte d'Ivoire,2015-12-06,MEDIUM
518,Gérard Lévy et Fils,CLOTHING,San Pedro,Côte d'Ivoire,2021-12-07,LOW
519,Masson,CLOTHING,Man,Côte d'Ivoire,2024-10-11,LOW
520,Gomez,CLOTHING,Yamoussoukro,Côte d'Ivoire,2016-09-12,MEDIUM
521,Rousseau S.A.,HOTEL,Bouake,Côte d'Ivoire,2018-09-19,LOW
522,Andre,TELECOM,San Pedro,Côte d'Ivoire,2013-06-17,LOW
523,Godard,E_COMMERCE,Korhogo,Côte d'Ivoire,2020-09-10,LOW
524,Lefort S.A.S.,ELECTRONICS,Abidjan,Côte d'Ivoire,2021-05-11,LOW
525,Wagner Meunier SARL,TELECOM,Abidjan,Côte d'Ivoire,2018-11-17,LOW
526,Bonneau SARL,E_COMMERCE,Abidjan,Côte d'Ivoire,2015-09-01,LOW
527,Lemoine,RESTAURANT,Korhogo,Côte d'Ivoire,2022-11-17,LOW
528,Hardy SARL,TRANSPORT,San Pedro,Côte d'Ivoire,2012-09-22,LOW
529,Perrier S.A.R.L.,SUPERMARKET,San Pedro,Côte d'Ivoire,2012-04-25,MEDIUM
530,Besson,CLOTHING,Man,Côte d'Ivoire,2015-11-22,LOW
531,Hamon SA,CLOTHING,San Pedro,Côte d'Ivoire,2017-06-10,LOW
532,Peron Descamps et Fils,SUPERMARKET,San Pedro,Côte d'Ivoire,2013-05-04,LOW
533,Lucas,HOTEL,Man,Côte d'Ivoire,2012-04-30,LOW
534,Morvan,PHARMACY,Abidjan,Côte d'Ivoire,2017-05-02,LOW
535,Merle Pottier S.A.R.L.,TELECOM,San Pedro,Côte d'Ivoire,2023-05-28,LOW
536,Lefort,CLOTHING,Bouake,Côte d'Ivoire,2014-09-04,LOW
537,Andre Auger S.A.R.L.,E_COMMERCE,San Pedro,Côte d'Ivoire,2012-03-15,LOW
538,Renaud,HOTEL,Man,Côte d'Ivoire,2012-04-27,LOW
539,Dupont Gomes SARL,HOTEL,Abidjan,Côte d'Ivoire,2020-05-05,LOW
540,Devaux,ELECTRONICS,Man,Côte d'Ivoire,2019-08-18,LOW
541,Da Silva,E_COMMERCE,Man,Côte d'Ivoire,2024-05-22,MEDIUM
542,Renault Hamon SA,CLOTHING,Daloa,Côte d'Ivoire,2026-04-21,LOW
543,Maillard,RESTAURANT,Korhogo,Côte d'Ivoire,2013-09-10,LOW
544,Nguyen,HOTEL,Yamoussoukro,Côte d'Ivoire,2018-05-19,HIGH
545,Collin,TRANSPORT,Bouake,Côte d'Ivoire,2017-05-05,LOW
546,Mahe Jacquot S.A.R.L.,RESTAURANT,Yamoussoukro,Côte d'Ivoire,2017-10-28,LOW
547,Perez,HOTEL,Daloa,Côte d'Ivoire,2023-12-11,LOW
548,Chevalier,ELECTRONICS,Abidjan,Côte d'Ivoire,2018-11-25,LOW
549,Morvan Cousin SARL,TRANSPORT,Korhogo,Côte d'Ivoire,2013-04-27,LOW
550,Millet et Fils,HOTEL,Yamoussoukro,Côte d'Ivoire,2016-08-09,LOW
551,Cohen,FUEL_STATION,Yamoussoukro,Côte d'Ivoire,2021-10-29,MEDIUM
552,Brun,TELECOM,Bouake,Côte d'Ivoire,2023-04-24,LOW
553,Marty,PHARMACY,Bouake,Côte d'Ivoire,2019-03-08,LOW
554,Petitjean SARL,RESTAURANT,Korhogo,Côte d'Ivoire,2022-01-13,MEDIUM
555,Paris,ELECTRONICS,Abidjan,Côte d'Ivoire,2022-06-15,LOW
556,Sanchez et Fils,CLOTHING,Bouake,Côte d'Ivoire,2022-06-03,LOW
557,Marchal,PHARMACY,Bouake,Côte d'Ivoire,2020-04-21,LOW
558,Martinez Meunier S.A.S.,CLOTHING,Daloa,Côte d'Ivoire,2023-02-10,MEDIUM
559,Fontaine,TELECOM,Abidjan,Côte d'Ivoire,2013-09-21,LOW
560,Huet et Fils,FUEL_STATION,San Pedro,Côte d'Ivoire,2017-10-22,LOW
561,Jacob,TELECOM,Bouake,Côte d'Ivoire,2021-03-23,LOW
562,Texier S.A.,E_COMMERCE,Daloa,Côte d'Ivoire,2023-02-16,MEDIUM
563,Lemaître,FUEL_STATION,Yamoussoukro,Côte d'Ivoire,2017-11-26,LOW
564,Ledoux,CLOTHING,San Pedro,Côte d'Ivoire,2012-11-18,LOW
565,Laporte Poulain S.A.R.L.,E_COMMERCE,Daloa,Côte d'Ivoire,2016-12-03,LOW
566,Menard,ELECTRONICS,San Pedro,Côte d'Ivoire,2013-07-03,HIGH
567,Guyon S.A.,FUEL_STATION,Daloa,Côte d'Ivoire,2020-01-24,LOW
568,Guilbert,E_COMMERCE,Abidjan,Côte d'Ivoire,2013-07-30,LOW
569,Becker,HOTEL,Korhogo,Côte d'Ivoire,2016-01-02,MEDIUM
570,Benoit,ELECTRONICS,Daloa,Côte d'Ivoire,2021-12-26,LOW
571,Lemonnier,RESTAURANT,Daloa,Côte d'Ivoire,2019-12-07,LOW
572,Rivière Dufour SA,TELECOM,Korhogo,Côte d'Ivoire,2019-04-07,LOW
573,Delannoy Hebert SA,TRANSPORT,Abidjan,Côte d'Ivoire,2025-05-13,MEDIUM
574,Martineau,FUEL_STATION,Daloa,Côte d'Ivoire,2017-06-26,LOW
575,Dias S.A.S.,HOTEL,Abidjan,Côte d'Ivoire,2016-07-07,LOW
576,Barbier,TRANSPORT,Korhogo,Côte d'Ivoire,2023-09-08,LOW
577,Étienne Grégoire S.A.,TRANSPORT,Abidjan,Côte d'Ivoire,2013-08-22,LOW
578,Joly Gomez S.A.R.L.,SUPERMARKET,Yamoussoukro,Côte d'Ivoire,2012-01-09,MEDIUM
579,Lenoir,HOTEL,Daloa,Côte d'Ivoire,2021-04-24,LOW
580,Bigot,SUPERMARKET,Yamoussoukro,Côte d'Ivoire,2025-03-31,MEDIUM
581,Raymond Fernandez SA,TELECOM,Man,Côte d'Ivoire,2016-11-01,MEDIUM
582,Wagner,TELECOM,San Pedro,Côte d'Ivoire,2023-10-21,LOW
583,Laine,RESTAURANT,Abidjan,Côte d'Ivoire,2018-07-25,LOW
584,Bruneau,PHARMACY,Korhogo,Côte d'Ivoire,2012-10-30,MEDIUM
585,Prévost Clerc SA,CLOTHING,Korhogo,Côte d'Ivoire,2019-03-26,LOW
586,Bazin,E_COMMERCE,Bouake,Côte d'Ivoire,2020-05-17,LOW
587,Rodriguez,SUPERMARKET,Bouake,Côte d'Ivoire,2026-07-06,LOW
588,Lecoq Dumont S.A.R.L.,CLOTHING,San Pedro,Côte d'Ivoire,2020-02-17,LOW
589,Denis S.A.S.,TELECOM,Korhogo,Côte d'Ivoire,2014-03-06,LOW
590,Gaillard,ELECTRONICS,Korhogo,Côte d'Ivoire,2014-05-01,LOW
591,Lacombe,PHARMACY,Yamoussoukro,Côte d'Ivoire,2015-05-31,LOW
592,Paul,CLOTHING,Yamoussoukro,Côte d'Ivoire,2016-05-29,LOW
593,Deschamps S.A.,TRANSPORT,Bouake,Côte d'Ivoire,2022-05-19,LOW
594,Marchand,RESTAURANT,Korhogo,Côte d'Ivoire,2022-03-17,HIGH
595,Bonneau,RESTAURANT,Korhogo,Côte d'Ivoire,2020-08-25,LOW
596,Gaudin et Fils,ELECTRONICS,Korhogo,Côte d'Ivoire,2014-06-11,LOW
597,Picard Delmas S.A.S.,TELECOM,Abidjan,Côte d'Ivoire,2023-11-01,LOW
598,Thibault,HOTEL,Yamoussoukro,Côte d'Ivoire,2012-04-10,MEDIUM
599,Faure SA,HOTEL,Daloa,Côte d'Ivoire,2022-06-27,LOW
600,Gilles,FUEL_STATION,Man,Côte d'Ivoire,2015-02-28,LOW
601,Maurice,RESTAURANT,Daloa,Côte d'Ivoire,2022-06-12,LOW
602,Mahe et Fils,HOTEL,Bouake,Côte d'Ivoire,2020-11-09,LOW
603,Clerc,ELECTRONICS,Yamoussoukro,Côte d'Ivoire,2016-09-18,MEDIUM
604,Moulin,PHARMACY,Daloa,Côte d'Ivoire,2025-04-07,MEDIUM
605,Léger,TELECOM,Man,Côte d'Ivoire,2019-04-17,LOW
606,Lagarde SA,PHARMACY,Daloa,Côte d'Ivoire,2014-04-07,LOW
607,Legros,TELECOM,Abidjan,Côte d'Ivoire,2019-10-25,LOW
608,Martins,SUPERMARKET,Daloa,Côte d'Ivoire,2017-05-12,LOW
609,Bouvier Wagner SARL,SUPERMARKET,Yamoussoukro,Côte d'Ivoire,2024-01-25,MEDIUM
610,Alexandre,ELECTRONICS,San Pedro,Côte d'Ivoire,2013-10-19,HIGH
611,Buisson,ELECTRONICS,San Pedro,Côte d'Ivoire,2021-02-16,LOW
612,Julien S.A.,FUEL_STATION,Yamoussoukro,Côte d'Ivoire,2019-07-06,LOW
613,Da Costa S.A.R.L.,SUPERMARKET,Daloa,Côte d'Ivoire,2015-10-17,LOW
614,Pereira Girard SARL,E_COMMERCE,Abidjan,Côte d'Ivoire,2018-02-10,MEDIUM
615,Menard,TRANSPORT,San Pedro,Côte d'Ivoire,2026-04-18,MEDIUM
616,Millet Verdier et Fils,TRANSPORT,Yamoussoukro,Côte d'Ivoire,2016-11-23,HIGH
617,Ledoux Leroux S.A.R.L.,TELECOM,Man,Côte d'Ivoire,2020-05-01,LOW
618,Didier,ELECTRONICS,Yamoussoukro,Côte d'Ivoire,2026-07-13,MEDIUM
619,Mahe,TRANSPORT,Abidjan,Côte d'Ivoire,2011-12-21,LOW
620,Carlier S.A.S.,PHARMACY,Korhogo,Côte d'Ivoire,2019-05-10,LOW
621,Fabre Guillon SARL,RESTAURANT,Abidjan,Côte d'Ivoire,2012-05-27,LOW
622,Carre S.A.R.L.,E_COMMERCE,Yamoussoukro,Côte d'Ivoire,2021-09-27,LOW
623,Renault,TRANSPORT,Bouake,Côte d'Ivoire,2020-09-14,LOW
624,Nicolas S.A.R.L.,HOTEL,San Pedro,Côte d'Ivoire,2013-11-08,LOW
625,Petitjean,HOTEL,Korhogo,Côte d'Ivoire,2017-10-18,HIGH
626,Poulain,E_COMMERCE,Man,Côte d'Ivoire,2012-05-06,HIGH
627,Roux,SUPERMARKET,Abidjan,Côte d'Ivoire,2021-04-11,LOW
628,Étienne Lenoir SARL,TRANSPORT,Yamoussoukro,Côte d'Ivoire,2012-10-28,LOW
629,Bodin,PHARMACY,Abidjan,Côte d'Ivoire,2019-03-28,LOW
630,Ferrand,CLOTHING,Man,Côte d'Ivoire,2023-02-24,MEDIUM
631,Rodriguez SA,SUPERMARKET,Bouake,Côte d'Ivoire,2018-04-11,LOW
632,Maillot,HOTEL,Yamoussoukro,Côte d'Ivoire,2021-01-24,LOW
633,Faivre,CLOTHING,Abidjan,Côte d'Ivoire,2014-01-11,LOW
634,Marion Grégoire S.A.R.L.,TELECOM,Yamoussoukro,Côte d'Ivoire,2020-01-31,LOW
635,Lambert SA,RESTAURANT,Korhogo,Côte d'Ivoire,2013-11-27,LOW
636,Reynaud,HOTEL,San Pedro,Côte d'Ivoire,2020-05-30,LOW
637,Gérard,E_COMMERCE,Bouake,Côte d'Ivoire,2021-11-21,HIGH
638,Millet Raymond SARL,SUPERMARKET,Man,Côte d'Ivoire,2014-05-04,LOW
639,Chauvet,ELECTRONICS,San Pedro,Côte d'Ivoire,2024-02-25,MEDIUM
640,Allain,RESTAURANT,Yamoussoukro,Côte d'Ivoire,2017-04-19,MEDIUM
641,Neveu,TELECOM,Bouake,Côte d'Ivoire,2021-02-24,HIGH
642,Ollivier,E_COMMERCE,Man,Côte d'Ivoire,2025-06-14,MEDIUM
643,Tessier SARL,TELECOM,Bouake,Côte d'Ivoire,2023-01-14,LOW
644,Delattre S.A.S.,RESTAURANT,San Pedro,Côte d'Ivoire,2016-10-22,LOW
645,Godard S.A.R.L.,TELECOM,Abidjan,Côte d'Ivoire,2016-02-03,MEDIUM
646,Mace Roux S.A.S.,HOTEL,Man,Côte d'Ivoire,2019-10-01,LOW
647,Hardy Lombard et Fils,RESTAURANT,Korhogo,Côte d'Ivoire,2022-02-12,LOW
648,Caron,E_COMMERCE,Daloa,Côte d'Ivoire,2025-07-21,LOW
649,David Baudry et Fils,PHARMACY,Daloa,Côte d'Ivoire,2013-06-11,LOW
650,Moreau Besnard SARL,FUEL_STATION,Abidjan,Côte d'Ivoire,2018-09-13,HIGH
651,Pasquier Blot S.A.,PHARMACY,Bouake,Côte d'Ivoire,2018-07-22,MEDIUM
652,Guyon,SUPERMARKET,Yamoussoukro,Côte d'Ivoire,2023-12-13,LOW
653,Munoz S.A.,HOTEL,San Pedro,Côte d'Ivoire,2020-05-25,MEDIUM
654,Guilbert Germain et Fils,ELECTRONICS,Bouake,Côte d'Ivoire,2019-09-18,LOW
655,Bouvier,RESTAURANT,Abidjan,Côte d'Ivoire,2014-07-10,LOW
656,Rossi,TELECOM,Korhogo,Côte d'Ivoire,2017-05-26,LOW
657,Labbé,TRANSPORT,Daloa,Côte d'Ivoire,2024-09-15,LOW
658,Bourdon,PHARMACY,Yamoussoukro,Côte d'Ivoire,2019-10-24,LOW
659,Hoarau Lopes S.A.S.,TELECOM,San Pedro,Côte d'Ivoire,2016-08-26,LOW
660,Léger Pires SARL,HOTEL,Bouake,Côte d'Ivoire,2023-07-27,MEDIUM
661,Blot Fischer S.A.R.L.,ELECTRONICS,Man,Côte d'Ivoire,2016-12-20,LOW
662,Lévêque,PHARMACY,San Pedro,Côte d'Ivoire,2021-02-09,LOW
663,Hervé,SUPERMARKET,Daloa,Côte d'Ivoire,2013-08-25,LOW
664,Delaunay,PHARMACY,Yamoussoukro,Côte d'Ivoire,2025-07-01,LOW
665,Leleu,HOTEL,Man,Côte d'Ivoire,2025-04-06,LOW
666,Charpentier Dupont SARL,ELECTRONICS,Yamoussoukro,Côte d'Ivoire,2023-09-22,MEDIUM
667,Perrot S.A.R.L.,E_COMMERCE,Bouake,Côte d'Ivoire,2022-09-26,LOW
668,Letellier,ELECTRONICS,Yamoussoukro,Côte d'Ivoire,2019-09-22,LOW
669,Renaud Tanguy SARL,E_COMMERCE,Korhogo,Côte d'Ivoire,2021-02-19,LOW
670,Dos Santos,ELECTRONICS,Man,Côte d'Ivoire,2013-06-07,LOW
671,Berger Girard et Fils,CLOTHING,Bouake,Côte d'Ivoire,2020-08-10,LOW
672,Diaz Rey SA,CLOTHING,Man,Côte d'Ivoire,2013-04-12,MEDIUM
673,Rémy,HOTEL,Daloa,Côte d'Ivoire,2023-10-12,MEDIUM
674,Roussel,SUPERMARKET,Daloa,Côte d'Ivoire,2023-03-01,MEDIUM
675,Thomas Dias S.A.,RESTAURANT,Abidjan,Côte d'Ivoire,2018-07-01,MEDIUM
676,Martel,CLOTHING,Yamoussoukro,Côte d'Ivoire,2022-08-23,LOW
677,Boulay Hervé SARL,CLOTHING,San Pedro,Côte d'Ivoire,2016-06-06,LOW
678,Lecoq SA,SUPERMARKET,San Pedro,Côte d'Ivoire,2022-09-03,MEDIUM
679,Joubert Rousset et Fils,ELECTRONICS,Yamoussoukro,Côte d'Ivoire,2026-01-15,LOW
680,Roger S.A.R.L.,E_COMMERCE,San Pedro,Côte d'Ivoire,2025-10-28,LOW
681,Da Silva Chauvin S.A.R.L.,TRANSPORT,Yamoussoukro,Côte d'Ivoire,2014-09-29,LOW
682,Morel,SUPERMARKET,Bouake,Côte d'Ivoire,2011-09-25,LOW
683,Duhamel,TELECOM,San Pedro,Côte d'Ivoire,2021-10-30,LOW
684,Daniel SARL,CLOTHING,Bouake,Côte d'Ivoire,2019-04-22,LOW
685,Lucas,HOTEL,Man,Côte d'Ivoire,2026-01-20,HIGH
686,Maillard,HOTEL,San Pedro,Côte d'Ivoire,2014-11-09,LOW
687,Rémy S.A.,HOTEL,Korhogo,Côte d'Ivoire,2024-01-06,LOW
688,Jourdan,HOTEL,Bouake,Côte d'Ivoire,2015-12-14,LOW
689,Garcia Gallet SARL,E_COMMERCE,San Pedro,Côte d'Ivoire,2025-01-10,LOW
690,Duhamel,RESTAURANT,Abidjan,Côte d'Ivoire,2023-01-18,LOW
691,Roger Bourdon et Fils,TRANSPORT,Daloa,Côte d'Ivoire,2018-06-22,LOW
692,Buisson,FUEL_STATION,Daloa,Côte d'Ivoire,2017-02-25,MEDIUM
693,Maréchal et Fils,HOTEL,Korhogo,Côte d'Ivoire,2013-03-13,MEDIUM
694,Joly Martel SARL,FUEL_STATION,Daloa,Côte d'Ivoire,2015-10-18,LOW
695,Bertin S.A.R.L.,ELECTRONICS,San Pedro,Côte d'Ivoire,2015-08-01,LOW
696,Chrétien,E_COMMERCE,San Pedro,Côte d'Ivoire,2016-02-13,LOW
697,Hernandez,TRANSPORT,Korhogo,Côte d'Ivoire,2021-06-26,LOW
698,Bertin et Fils,FUEL_STATION,Bouake,Côte d'Ivoire,2017-09-10,LOW
699,Bonnet Martineau SA,SUPERMARKET,Abidjan,Côte d'Ivoire,2019-06-29,LOW
700,Leroux,CLOTHING,Daloa,Côte d'Ivoire,2018-06-22,LOW
701,Blot,TELECOM,Yamoussoukro,Côte d'Ivoire,2013-07-28,LOW
702,Tessier,RESTAURANT,San Pedro,Côte d'Ivoire,2022-01-12,LOW
703,Vasseur Lucas S.A.R.L.,E_COMMERCE,Man,Côte d'Ivoire,2014-03-07,LOW
704,Letellier,TRANSPORT,Yamoussoukro,Côte d'Ivoire,2021-11-17,LOW
705,Legros,SUPERMARKET,Korhogo,Côte d'Ivoire,2023-07-08,LOW
706,Boulay,HOTEL,Korhogo,Côte d'Ivoire,2020-09-20,LOW
707,Ledoux Hoarau et Fils,TRANSPORT,Korhogo,Côte d'Ivoire,2024-05-31,LOW
708,Laine S.A.R.L.,ELECTRONICS,Yamoussoukro,Côte d'Ivoire,2020-07-23,MEDIUM
709,Garnier,CLOTHING,Man,Côte d'Ivoire,2021-03-04,LOW
710,Bonnet S.A.S.,PHARMACY,Abidjan,Côte d'Ivoire,2020-03-04,LOW
711,Baudry Regnier S.A.,HOTEL,Korhogo,Côte d'Ivoire,2014-05-17,MEDIUM
712,Dijoux,PHARMACY,Bouake,Côte d'Ivoire,2019-02-03,LOW
713,Bazin S.A.,TRANSPORT,Korhogo,Côte d'Ivoire,2023-10-09,LOW
714,Robin,SUPERMARKET,Bouake,Côte d'Ivoire,2020-04-04,MEDIUM
715,Lefèvre,TELECOM,Korhogo,Côte d'Ivoire,2019-04-16,LOW
716,Blanchet Legros S.A.R.L.,CLOTHING,Korhogo,Côte d'Ivoire,2021-03-03,LOW
717,Vaillant S.A.R.L.,CLOTHING,Yamoussoukro,Côte d'Ivoire,2023-01-08,LOW
718,Ramos,CLOTHING,Man,Côte d'Ivoire,2011-12-12,MEDIUM
719,Adam,CLOTHING,Yamoussoukro,Côte d'Ivoire,2025-06-19,LOW
720,Vallet S.A.,ELECTRONICS,Korhogo,Côte d'Ivoire,2021-05-31,LOW
721,Lambert S.A.R.L.,CLOTHING,Yamoussoukro,Côte d'Ivoire,2017-06-08,LOW
722,Allard SA,SUPERMARKET,Yamoussoukro,Côte d'Ivoire,2012-09-30,LOW
723,David,RESTAURANT,San Pedro,Côte d'Ivoire,2016-06-16,LOW
724,Arnaud,SUPERMARKET,Korhogo,Côte d'Ivoire,2024-08-28,LOW
725,Gosselin Clerc et Fils,CLOTHING,Korhogo,Côte d'Ivoire,2022-07-25,LOW
726,Besson,SUPERMARKET,Korhogo,Côte d'Ivoire,2018-01-30,LOW
727,Hoareau,ELECTRONICS,Man,Côte d'Ivoire,2017-12-19,MEDIUM
728,Normand et Fils,TRANSPORT,Bouake,Côte d'Ivoire,2026-06-15,MEDIUM
729,Guibert Lévêque SA,FUEL_STATION,Abidjan,Côte d'Ivoire,2014-08-11,LOW
730,Evrard,RESTAURANT,Bouake,Côte d'Ivoire,2013-09-28,LOW
731,Bernard Boulay SA,HOTEL,San Pedro,Côte d'Ivoire,2016-08-25,LOW
732,Maillet,FUEL_STATION,San Pedro,Côte d'Ivoire,2023-10-23,LOW
733,Rossi,CLOTHING,San Pedro,Côte d'Ivoire,2018-01-10,MEDIUM
734,Hoarau Jacques SARL,SUPERMARKET,Man,Côte d'Ivoire,2014-03-19,LOW
735,Roche,FUEL_STATION,Korhogo,Côte d'Ivoire,2026-06-19,LOW
736,David et Fils,TELECOM,Korhogo,Côte d'Ivoire,2018-09-16,LOW
737,Guillot S.A.,PHARMACY,San Pedro,Côte d'Ivoire,2012-09-20,MEDIUM
738,Valentin SA,HOTEL,Korhogo,Côte d'Ivoire,2019-03-04,LOW
739,Moulin et Fils,E_COMMERCE,Korhogo,Côte d'Ivoire,2012-04-29,LOW
740,Navarro,FUEL_STATION,Yamoussoukro,Côte d'Ivoire,2015-07-25,LOW
741,Faivre Diallo SA,FUEL_STATION,Yamoussoukro,Côte d'Ivoire,2013-12-16,MEDIUM
742,Rey,FUEL_STATION,Man,Côte d'Ivoire,2025-06-15,MEDIUM
743,Verdier,HOTEL,San Pedro,Côte d'Ivoire,2021-09-30,LOW
744,Gomez,E_COMMERCE,Yamoussoukro,Côte d'Ivoire,2016-09-16,LOW
745,Peltier Dijoux S.A.,ELECTRONICS,San Pedro,Côte d'Ivoire,2018-08-11,MEDIUM
746,Paris,TRANSPORT,Daloa,Côte d'Ivoire,2012-08-11,LOW
747,Toussaint Potier S.A.R.L.,PHARMACY,Yamoussoukro,Côte d'Ivoire,2021-01-11,LOW
748,Rousseau,RESTAURANT,Yamoussoukro,Côte d'Ivoire,2017-06-08,MEDIUM
749,Hardy,E_COMMERCE,Man,Côte d'Ivoire,2016-12-30,LOW
750,Lejeune,FUEL_STATION,Daloa,Côte d'Ivoire,2014-02-11,LOW
751,Mallet,ELECTRONICS,Man,Côte d'Ivoire,2014-09-14,LOW
752,Guillot,RESTAURANT,Korhogo,Côte d'Ivoire,2026-01-09,MEDIUM
753,Ribeiro Neveu S.A.,FUEL_STATION,Bouake,Côte d'Ivoire,2025-04-13,LOW
754,Boyer,ELECTRONICS,Bouake,Côte d'Ivoire,2021-02-21,LOW
755,Delattre,SUPERMARKET,Abidjan,Côte d'Ivoire,2021-01-20,LOW
756,Chevallier Berger SARL,TELECOM,Abidjan,Côte d'Ivoire,2015-01-13,LOW
757,Jourdan,PHARMACY,Abidjan,Côte d'Ivoire,2012-12-02,HIGH
758,Lemaître,PHARMACY,San Pedro,Côte d'Ivoire,2013-02-23,LOW
759,Roux Royer S.A.R.L.,TELECOM,San Pedro,Côte d'Ivoire,2023-01-14,LOW
760,Legrand S.A.,E_COMMERCE,Yamoussoukro,Côte d'Ivoire,2025-04-06,LOW
761,Voisin Guillaume SARL,SUPERMARKET,Daloa,Côte d'Ivoire,2016-09-24,LOW
762,Lecomte S.A.,CLOTHING,Bouake,Côte d'Ivoire,2024-03-10,LOW
763,Letellier S.A.R.L.,SUPERMARKET,Bouake,Côte d'Ivoire,2015-09-14,LOW
764,Chauvin Dupuis S.A.S.,PHARMACY,Abidjan,Côte d'Ivoire,2017-01-17,HIGH
765,Gillet,TRANSPORT,Daloa,Côte d'Ivoire,2019-07-05,LOW
766,Le Gall,E_COMMERCE,Abidjan,Côte d'Ivoire,2016-01-10,LOW
767,Blanchet,CLOTHING,Korhogo,Côte d'Ivoire,2020-01-13,LOW
768,Perrin,HOTEL,Yamoussoukro,Côte d'Ivoire,2025-03-26,LOW
769,Samson,ELECTRONICS,Korhogo,Côte d'Ivoire,2025-11-10,LOW
770,Martins,PHARMACY,Daloa,Côte d'Ivoire,2017-11-18,LOW
771,Pasquier,E_COMMERCE,Bouake,Côte d'Ivoire,2012-05-09,MEDIUM
772,Traore Rodrigues SA,HOTEL,Bouake,Côte d'Ivoire,2016-01-05,MEDIUM
773,Collet,E_COMMERCE,Man,Côte d'Ivoire,2014-03-03,LOW
774,Boulanger Rolland S.A.R.L.,HOTEL,Daloa,Côte d'Ivoire,2021-04-08,LOW
775,Didier Dias et Fils,FUEL_STATION,Bouake,Côte d'Ivoire,2023-03-24,LOW
776,Boucher,TRANSPORT,Daloa,Côte d'Ivoire,2024-07-24,LOW
777,Ramos,HOTEL,Abidjan,Côte d'Ivoire,2022-06-29,LOW
778,Jacques,RESTAURANT,Bouake,Côte d'Ivoire,2014-06-09,HIGH
779,Roy,TELECOM,Yamoussoukro,Côte d'Ivoire,2013-12-15,MEDIUM
780,Gonzalez,SUPERMARKET,Yamoussoukro,Côte d'Ivoire,2020-10-18,LOW
781,Hardy SA,TELECOM,Daloa,Côte d'Ivoire,2025-11-06,LOW
782,Laroche SA,HOTEL,Yamoussoukro,Côte d'Ivoire,2024-07-30,LOW
783,Pasquier S.A.,CLOTHING,Abidjan,Côte d'Ivoire,2025-11-28,LOW
784,Mercier Neveu S.A.,HOTEL,Man,Côte d'Ivoire,2011-09-24,LOW
785,Bodin Pineau SARL,RESTAURANT,San Pedro,Côte d'Ivoire,2012-08-08,LOW
786,Delmas,TRANSPORT,Man,Côte d'Ivoire,2019-11-16,LOW
787,Robert S.A.S.,E_COMMERCE,Man,Côte d'Ivoire,2020-12-16,LOW
788,Richard,E_COMMERCE,Yamoussoukro,Côte d'Ivoire,2011-11-10,LOW
789,Regnier,FUEL_STATION,Bouake,Côte d'Ivoire,2016-06-14,LOW
790,Gaudin et Fils,TELECOM,Man,Côte d'Ivoire,2023-01-16,HIGH
791,Colin,HOTEL,San Pedro,Côte d'Ivoire,2013-05-24,MEDIUM
792,Hardy S.A.,TELECOM,Daloa,Côte d'Ivoire,2015-09-04,LOW
793,Legendre Laine SARL,FUEL_STATION,Daloa,Côte d'Ivoire,2025-06-11,LOW
794,Da Costa,CLOTHING,Daloa,Côte d'Ivoire,2025-02-05,MEDIUM
795,Chevalier,ELECTRONICS,San Pedro,Côte d'Ivoire,2017-12-03,LOW
796,Jacques,HOTEL,Abidjan,Côte d'Ivoire,2021-03-09,MEDIUM
797,Grenier Jean SARL,RESTAURANT,Abidjan,Côte d'Ivoire,2023-03-19,MEDIUM
798,Guibert et Fils,ELECTRONICS,Bouake,Côte d'Ivoire,2024-06-30,LOW
799,Morin S.A.R.L.,PHARMACY,Bouake,Côte d'Ivoire,2018-01-10,LOW
800,Courtois,ELECTRONICS,San Pedro,Côte d'Ivoire,2019-09-03,LOW
801,Diaz SA,FUEL_STATION,Man,Côte d'Ivoire,2023-07-14,LOW
802,Perez Didier S.A.R.L.,RESTAURANT,Korhogo,Côte d'Ivoire,2022-07-19,LOW
803,Moreno,SUPERMARKET,San Pedro,Côte d'Ivoire,2026-03-04,LOW
804,Evrard SA,TRANSPORT,San Pedro,Côte d'Ivoire,2015-06-26,LOW
805,Jacquot Duhamel S.A.R.L.,ELECTRONICS,San Pedro,Côte d'Ivoire,2016-03-09,LOW
806,Sanchez et Fils,E_COMMERCE,Man,Côte d'Ivoire,2016-05-06,LOW
807,Colin SARL,E_COMMERCE,Daloa,Côte d'Ivoire,2011-11-04,LOW
808,Coste Meunier et Fils,FUEL_STATION,Korhogo,Côte d'Ivoire,2025-07-16,LOW
809,Garnier,TRANSPORT,Yamoussoukro,Côte d'Ivoire,2016-08-31,MEDIUM
810,Thibault Guillot S.A.S.,ELECTRONICS,Abidjan,Côte d'Ivoire,2025-10-10,MEDIUM
811,Labbé,RESTAURANT,San Pedro,Côte d'Ivoire,2020-10-08,LOW
812,Jacob,TRANSPORT,Bouake,Côte d'Ivoire,2024-06-06,MEDIUM
813,Lagarde Ramos SA,TRANSPORT,Yamoussoukro,Côte d'Ivoire,2020-02-04,HIGH
814,Vincent,TRANSPORT,San Pedro,Côte d'Ivoire,2013-03-27,MEDIUM
815,Grondin,TRANSPORT,San Pedro,Côte d'Ivoire,2025-11-04,LOW
816,Leblanc S.A.S.,ELECTRONICS,Bouake,Côte d'Ivoire,2024-08-28,LOW
817,Becker,HOTEL,Abidjan,Côte d'Ivoire,2017-02-16,LOW
818,Couturier SARL,ELECTRONICS,San Pedro,Côte d'Ivoire,2024-11-26,LOW
819,Marin,FUEL_STATION,Daloa,Côte d'Ivoire,2015-06-16,LOW
820,Lenoir,SUPERMARKET,Yamoussoukro,Côte d'Ivoire,2017-12-17,LOW
821,Lemoine,ELECTRONICS,San Pedro,Côte d'Ivoire,2023-02-20,LOW
822,Clément,FUEL_STATION,Bouake,Côte d'Ivoire,2024-09-17,LOW
823,Hoarau,PHARMACY,Yamoussoukro,Côte d'Ivoire,2023-09-16,LOW
824,Perez SARL,RESTAURANT,Abidjan,Côte d'Ivoire,2014-03-14,MEDIUM
825,Mendès,TRANSPORT,Korhogo,Côte d'Ivoire,2024-11-28,MEDIUM
826,Rousset Perrier SARL,SUPERMARKET,Bouake,Côte d'Ivoire,2017-09-17,LOW
827,Robin SA,RESTAURANT,Korhogo,Côte d'Ivoire,2016-10-26,LOW
828,Alves,CLOTHING,Man,Côte d'Ivoire,2024-07-11,MEDIUM
829,Henry,SUPERMARKET,Bouake,Côte d'Ivoire,2013-10-30,MEDIUM
830,Lemoine S.A.R.L.,TRANSPORT,San Pedro,Côte d'Ivoire,2019-03-19,LOW
831,Henry,FUEL_STATION,Daloa,Côte d'Ivoire,2012-01-09,MEDIUM
832,Monnier S.A.S.,SUPERMARKET,Bouake,Côte d'Ivoire,2013-02-27,LOW
833,Collin,E_COMMERCE,Bouake,Côte d'Ivoire,2011-10-14,MEDIUM
834,Pasquier,CLOTHING,Yamoussoukro,Côte d'Ivoire,2018-03-04,LOW
835,Pages S.A.S.,HOTEL,Bouake,Côte d'Ivoire,2015-09-15,LOW
836,Pottier Gillet S.A.,PHARMACY,Man,Côte d'Ivoire,2013-12-08,LOW
837,Hernandez,TRANSPORT,Yamoussoukro,Côte d'Ivoire,2016-02-21,LOW
838,Rodrigues,ELECTRONICS,Korhogo,Côte d'Ivoire,2012-08-26,MEDIUM
839,Gay Baron S.A.R.L.,PHARMACY,Man,Côte d'Ivoire,2016-09-03,LOW
840,Garnier,ELECTRONICS,San Pedro,Côte d'Ivoire,2017-09-19,LOW
841,Hoarau,HOTEL,Man,Côte d'Ivoire,2023-11-03,LOW
842,Valentin,ELECTRONICS,Yamoussoukro,Côte d'Ivoire,2022-01-24,LOW
843,Albert Gautier S.A.,TRANSPORT,Bouake,Côte d'Ivoire,2016-10-04,LOW
844,Delaunay SARL,PHARMACY,Daloa,Côte d'Ivoire,2025-11-22,LOW
845,Boulanger,FUEL_STATION,Daloa,Côte d'Ivoire,2019-01-24,LOW
846,Perret,PHARMACY,Daloa,Côte d'Ivoire,2025-06-13,LOW
847,Ribeiro Lebrun S.A.S.,SUPERMARKET,Korhogo,Côte d'Ivoire,2023-05-28,LOW
848,Voisin Bouvier S.A.,TRANSPORT,Korhogo,Côte d'Ivoire,2018-05-08,LOW
849,Klein,TRANSPORT,Bouake,Côte d'Ivoire,2024-01-29,LOW
850,Bruneau,HOTEL,Man,Côte d'Ivoire,2024-11-17,LOW
851,Germain Mallet SARL,TELECOM,Daloa,Côte d'Ivoire,2025-06-19,LOW
852,Marchal,ELECTRONICS,Man,Côte d'Ivoire,2013-07-06,MEDIUM
853,Allain Morvan S.A.,SUPERMARKET,Yamoussoukro,Côte d'Ivoire,2023-03-05,LOW
854,Petitjean S.A.R.L.,CLOTHING,Korhogo,Côte d'Ivoire,2023-08-17,LOW
855,Navarro Klein et Fils,RESTAURANT,Bouake,Côte d'Ivoire,2012-10-01,MEDIUM
856,Maillet,CLOTHING,Man,Côte d'Ivoire,2020-01-26,LOW
857,Couturier Bailly S.A.,FUEL_STATION,San Pedro,Côte d'Ivoire,2015-11-16,LOW
858,Auger Briand S.A.R.L.,HOTEL,Yamoussoukro,Côte d'Ivoire,2012-10-31,HIGH
859,Joseph,SUPERMARKET,Bouake,Côte d'Ivoire,2019-09-23,MEDIUM
860,Joubert,RESTAURANT,Man,Côte d'Ivoire,2020-03-11,HIGH
861,Devaux,TELECOM,Bouake,Côte d'Ivoire,2012-03-14,LOW
862,Boutin,FUEL_STATION,San Pedro,Côte d'Ivoire,2025-05-24,MEDIUM
863,Nicolas S.A.,ELECTRONICS,Yamoussoukro,Côte d'Ivoire,2022-10-06,MEDIUM
864,Brun,TRANSPORT,San Pedro,Côte d'Ivoire,2022-08-01,LOW
865,Thibault et Fils,HOTEL,Yamoussoukro,Côte d'Ivoire,2023-02-06,LOW
866,Chrétien,ELECTRONICS,San Pedro,Côte d'Ivoire,2017-03-20,LOW
867,Gautier,TELECOM,Daloa,Côte d'Ivoire,2011-10-03,MEDIUM
868,Poirier S.A.,FUEL_STATION,Yamoussoukro,Côte d'Ivoire,2020-04-06,LOW
869,Cohen Besson S.A.R.L.,SUPERMARKET,Korhogo,Côte d'Ivoire,2019-06-15,MEDIUM
870,Barre Laurent S.A.R.L.,PHARMACY,Abidjan,Côte d'Ivoire,2013-05-09,LOW
871,Legros,CLOTHING,Korhogo,Côte d'Ivoire,2013-01-13,MEDIUM
872,Chauveau S.A.,E_COMMERCE,Bouake,Côte d'Ivoire,2017-07-02,LOW
873,Le Goff,FUEL_STATION,San Pedro,Côte d'Ivoire,2019-04-28,LOW
874,Dijoux Guillet SARL,FUEL_STATION,San Pedro,Côte d'Ivoire,2019-09-04,LOW
875,Navarro et Fils,HOTEL,Yamoussoukro,Côte d'Ivoire,2023-06-06,MEDIUM
876,Julien,TELECOM,Man,Côte d'Ivoire,2012-09-19,LOW
877,Bertrand,TELECOM,San Pedro,Côte d'Ivoire,2025-05-11,LOW
878,Simon SARL,HOTEL,Bouake,Côte d'Ivoire,2022-08-07,LOW
879,Labbé S.A.,ELECTRONICS,San Pedro,Côte d'Ivoire,2024-03-04,LOW
880,Blondel Roger S.A.S.,ELECTRONICS,Man,Côte d'Ivoire,2014-04-20,HIGH
881,Vaillant,ELECTRONICS,Abidjan,Côte d'Ivoire,2018-10-30,MEDIUM
882,Grondin,RESTAURANT,Daloa,Côte d'Ivoire,2025-02-23,LOW
883,Lombard,SUPERMARKET,San Pedro,Côte d'Ivoire,2014-09-18,LOW
884,Riou Descamps S.A.R.L.,FUEL_STATION,Abidjan,Côte d'Ivoire,2018-04-22,MEDIUM
885,Gallet S.A.S.,SUPERMARKET,Bouake,Côte d'Ivoire,2014-12-07,LOW
886,Allain,HOTEL,Abidjan,Côte d'Ivoire,2018-11-19,LOW
887,Thomas,CLOTHING,San Pedro,Côte d'Ivoire,2023-07-26,LOW
888,Leclerc Lopes et Fils,SUPERMARKET,Abidjan,Côte d'Ivoire,2025-05-02,LOW
889,Verdier SA,TRANSPORT,Abidjan,Côte d'Ivoire,2025-03-05,LOW
890,Poulain Germain S.A.,E_COMMERCE,Korhogo,Côte d'Ivoire,2019-05-12,HIGH
891,Charles et Fils,SUPERMARKET,Korhogo,Côte d'Ivoire,2026-04-02,MEDIUM
892,Evrard,TRANSPORT,Daloa,Côte d'Ivoire,2022-06-13,MEDIUM
893,Godard,PHARMACY,Abidjan,Côte d'Ivoire,2018-03-09,MEDIUM
894,Coste,ELECTRONICS,Bouake,Côte d'Ivoire,2013-07-08,LOW
895,Benard,CLOTHING,Korhogo,Côte d'Ivoire,2025-12-16,LOW
896,Maurice,HOTEL,Yamoussoukro,Côte d'Ivoire,2014-07-06,MEDIUM
897,Bonneau,RESTAURANT,Yamoussoukro,Côte d'Ivoire,2021-08-13,HIGH
898,Maillet S.A.,TELECOM,Korhogo,Côte d'Ivoire,2016-11-26,LOW
899,Dupuis SARL,FUEL_STATION,Yamoussoukro,Côte d'Ivoire,2013-07-25,LOW
900,Besson Lemonnier S.A.,RESTAURANT,Man,Côte d'Ivoire,2020-04-07,HIGH
901,Humbert,SUPERMARKET,Abidjan,Côte d'Ivoire,2021-09-21,LOW
902,Bruneau Jacob S.A.R.L.,TRANSPORT,Korhogo,Côte d'Ivoire,2014-09-26,LOW
903,Bousquet,SUPERMARKET,Man,Côte d'Ivoire,2020-09-19,LOW
904,Berthelot Brun S.A.R.L.,TELECOM,Daloa,Côte d'Ivoire,2016-06-27,LOW
905,Lemoine Gomes S.A.R.L.,HOTEL,Korhogo,Côte d'Ivoire,2022-02-10,HIGH
906,Pelletier SA,RESTAURANT,Korhogo,Côte d'Ivoire,2019-10-27,MEDIUM
907,Leclercq Jacob S.A.S.,FUEL_STATION,Bouake,Côte d'Ivoire,2020-03-04,MEDIUM
908,Lejeune,CLOTHING,San Pedro,Côte d'Ivoire,2023-03-23,LOW
909,Legros,RESTAURANT,Man,Côte d'Ivoire,2023-08-28,MEDIUM
910,Camus,ELECTRONICS,Korhogo,Côte d'Ivoire,2014-06-03,LOW
911,Moreno SA,PHARMACY,Daloa,Côte d'Ivoire,2025-02-11,LOW
912,Klein David SARL,FUEL_STATION,Korhogo,Côte d'Ivoire,2015-05-27,LOW
913,Roy,TRANSPORT,Abidjan,Côte d'Ivoire,2024-11-09,LOW
914,Moreno,CLOTHING,Bouake,Côte d'Ivoire,2024-03-16,LOW
915,Dias,TRANSPORT,Man,Côte d'Ivoire,2020-04-07,MEDIUM
916,Baudry SA,HOTEL,San Pedro,Côte d'Ivoire,2016-02-18,MEDIUM
917,Allard,PHARMACY,Daloa,Côte d'Ivoire,2025-07-27,HIGH
918,Samson et Fils,RESTAURANT,Korhogo,Côte d'Ivoire,2019-01-31,MEDIUM
919,Lamy Henry et Fils,HOTEL,Abidjan,Côte d'Ivoire,2025-09-11,LOW
920,Léger David S.A.R.L.,FUEL_STATION,Daloa,Côte d'Ivoire,2016-01-18,LOW
921,Fernandez,CLOTHING,Daloa,Côte d'Ivoire,2019-01-17,LOW
922,Diallo S.A.,CLOTHING,San Pedro,Côte d'Ivoire,2015-02-23,HIGH
923,Lacombe,HOTEL,Abidjan,Côte d'Ivoire,2021-12-16,LOW
924,Gaillard,TELECOM,San Pedro,Côte d'Ivoire,2022-01-21,LOW
925,Leclerc Leclerc SA,ELECTRONICS,San Pedro,Côte d'Ivoire,2021-04-10,LOW
926,Rossi,CLOTHING,Man,Côte d'Ivoire,2016-05-10,LOW
927,Breton Fischer SARL,CLOTHING,Yamoussoukro,Côte d'Ivoire,2016-06-30,MEDIUM
928,Buisson,RESTAURANT,Abidjan,Côte d'Ivoire,2023-02-18,LOW
929,Dufour S.A.R.L.,TRANSPORT,Man,Côte d'Ivoire,2012-08-01,MEDIUM
930,Bègue,PHARMACY,Man,Côte d'Ivoire,2013-09-25,LOW
931,Menard Rodrigues et Fils,HOTEL,Abidjan,Côte d'Ivoire,2017-01-20,LOW
932,Samson Labbé S.A.R.L.,E_COMMERCE,San Pedro,Côte d'Ivoire,2019-11-26,LOW
933,Verdier Lefort SARL,E_COMMERCE,Abidjan,Côte d'Ivoire,2022-04-04,LOW
934,Mallet,PHARMACY,San Pedro,Côte d'Ivoire,2019-04-07,LOW
935,Couturier SA,ELECTRONICS,Korhogo,Côte d'Ivoire,2018-06-06,LOW
936,Lemonnier,SUPERMARKET,Abidjan,Côte d'Ivoire,2026-07-02,LOW
937,De Sousa,RESTAURANT,Korhogo,Côte d'Ivoire,2019-11-17,LOW
938,Blin,HOTEL,Daloa,Côte d'Ivoire,2011-08-14,LOW
939,Foucher S.A.R.L.,E_COMMERCE,San Pedro,Côte d'Ivoire,2022-05-17,LOW
940,Andre,RESTAURANT,Man,Côte d'Ivoire,2025-02-10,MEDIUM
941,Carpentier,FUEL_STATION,Korhogo,Côte d'Ivoire,2018-11-19,LOW
942,Costa Royer SARL,TRANSPORT,Bouake,Côte d'Ivoire,2025-09-01,LOW
943,Marques,E_COMMERCE,Yamoussoukro,Côte d'Ivoire,2020-11-19,LOW
944,Moreno Vallée SARL,RESTAURANT,Bouake,Côte d'Ivoire,2023-03-10,LOW
945,Lambert SA,TRANSPORT,Yamoussoukro,Côte d'Ivoire,2022-03-24,LOW
946,Durand,RESTAURANT,Yamoussoukro,Côte d'Ivoire,2013-09-08,LOW
947,Besnard Pineau SA,FUEL_STATION,Man,Côte d'Ivoire,2018-11-08,LOW
948,Lagarde Payet et Fils,CLOTHING,Korhogo,Côte d'Ivoire,2016-09-16,LOW
949,Paris Morin et Fils,RESTAURANT,Bouake,Côte d'Ivoire,2017-09-15,LOW
950,Perez,TRANSPORT,Yamoussoukro,Côte d'Ivoire,2017-11-25,MEDIUM
951,Roux Delaunay et Fils,TRANSPORT,Daloa,Côte d'Ivoire,2016-10-09,MEDIUM
952,Gilbert Bègue SA,TELECOM,Yamoussoukro,Côte d'Ivoire,2023-07-19,LOW
953,Martin S.A.,CLOTHING,Bouake,Côte d'Ivoire,2019-09-08,LOW
954,Payet S.A.S.,CLOTHING,Man,Côte d'Ivoire,2015-06-04,LOW
955,Petit,HOTEL,Bouake,Côte d'Ivoire,2011-09-18,HIGH
956,Mathieu,HOTEL,Yamoussoukro,Côte d'Ivoire,2026-03-18,MEDIUM
957,Lemonnier,TELECOM,Korhogo,Côte d'Ivoire,2013-10-28,MEDIUM
958,Guérin,HOTEL,San Pedro,Côte d'Ivoire,2015-06-21,LOW
959,Blanc,TRANSPORT,Yamoussoukro,Côte d'Ivoire,2024-01-03,LOW
960,Henry SARL,CLOTHING,Bouake,Côte d'Ivoire,2017-10-29,LOW
961,Dos Santos,ELECTRONICS,Bouake,Côte d'Ivoire,2018-02-01,LOW
962,Clerc Labbé S.A.,ELECTRONICS,Abidjan,Côte d'Ivoire,2012-09-27,HIGH
963,Bourdon et Fils,TELECOM,Man,Côte d'Ivoire,2014-05-14,LOW
964,Marty,E_COMMERCE,Daloa,Côte d'Ivoire,2023-11-13,LOW
965,Techer Bouvet S.A.,TRANSPORT,Man,Côte d'Ivoire,2018-07-31,LOW
966,Carpentier,E_COMMERCE,Bouake,Côte d'Ivoire,2013-01-18,LOW
967,Joly SA,PHARMACY,Man,Côte d'Ivoire,2021-08-09,LOW
968,Marty,TRANSPORT,Abidjan,Côte d'Ivoire,2018-11-18,LOW
969,Joly,CLOTHING,San Pedro,Côte d'Ivoire,2015-10-16,LOW
970,Imbert,ELECTRONICS,Korhogo,Côte d'Ivoire,2013-01-03,MEDIUM
971,Lenoir Brunel S.A.S.,TRANSPORT,Korhogo,Côte d'Ivoire,2023-11-05,LOW
972,Merle,HOTEL,Man,Côte d'Ivoire,2023-04-28,MEDIUM
973,Delmas SARL,ELECTRONICS,Korhogo,Côte d'Ivoire,2015-01-26,LOW
974,Letellier Michaud SARL,RESTAURANT,Abidjan,Côte d'Ivoire,2022-07-27,MEDIUM
975,Dupuis S.A.R.L.,HOTEL,Bouake,Côte d'Ivoire,2018-02-20,LOW
976,Guillot S.A.R.L.,SUPERMARKET,Korhogo,Côte d'Ivoire,2022-06-06,HIGH
977,Evrard SA,TRANSPORT,Daloa,Côte d'Ivoire,2017-09-19,LOW
978,Payet,TRANSPORT,Abidjan,Côte d'Ivoire,2018-02-26,LOW
979,Poulain,E_COMMERCE,Bouake,Côte d'Ivoire,2020-11-13,LOW
980,Ledoux Georges SA,ELECTRONICS,Korhogo,Côte d'Ivoire,2011-11-10,LOW
981,Garcia SARL,CLOTHING,Bouake,Côte d'Ivoire,2015-03-31,LOW
982,Lopez S.A.R.L.,TRANSPORT,San Pedro,Côte d'Ivoire,2020-03-11,MEDIUM
983,Techer,CLOTHING,Man,Côte d'Ivoire,2023-09-13,LOW
984,Briand,HOTEL,Abidjan,Côte d'Ivoire,2023-07-07,LOW
985,Perez,E_COMMERCE,San Pedro,Côte d'Ivoire,2022-06-22,MEDIUM
986,Lopes Perez SARL,RESTAURANT,Abidjan,Côte d'Ivoire,2012-12-02,MEDIUM
987,Meyer Regnier SARL,PHARMACY,Yamoussoukro,Côte d'Ivoire,2018-03-22,LOW
988,Ruiz et Fils,TELECOM,Daloa,Côte d'Ivoire,2019-01-07,LOW
989,Boyer Moulin SA,TELECOM,Yamoussoukro,Côte d'Ivoire,2018-12-19,LOW
990,De Sousa S.A.S.,TELECOM,Man,Côte d'Ivoire,2021-12-07,LOW
991,Ruiz et Fils,HOTEL,Abidjan,Côte d'Ivoire,2024-03-11,LOW
992,Mathieu Richard et Fils,RESTAURANT,Abidjan,Côte d'Ivoire,2013-11-28,MEDIUM
993,Goncalves S.A.R.L.,RESTAURANT,Man,Côte d'Ivoire,2017-06-22,MEDIUM
994,Brun,FUEL_STATION,Korhogo,Côte d'Ivoire,2017-11-25,LOW
995,Bouvet Valette SARL,PHARMACY,Yamoussoukro,Côte d'Ivoire,2024-01-17,LOW
996,Pires SA,TELECOM,Bouake,Côte d'Ivoire,2017-04-10,MEDIUM
997,Maillard,PHARMACY,Bouake,Côte d'Ivoire,2020-06-27,LOW
998,Charles et Fils,TRANSPORT,San Pedro,Côte d'Ivoire,2021-05-21,LOW
999,Mahe S.A.R.L.,CLOTHING,Bouake,Côte d'Ivoire,2020-04-06,LOW
1000,Lefèvre,TRANSPORT,San Pedro,Côte d'Ivoire,2020-01-28,LOW
1001,Tessier Barbier SARL,FUEL_STATION,Bouake,Côte d'Ivoire,2024-09-24,LOW
1002,Baudry et Fils,RESTAURANT,Korhogo,Côte d'Ivoire,2023-11-15,LOW
1003,Dumas et Fils,ELECTRONICS,Bouake,Côte d'Ivoire,2020-03-25,LOW
1004,Bertrand SA,FUEL_STATION,San Pedro,Côte d'Ivoire,2015-09-26,LOW
1005,Georges SARL,TELECOM,Korhogo,Côte d'Ivoire,2018-02-02,HIGH
1006,Colin Da Silva S.A.S.,HOTEL,Korhogo,Côte d'Ivoire,2025-03-28,LOW
1007,Hubert,TRANSPORT,Korhogo,Côte d'Ivoire,2017-01-18,LOW
1008,Delattre Fouquet SARL,HOTEL,Daloa,Côte d'Ivoire,2016-03-10,LOW
1009,Masse SARL,PHARMACY,Daloa,Côte d'Ivoire,2013-08-09,LOW
1010,Colin S.A.,E_COMMERCE,Korhogo,Côte d'Ivoire,2025-04-04,LOW
1011,Maréchal SA,PHARMACY,Yamoussoukro,Côte d'Ivoire,2026-06-30,LOW
1012,Carre,E_COMMERCE,Abidjan,Côte d'Ivoire,2024-09-25,LOW
1013,Millet,PHARMACY,Korhogo,Côte d'Ivoire,2013-01-16,LOW
1014,Petit,CLOTHING,Bouake,Côte d'Ivoire,2017-11-07,LOW
1015,Klein Thibault SARL,TRANSPORT,Bouake,Côte d'Ivoire,2024-02-27,LOW
1016,Barthelemy Tessier S.A.S.,ELECTRONICS,Man,Côte d'Ivoire,2019-12-20,MEDIUM
1017,Peron Morvan S.A.,PHARMACY,Korhogo,Côte d'Ivoire,2014-02-19,LOW
1018,Lejeune SA,E_COMMERCE,Bouake,Côte d'Ivoire,2015-07-16,LOW
1019,Bousquet,TELECOM,Korhogo,Côte d'Ivoire,2025-11-09,LOW
1020,Daniel SA,HOTEL,Abidjan,Côte d'Ivoire,2024-06-26,LOW
1021,Gallet,FUEL_STATION,Daloa,Côte d'Ivoire,2023-12-12,LOW
1022,Duval,ELECTRONICS,Korhogo,Côte d'Ivoire,2015-01-25,LOW
1023,Humbert Marin SA,TRANSPORT,Man,Côte d'Ivoire,2013-12-30,LOW
1024,Morin,TELECOM,San Pedro,Côte d'Ivoire,2012-04-27,LOW
1025,Dijoux Pasquier et Fils,CLOTHING,Abidjan,Côte d'Ivoire,2017-11-29,MEDIUM
1026,Letellier,FUEL_STATION,Yamoussoukro,Côte d'Ivoire,2013-01-07,LOW
1027,Bodin S.A.,FUEL_STATION,Korhogo,Côte d'Ivoire,2022-06-01,LOW
1028,Sanchez,TELECOM,Korhogo,Côte d'Ivoire,2021-08-23,MEDIUM
1029,Gay et Fils,TELECOM,Korhogo,Côte d'Ivoire,2013-10-19,LOW
1030,Klein Bertin SARL,CLOTHING,Abidjan,Côte d'Ivoire,2025-03-14,LOW
1031,Bonnin,ELECTRONICS,Daloa,Côte d'Ivoire,2025-09-23,HIGH
1032,Prévost,ELECTRONICS,Daloa,Côte d'Ivoire,2019-04-12,MEDIUM
1033,Rey,TELECOM,Korhogo,Côte d'Ivoire,2012-11-05,LOW
1034,Dufour Valette S.A.S.,TRANSPORT,Abidjan,Côte d'Ivoire,2013-06-06,MEDIUM
1035,Gautier Gaillard S.A.R.L.,FUEL_STATION,Yamoussoukro,Côte d'Ivoire,2019-07-03,MEDIUM
1036,Cordier,SUPERMARKET,San Pedro,Côte d'Ivoire,2013-08-18,LOW
1037,Pires,RESTAURANT,San Pedro,Côte d'Ivoire,2015-02-09,MEDIUM
1038,Le Gall,RESTAURANT,Daloa,Côte d'Ivoire,2019-06-17,MEDIUM
1039,Mathieu,FUEL_STATION,Daloa,Côte d'Ivoire,2013-02-10,MEDIUM
1040,Torres Bailly et Fils,HOTEL,Daloa,Côte d'Ivoire,2023-06-07,MEDIUM
1041,Fabre SARL,TRANSPORT,Bouake,Côte d'Ivoire,2014-02-05,LOW
1042,Mendès S.A.,FUEL_STATION,Daloa,Côte d'Ivoire,2017-08-17,LOW
1043,Blanchet,SUPERMARKET,Korhogo,Côte d'Ivoire,2012-05-29,LOW
1044,Bertin,E_COMMERCE,Korhogo,Côte d'Ivoire,2025-07-11,LOW
1045,Martinez Lebon S.A.R.L.,HOTEL,Man,Côte d'Ivoire,2021-01-12,LOW
1046,Gauthier Pinto SA,CLOTHING,Yamoussoukro,Côte d'Ivoire,2025-04-02,HIGH
1047,Rivière Richard SA,ELECTRONICS,Man,Côte d'Ivoire,2025-09-13,MEDIUM
1048,Dumont Philippe S.A.R.L.,PHARMACY,Daloa,Côte d'Ivoire,2017-11-28,MEDIUM
1049,Guillon S.A.S.,SUPERMARKET,Yamoussoukro,Côte d'Ivoire,2015-12-24,MEDIUM
1050,Simon SA,PHARMACY,Man,Côte d'Ivoire,2014-12-09,MEDIUM
1051,Rodriguez,FUEL_STATION,Bouake,Côte d'Ivoire,2013-02-20,MEDIUM
1052,Rivière,FUEL_STATION,Daloa,Côte d'Ivoire,2012-04-20,MEDIUM
1053,Girard,TRANSPORT,San Pedro,Côte d'Ivoire,2014-06-07,LOW
1054,Ramos,E_COMMERCE,Man,Côte d'Ivoire,2018-04-18,LOW
1055,Martinez,TELECOM,Abidjan,Côte d'Ivoire,2018-02-01,LOW
1056,Giraud,RESTAURANT,San Pedro,Côte d'Ivoire,2017-08-06,LOW
1057,Lemoine Paris SARL,E_COMMERCE,Man,Côte d'Ivoire,2019-03-01,MEDIUM
1058,Fontaine Bonneau S.A.S.,HOTEL,San Pedro,Côte d'Ivoire,2022-01-26,HIGH
1059,Jourdan Collet S.A.R.L.,HOTEL,Korhogo,Côte d'Ivoire,2018-08-02,LOW
1060,Bonnet,RESTAURANT,Man,Côte d'Ivoire,2013-01-25,HIGH
1061,Jacob,HOTEL,Daloa,Côte d'Ivoire,2013-11-28,LOW
1062,Bourgeois,ELECTRONICS,San Pedro,Côte d'Ivoire,2022-07-05,LOW
1063,Lombard Devaux SA,TRANSPORT,Daloa,Côte d'Ivoire,2018-01-30,LOW
1064,Voisin,E_COMMERCE,Yamoussoukro,Côte d'Ivoire,2020-11-02,MEDIUM
1065,Barre,HOTEL,Korhogo,Côte d'Ivoire,2021-03-13,LOW
1066,Chevallier,CLOTHING,Daloa,Côte d'Ivoire,2016-03-05,LOW
1067,Michel Julien S.A.S.,HOTEL,Man,Côte d'Ivoire,2015-04-20,MEDIUM
1068,Merle SARL,SUPERMARKET,Abidjan,Côte d'Ivoire,2012-07-28,LOW
1069,Laporte,TELECOM,Abidjan,Côte d'Ivoire,2017-08-28,LOW
1070,Leroux Roussel S.A.,PHARMACY,San Pedro,Côte d'Ivoire,2022-10-01,LOW
1071,Da Costa Joubert et Fils,TRANSPORT,Bouake,Côte d'Ivoire,2012-07-11,HIGH
1072,Bruneau Chevallier SARL,PHARMACY,Man,Côte d'Ivoire,2025-11-07,LOW
1073,Schmitt Gomez S.A.S.,E_COMMERCE,Abidjan,Côte d'Ivoire,2016-12-26,LOW
1074,Maury,E_COMMERCE,Abidjan,Côte d'Ivoire,2012-01-21,LOW
1075,Duhamel,PHARMACY,Abidjan,Côte d'Ivoire,2021-03-01,LOW
1076,Thibault Roche S.A.R.L.,E_COMMERCE,Man,Côte d'Ivoire,2020-10-18,LOW
1077,Roger,FUEL_STATION,San Pedro,Côte d'Ivoire,2019-12-02,LOW
1078,Robin SA,RESTAURANT,Abidjan,Côte d'Ivoire,2015-07-14,LOW
1079,Lefebvre Laine S.A.R.L.,RESTAURANT,Bouake,Côte d'Ivoire,2011-08-03,LOW
1080,Bonneau,ELECTRONICS,Man,Côte d'Ivoire,2015-01-01,LOW
1081,Leblanc Wagner S.A.,SUPERMARKET,Man,Côte d'Ivoire,2025-03-24,LOW
1082,Lopez,RESTAURANT,Daloa,Côte d'Ivoire,2011-12-13,LOW
1083,Coste Fischer S.A.,PHARMACY,San Pedro,Côte d'Ivoire,2024-09-30,LOW
1084,Laine SARL,TRANSPORT,Abidjan,Côte d'Ivoire,2012-10-22,MEDIUM
1085,Fischer,RESTAURANT,Abidjan,Côte d'Ivoire,2022-11-03,LOW
1086,Coste,E_COMMERCE,Bouake,Côte d'Ivoire,2013-04-17,LOW
1087,Hernandez,PHARMACY,Man,Côte d'Ivoire,2017-01-23,HIGH
1088,Barbier Foucher S.A.R.L.,PHARMACY,Abidjan,Côte d'Ivoire,2025-01-17,LOW
1089,Delahaye,SUPERMARKET,Korhogo,Côte d'Ivoire,2016-12-21,LOW
1090,Neveu Guilbert et Fils,TELECOM,Yamoussoukro,Côte d'Ivoire,2022-01-06,MEDIUM
1091,Hubert,PHARMACY,San Pedro,Côte d'Ivoire,2022-11-24,LOW
1092,Hoareau Le Gall et Fils,TELECOM,Daloa,Côte d'Ivoire,2023-04-16,LOW
1093,Rodriguez,RESTAURANT,Bouake,Côte d'Ivoire,2014-08-07,MEDIUM
1094,Boutin S.A.S.,CLOTHING,Man,Côte d'Ivoire,2018-03-28,LOW
1095,Vidal S.A.S.,TRANSPORT,Yamoussoukro,Côte d'Ivoire,2016-12-27,MEDIUM
1096,Riou Moreno SA,FUEL_STATION,Yamoussoukro,Côte d'Ivoire,2020-01-07,LOW
1097,Rémy Vallet SA,FUEL_STATION,Korhogo,Côte d'Ivoire,2015-08-16,LOW
1098,Julien,CLOTHING,Yamoussoukro,Côte d'Ivoire,2014-06-07,MEDIUM
1099,Neveu et Fils,SUPERMARKET,Daloa,Côte d'Ivoire,2022-06-13,MEDIUM
1100,Cohen,E_COMMERCE,Bouake,Côte d'Ivoire,2011-10-08,LOW
1101,Lacroix,ELECTRONICS,Bouake,Côte d'Ivoire,2015-10-27,MEDIUM
1102,Marty SARL,E_COMMERCE,Man,Côte d'Ivoire,2024-12-18,LOW
1103,Fouquet SA,FUEL_STATION,San Pedro,Côte d'Ivoire,2012-05-24,LOW
1104,Navarro,FUEL_STATION,San Pedro,Côte d'Ivoire,2024-01-15,LOW
1105,Brun,RESTAURANT,Korhogo,Côte d'Ivoire,2018-08-14,MEDIUM
1106,Hoareau,SUPERMARKET,Yamoussoukro,Côte d'Ivoire,2017-07-20,MEDIUM
1107,Roussel,PHARMACY,San Pedro,Côte d'Ivoire,2025-09-04,MEDIUM
1108,Verdier,CLOTHING,San Pedro,Côte d'Ivoire,2022-08-25,LOW
1109,Goncalves Sauvage SA,PHARMACY,Daloa,Côte d'Ivoire,2025-03-04,LOW
1110,Cousin SA,RESTAURANT,Abidjan,Côte d'Ivoire,2016-12-30,LOW
1111,Duval,SUPERMARKET,Yamoussoukro,Côte d'Ivoire,2012-11-02,LOW
1112,Picard,SUPERMARKET,Daloa,Côte d'Ivoire,2017-12-18,LOW
1113,Foucher Sanchez S.A.S.,E_COMMERCE,Man,Côte d'Ivoire,2013-02-27,MEDIUM
1114,Valentin,TRANSPORT,San Pedro,Côte d'Ivoire,2022-01-06,MEDIUM
1115,Fischer,RESTAURANT,Man,Côte d'Ivoire,2012-02-07,LOW
1116,Guibert,CLOTHING,Bouake,Côte d'Ivoire,2014-05-20,LOW
1117,Barbier,E_COMMERCE,Abidjan,Côte d'Ivoire,2012-06-26,LOW
1118,Rémy S.A.,FUEL_STATION,Daloa,Côte d'Ivoire,2014-10-22,LOW
1119,Grenier,HOTEL,San Pedro,Côte d'Ivoire,2021-01-01,LOW
1120,Peltier,RESTAURANT,Yamoussoukro,Côte d'Ivoire,2016-05-13,LOW
1121,Gomez,FUEL_STATION,Abidjan,Côte d'Ivoire,2013-03-17,LOW
1122,Carlier S.A.S.,TRANSPORT,Abidjan,Côte d'Ivoire,2020-12-04,LOW
1123,Brunet,CLOTHING,Abidjan,Côte d'Ivoire,2012-07-02,LOW
1124,Bernard,PHARMACY,Abidjan,Côte d'Ivoire,2018-11-07,LOW
1125,Cousin et Fils,PHARMACY,Man,Côte d'Ivoire,2022-03-18,LOW
1126,Bourgeois,TELECOM,Yamoussoukro,Côte d'Ivoire,2013-03-23,LOW
1127,Leclerc S.A.,E_COMMERCE,Bouake,Côte d'Ivoire,2022-06-07,LOW
1128,Faure,E_COMMERCE,Man,Côte d'Ivoire,2019-08-19,MEDIUM
1129,Le Gall S.A.R.L.,SUPERMARKET,Yamoussoukro,Côte d'Ivoire,2019-08-03,MEDIUM
1130,Peltier,E_COMMERCE,Korhogo,Côte d'Ivoire,2016-01-31,LOW
1131,Clerc S.A.S.,CLOTHING,Man,Côte d'Ivoire,2018-03-03,LOW
1132,Lemaître Weber SARL,TELECOM,Korhogo,Côte d'Ivoire,2014-10-01,LOW
1133,Bertrand,TELECOM,Daloa,Côte d'Ivoire,2016-01-21,LOW
1134,Turpin,HOTEL,Bouake,Côte d'Ivoire,2016-01-21,LOW
1135,Royer Thibault SA,RESTAURANT,Korhogo,Côte d'Ivoire,2014-02-23,LOW
1136,Clément et Fils,RESTAURANT,Bouake,Côte d'Ivoire,2017-06-04,MEDIUM
1137,Boulay,SUPERMARKET,Abidjan,Côte d'Ivoire,2021-08-10,MEDIUM
1138,Lenoir Bonnet S.A.R.L.,SUPERMARKET,Bouake,Côte d'Ivoire,2025-07-01,LOW
1139,Regnier,HOTEL,San Pedro,Côte d'Ivoire,2023-04-07,MEDIUM
1140,Baudry,PHARMACY,Daloa,Côte d'Ivoire,2026-07-29,LOW
1141,Ollivier Ribeiro SA,TRANSPORT,Bouake,Côte d'Ivoire,2018-04-17,LOW
1142,Gaudin S.A.S.,TRANSPORT,Man,Côte d'Ivoire,2020-05-14,LOW
1143,Mathieu Boulay S.A.R.L.,RESTAURANT,Korhogo,Côte d'Ivoire,2014-07-08,LOW
1144,Lecomte Olivier S.A.,ELECTRONICS,Man,Côte d'Ivoire,2012-04-20,MEDIUM
1145,Chevalier,PHARMACY,Bouake,Côte d'Ivoire,2023-03-13,MEDIUM
1146,Renaud,SUPERMARKET,San Pedro,Côte d'Ivoire,2025-07-27,LOW
1147,Valentin Poirier SARL,TELECOM,Daloa,Côte d'Ivoire,2023-12-12,LOW
1148,Fernandez S.A.R.L.,E_COMMERCE,Yamoussoukro,Côte d'Ivoire,2021-01-15,LOW
1149,Courtois,TELECOM,Abidjan,Côte d'Ivoire,2017-02-14,LOW
1150,Dijoux,E_COMMERCE,Korhogo,Côte d'Ivoire,2019-05-15,MEDIUM
1151,Bonnin S.A.S.,CLOTHING,Bouake,Côte d'Ivoire,2021-07-28,LOW
1152,Marie,CLOTHING,San Pedro,Côte d'Ivoire,2018-08-17,HIGH
1153,Caron Duhamel S.A.S.,FUEL_STATION,Man,Côte d'Ivoire,2021-06-27,MEDIUM
1154,Gautier S.A.S.,FUEL_STATION,Bouake,Côte d'Ivoire,2024-11-01,LOW
1155,Renault S.A.S.,TRANSPORT,Abidjan,Côte d'Ivoire,2026-07-19,LOW
1156,Bouchet,HOTEL,Man,Côte d'Ivoire,2016-01-26,MEDIUM
1157,Bègue,SUPERMARKET,Yamoussoukro,Côte d'Ivoire,2019-11-02,LOW
1158,Morel,TRANSPORT,Daloa,Côte d'Ivoire,2014-07-04,MEDIUM
1159,Antoine,E_COMMERCE,Abidjan,Côte d'Ivoire,2014-01-08,LOW
1160,Morel,FUEL_STATION,San Pedro,Côte d'Ivoire,2018-04-23,LOW
1161,Blot,SUPERMARKET,Bouake,Côte d'Ivoire,2015-08-14,MEDIUM
1162,Vallet S.A.R.L.,RESTAURANT,Abidjan,Côte d'Ivoire,2016-02-22,MEDIUM
1163,Lefebvre,ELECTRONICS,San Pedro,Côte d'Ivoire,2017-04-28,MEDIUM
1164,Langlois,HOTEL,San Pedro,Côte d'Ivoire,2016-05-06,HIGH
1165,Grenier,RESTAURANT,Korhogo,Côte d'Ivoire,2023-03-24,LOW
1166,Dumas S.A.,PHARMACY,Man,Côte d'Ivoire,2016-09-08,MEDIUM
1167,Becker,RESTAURANT,Korhogo,Côte d'Ivoire,2025-08-16,LOW
1168,Royer,TRANSPORT,Man,Côte d'Ivoire,2023-12-22,HIGH
1169,Texier,FUEL_STATION,Yamoussoukro,Côte d'Ivoire,2022-07-23,LOW
1170,Roche S.A.R.L.,HOTEL,Daloa,Côte d'Ivoire,2015-03-04,LOW
1171,Traore,HOTEL,Yamoussoukro,Côte d'Ivoire,2019-10-26,LOW
1172,Lefèvre,FUEL_STATION,Abidjan,Côte d'Ivoire,2020-05-04,MEDIUM
1173,François Langlois et Fils,PHARMACY,Daloa,Côte d'Ivoire,2020-03-13,MEDIUM
1174,Dufour,RESTAURANT,Bouake,Côte d'Ivoire,2024-11-07,LOW
1175,Giraud S.A.,TELECOM,San Pedro,Côte d'Ivoire,2026-06-19,LOW
1176,Boyer Menard SA,RESTAURANT,Korhogo,Côte d'Ivoire,2019-05-05,LOW
1177,Alves et Fils,FUEL_STATION,San Pedro,Côte d'Ivoire,2014-12-18,LOW
1178,Tessier,E_COMMERCE,Daloa,Côte d'Ivoire,2025-08-02,LOW
1179,Bodin,PHARMACY,Daloa,Côte d'Ivoire,2018-04-30,LOW
1180,Bazin SA,CLOTHING,Abidjan,Côte d'Ivoire,2015-09-10,LOW
1181,Camus,HOTEL,Bouake,Côte d'Ivoire,2021-09-06,LOW
1182,Schmitt,FUEL_STATION,Yamoussoukro,Côte d'Ivoire,2026-05-20,LOW
1183,Coste,SUPERMARKET,Man,Côte d'Ivoire,2020-12-14,LOW
1184,Barre,PHARMACY,Abidjan,Côte d'Ivoire,2014-05-11,HIGH
1185,Bouvet,TELECOM,Korhogo,Côte d'Ivoire,2025-09-16,MEDIUM
1186,Jacquet SA,FUEL_STATION,Abidjan,Côte d'Ivoire,2018-02-25,LOW
1187,Goncalves S.A.S.,PHARMACY,Abidjan,Côte d'Ivoire,2024-11-03,LOW
1188,Louis Jourdan S.A.,FUEL_STATION,Bouake,Côte d'Ivoire,2023-02-08,LOW
1189,Royer Gilles S.A.R.L.,TRANSPORT,Yamoussoukro,Côte d'Ivoire,2020-04-22,LOW
1190,Valette et Fils,RESTAURANT,Korhogo,Côte d'Ivoire,2011-09-23,LOW
1191,Payet,RESTAURANT,Abidjan,Côte d'Ivoire,2022-08-03,HIGH
1192,Brunel Petit S.A.,FUEL_STATION,Man,Côte d'Ivoire,2015-11-14,LOW
1193,Mendès,PHARMACY,Abidjan,Côte d'Ivoire,2023-08-23,MEDIUM
1194,Briand,HOTEL,Abidjan,Côte d'Ivoire,2017-12-24,LOW
1195,Jacques,TELECOM,Abidjan,Côte d'Ivoire,2015-11-11,LOW
1196,Turpin Hernandez et Fils,CLOTHING,San Pedro,Côte d'Ivoire,2020-06-07,MEDIUM
1197,Mary,TRANSPORT,San Pedro,Côte d'Ivoire,2013-04-25,LOW
1198,Gros et Fils,TRANSPORT,Bouake,Côte d'Ivoire,2025-12-02,LOW
1199,Guilbert,PHARMACY,Yamoussoukro,Côte d'Ivoire,2022-08-03,LOW
1200,Léger,PHARMACY,Abidjan,Côte d'Ivoire,2023-03-21,LOW
1201,Leduc SA,CLOTHING,Bouake,Côte d'Ivoire,2017-04-18,LOW
1202,Riou,TELECOM,San Pedro,Côte d'Ivoire,2017-02-08,MEDIUM
1203,Bertin,TELECOM,Abidjan,Côte d'Ivoire,2022-09-26,LOW
1204,Roche,TRANSPORT,Bouake,Côte d'Ivoire,2014-02-15,LOW
1205,Boyer Brunel S.A.R.L.,ELECTRONICS,Bouake,Côte d'Ivoire,2022-10-24,LOW
1206,Bazin,ELECTRONICS,Daloa,Côte d'Ivoire,2013-12-15,LOW
1207,Bègue S.A.R.L.,TRANSPORT,Daloa,Côte d'Ivoire,2016-08-08,MEDIUM
1208,Humbert,TELECOM,Korhogo,Côte d'Ivoire,2018-06-17,MEDIUM
1209,Gallet,HOTEL,Korhogo,Côte d'Ivoire,2012-03-05,LOW
1210,Le Goff Pages et Fils,TRANSPORT,Yamoussoukro,Côte d'Ivoire,2015-05-11,LOW
1211,Leconte,HOTEL,Korhogo,Côte d'Ivoire,2017-09-03,LOW
1212,Picard,E_COMMERCE,Abidjan,Côte d'Ivoire,2025-11-16,MEDIUM
1213,Cousin Pereira S.A.R.L.,TELECOM,Korhogo,Côte d'Ivoire,2013-10-02,LOW
1214,Pages,CLOTHING,Bouake,Côte d'Ivoire,2025-04-29,HIGH
1215,Bazin Daniel et Fils,RESTAURANT,Bouake,Côte d'Ivoire,2013-02-03,LOW
1216,Monnier Hubert et Fils,E_COMMERCE,Korhogo,Côte d'Ivoire,2026-05-26,MEDIUM
1217,De Oliveira,SUPERMARKET,Daloa,Côte d'Ivoire,2024-12-25,HIGH
1218,Guichard,FUEL_STATION,Korhogo,Côte d'Ivoire,2016-01-04,MEDIUM
1219,Barthelemy,TRANSPORT,Yamoussoukro,Côte d'Ivoire,2026-01-21,MEDIUM
1220,Lelièvre SA,PHARMACY,Bouake,Côte d'Ivoire,2026-04-25,LOW
1221,Georges S.A.,HOTEL,Daloa,Côte d'Ivoire,2020-02-02,MEDIUM
1222,Bazin S.A.R.L.,HOTEL,Korhogo,Côte d'Ivoire,2020-08-03,LOW
1223,Pasquier,HOTEL,Korhogo,Côte d'Ivoire,2012-06-29,LOW
1224,Dos Santos Bourgeois SARL,CLOTHING,Bouake,Côte d'Ivoire,2018-07-15,MEDIUM
1225,Meunier,TELECOM,Korhogo,Côte d'Ivoire,2016-12-15,LOW
1226,Merle Faure S.A.R.L.,TELECOM,Abidjan,Côte d'Ivoire,2017-03-26,LOW
1227,Bouvier Couturier SA,FUEL_STATION,Korhogo,Côte d'Ivoire,2011-08-28,LOW
1228,Paris,ELECTRONICS,San Pedro,Côte d'Ivoire,2015-02-20,LOW
1229,Verdier Salmon S.A.,CLOTHING,Bouake,Côte d'Ivoire,2019-11-27,MEDIUM
1230,Dumont S.A.S.,HOTEL,Man,Côte d'Ivoire,2018-12-14,LOW
1231,Antoine,HOTEL,Abidjan,Côte d'Ivoire,2018-11-15,LOW
1232,Jacob,CLOTHING,Man,Côte d'Ivoire,2011-08-28,MEDIUM
1233,Joubert S.A.,RESTAURANT,Daloa,Côte d'Ivoire,2024-01-03,LOW
1234,Garcia,HOTEL,Abidjan,Côte d'Ivoire,2017-01-21,LOW
1235,Moreau Labbé SA,TRANSPORT,Korhogo,Côte d'Ivoire,2022-03-28,LOW
1236,Jean Lemonnier SARL,E_COMMERCE,Yamoussoukro,Côte d'Ivoire,2016-11-19,LOW
1237,Henry Jacob S.A.S.,PHARMACY,Man,Côte d'Ivoire,2021-08-03,MEDIUM
1238,Brun,TELECOM,Man,Côte d'Ivoire,2012-09-07,LOW
1239,Léger SARL,ELECTRONICS,Man,Côte d'Ivoire,2019-05-02,MEDIUM
1240,Gay,CLOTHING,Daloa,Côte d'Ivoire,2023-04-05,LOW
1241,Le Goff Camus SARL,CLOTHING,Daloa,Côte d'Ivoire,2024-05-03,LOW
1242,Gaillard Antoine SA,E_COMMERCE,Man,Côte d'Ivoire,2015-06-18,LOW
1243,Petitjean Payet S.A.,PHARMACY,Bouake,Côte d'Ivoire,2024-01-24,MEDIUM
1244,Pruvost S.A.S.,CLOTHING,San Pedro,Côte d'Ivoire,2014-06-14,MEDIUM
1245,Poulain et Fils,CLOTHING,Abidjan,Côte d'Ivoire,2022-08-23,LOW
1246,Mallet et Fils,HOTEL,Daloa,Côte d'Ivoire,2015-12-05,HIGH
1247,Valentin SA,FUEL_STATION,Man,Côte d'Ivoire,2022-11-02,LOW
1248,Guibert SA,TELECOM,Bouake,Côte d'Ivoire,2012-05-24,LOW
1249,Delattre S.A.R.L.,RESTAURANT,Bouake,Côte d'Ivoire,2018-01-16,LOW
1250,Lévy SARL,HOTEL,Bouake,Côte d'Ivoire,2019-08-24,LOW
1251,Leclerc Lemonnier et Fils,RESTAURANT,Daloa,Côte d'Ivoire,2022-04-19,MEDIUM
1252,Hernandez S.A.R.L.,HOTEL,San Pedro,Côte d'Ivoire,2022-10-31,LOW
1253,Dupré S.A.S.,FUEL_STATION,Bouake,Côte d'Ivoire,2016-03-02,LOW
1254,Humbert Duval S.A.S.,HOTEL,Yamoussoukro,Côte d'Ivoire,2023-10-21,MEDIUM
1255,Carre SA,SUPERMARKET,Abidjan,Côte d'Ivoire,2024-12-04,LOW
1256,Mahe S.A.,TRANSPORT,Bouake,Côte d'Ivoire,2021-12-08,MEDIUM
1257,Merle Charles S.A.S.,TELECOM,San Pedro,Côte d'Ivoire,2015-01-03,LOW
1258,Fischer,TRANSPORT,Abidjan,Côte d'Ivoire,2018-07-19,MEDIUM
1259,Renard,CLOTHING,Man,Côte d'Ivoire,2012-03-30,MEDIUM
1260,Guillaume,FUEL_STATION,Bouake,Côte d'Ivoire,2023-04-14,LOW
1261,Rémy,SUPERMARKET,Yamoussoukro,Côte d'Ivoire,2015-07-26,LOW
1262,Richard et Fils,E_COMMERCE,Abidjan,Côte d'Ivoire,2013-02-02,LOW
1263,Baudry et Fils,PHARMACY,San Pedro,Côte d'Ivoire,2019-12-25,LOW
1264,Robin Valette S.A.S.,RESTAURANT,Korhogo,Côte d'Ivoire,2012-11-07,MEDIUM
1265,Boucher et Fils,RESTAURANT,Yamoussoukro,Côte d'Ivoire,2015-07-05,LOW
1266,Collet,CLOTHING,San Pedro,Côte d'Ivoire,2016-01-26,MEDIUM
1267,Girard,TRANSPORT,Man,Côte d'Ivoire,2013-04-10,LOW
1268,Fournier Charpentier SARL,TRANSPORT,Bouake,Côte d'Ivoire,2025-03-18,LOW
1269,Launay,HOTEL,Bouake,Côte d'Ivoire,2024-02-21,HIGH
1270,Gauthier SA,TRANSPORT,Man,Côte d'Ivoire,2011-09-28,LOW
1271,Dupré Jourdan S.A.,ELECTRONICS,Yamoussoukro,Côte d'Ivoire,2017-03-02,LOW
1272,Navarro,E_COMMERCE,Bouake,Côte d'Ivoire,2022-02-25,LOW
1273,Peron,TRANSPORT,Korhogo,Côte d'Ivoire,2013-02-26,LOW
1274,Le Goff,TELECOM,Bouake,Côte d'Ivoire,2014-09-08,LOW
1275,Maréchal S.A.R.L.,SUPERMARKET,San Pedro,Côte d'Ivoire,2019-05-05,LOW
1276,Collin,CLOTHING,San Pedro,Côte d'Ivoire,2023-04-24,LOW
1277,De Oliveira,SUPERMARKET,Bouake,Côte d'Ivoire,2022-08-12,LOW
1278,Marie Payet et Fils,E_COMMERCE,Abidjan,Côte d'Ivoire,2023-12-07,LOW
1279,Leroux SA,RESTAURANT,Yamoussoukro,Côte d'Ivoire,2018-08-27,MEDIUM
1280,Colas,TELECOM,San Pedro,Côte d'Ivoire,2023-02-12,MEDIUM
1281,Arnaud,E_COMMERCE,Abidjan,Côte d'Ivoire,2021-12-22,LOW
1282,Merle,TRANSPORT,Bouake,Côte d'Ivoire,2017-09-04,LOW
1283,Pottier et Fils,TRANSPORT,Yamoussoukro,Côte d'Ivoire,2013-10-18,LOW
1284,Coulon,SUPERMARKET,Yamoussoukro,Côte d'Ivoire,2013-06-30,LOW
1285,Besnard,E_COMMERCE,Bouake,Côte d'Ivoire,2012-05-10,MEDIUM
1286,Bertin et Fils,CLOTHING,Abidjan,Côte d'Ivoire,2016-12-02,LOW
1287,Fischer et Fils,RESTAURANT,Abidjan,Côte d'Ivoire,2020-07-03,LOW
1288,Laroche Maillot S.A.S.,ELECTRONICS,San Pedro,Côte d'Ivoire,2020-06-22,HIGH
1289,Lesage et Fils,CLOTHING,Bouake,Côte d'Ivoire,2023-12-09,LOW
1290,Leduc Perrot et Fils,TRANSPORT,Daloa,Côte d'Ivoire,2023-01-30,LOW
1291,Gérard,ELECTRONICS,Man,Côte d'Ivoire,2025-11-06,MEDIUM
1292,Dubois et Fils,TELECOM,Korhogo,Côte d'Ivoire,2014-03-31,MEDIUM
1293,Costa,TELECOM,Yamoussoukro,Côte d'Ivoire,2026-05-14,LOW
1294,Sanchez Hamel S.A.R.L.,SUPERMARKET,Korhogo,Côte d'Ivoire,2017-01-11,LOW
1295,Rémy Lopes SA,ELECTRONICS,Daloa,Côte d'Ivoire,2020-03-13,LOW
1296,Dias Weiss S.A.R.L.,CLOTHING,Bouake,Côte d'Ivoire,2018-06-08,LOW
1297,Chevalier Jacques S.A.R.L.,TELECOM,Bouake,Côte d'Ivoire,2025-03-16,MEDIUM
1298,Blanc,PHARMACY,Bouake,Côte d'Ivoire,2026-02-23,MEDIUM
1299,Cohen,PHARMACY,Abidjan,Côte d'Ivoire,2016-12-13,LOW
1300,Mahe et Fils,TRANSPORT,Bouake,Côte d'Ivoire,2022-09-09,HIGH
1301,Henry S.A.R.L.,PHARMACY,Daloa,Côte d'Ivoire,2018-08-04,LOW
1302,Pascal S.A.S.,HOTEL,Man,Côte d'Ivoire,2011-07-31,MEDIUM
1303,Texier S.A.S.,RESTAURANT,Abidjan,Côte d'Ivoire,2022-06-03,LOW
1304,Grégoire,TRANSPORT,Korhogo,Côte d'Ivoire,2021-02-21,LOW
1305,Bègue Leconte S.A.R.L.,E_COMMERCE,Korhogo,Côte d'Ivoire,2017-05-16,LOW
1306,Vincent,SUPERMARKET,Daloa,Côte d'Ivoire,2025-06-20,MEDIUM
1307,De Sousa Rémy S.A.S.,CLOTHING,Korhogo,Côte d'Ivoire,2024-08-18,MEDIUM
1308,Auger,RESTAURANT,San Pedro,Côte d'Ivoire,2022-10-03,LOW
1309,Auger,CLOTHING,Korhogo,Côte d'Ivoire,2019-04-10,LOW
1310,Pereira et Fils,RESTAURANT,Abidjan,Côte d'Ivoire,2015-05-07,LOW
1311,Leblanc SARL,RESTAURANT,Daloa,Côte d'Ivoire,2025-09-10,LOW
1312,Lévy,ELECTRONICS,Yamoussoukro,Côte d'Ivoire,2020-06-15,MEDIUM
1313,Boutin,E_COMMERCE,San Pedro,Côte d'Ivoire,2013-05-20,LOW
1314,Gaillard S.A.R.L.,CLOTHING,Korhogo,Côte d'Ivoire,2013-12-18,LOW
1315,Gautier,PHARMACY,Yamoussoukro,Côte d'Ivoire,2015-11-26,LOW
1316,Roche Mathieu S.A.R.L.,CLOTHING,Korhogo,Côte d'Ivoire,2015-03-30,LOW
1317,Aubert,TRANSPORT,Abidjan,Côte d'Ivoire,2023-10-08,LOW
1318,Nicolas,HOTEL,Man,Côte d'Ivoire,2024-06-15,LOW
1319,Lambert,TELECOM,Yamoussoukro,Côte d'Ivoire,2022-05-07,MEDIUM
1320,Leleu S.A.R.L.,SUPERMARKET,Yamoussoukro,Côte d'Ivoire,2019-05-11,MEDIUM
1321,Didier Thomas S.A.S.,E_COMMERCE,Yamoussoukro,Côte d'Ivoire,2024-02-06,LOW
1322,Lenoir S.A.R.L.,TELECOM,Daloa,Côte d'Ivoire,2025-11-05,LOW
1323,Grégoire,RESTAURANT,Daloa,Côte d'Ivoire,2024-11-11,LOW
1324,Jacquot Delorme S.A.,E_COMMERCE,Man,Côte d'Ivoire,2024-01-02,LOW
1325,Duval Chevallier et Fils,HOTEL,Yamoussoukro,Côte d'Ivoire,2021-10-16,MEDIUM
1326,Bodin,CLOTHING,Man,Côte d'Ivoire,2026-07-27,LOW
1327,Humbert,TELECOM,Bouake,Côte d'Ivoire,2021-12-08,MEDIUM
1328,Paris Chauvin SARL,TRANSPORT,Man,Côte d'Ivoire,2016-07-30,LOW
1329,Lucas,ELECTRONICS,Daloa,Côte d'Ivoire,2013-12-04,LOW
1330,Marion,SUPERMARKET,Korhogo,Côte d'Ivoire,2023-06-26,MEDIUM
1331,Boutin,RESTAURANT,Yamoussoukro,Côte d'Ivoire,2020-11-22,MEDIUM
1332,Mendès,TRANSPORT,Bouake,Côte d'Ivoire,2024-02-10,MEDIUM
1333,Bourgeois Lacroix S.A.S.,ELECTRONICS,Korhogo,Côte d'Ivoire,2023-09-24,LOW
1334,Torres,FUEL_STATION,Daloa,Côte d'Ivoire,2017-06-13,LOW
1335,Lacombe Delahaye S.A.,SUPERMARKET,Bouake,Côte d'Ivoire,2020-02-24,LOW
1336,Lacombe,SUPERMARKET,Yamoussoukro,Côte d'Ivoire,2013-07-16,MEDIUM
1337,Guilbert,E_COMMERCE,Yamoussoukro,Côte d'Ivoire,2019-09-30,MEDIUM
1338,Parent,ELECTRONICS,San Pedro,Côte d'Ivoire,2024-04-19,LOW
1339,Briand,RESTAURANT,Man,Côte d'Ivoire,2025-04-29,LOW
1340,Barbe SA,HOTEL,San Pedro,Côte d'Ivoire,2012-01-03,LOW
1341,Rodrigues,PHARMACY,Daloa,Côte d'Ivoire,2012-06-23,LOW
1342,Bourgeois SARL,ELECTRONICS,Yamoussoukro,Côte d'Ivoire,2024-05-03,LOW
1343,Renault Normand SARL,E_COMMERCE,Man,Côte d'Ivoire,2014-01-24,MEDIUM
1344,Blot SARL,RESTAURANT,Yamoussoukro,Côte d'Ivoire,2015-01-17,LOW
1345,Pelletier S.A.R.L.,SUPERMARKET,Bouake,Côte d'Ivoire,2013-04-26,MEDIUM
1346,Bernier Jourdan S.A.S.,FUEL_STATION,Daloa,Côte d'Ivoire,2018-03-11,LOW
1347,Gros Grenier SARL,FUEL_STATION,Man,Côte d'Ivoire,2023-05-13,LOW
1348,Weber S.A.R.L.,TRANSPORT,Korhogo,Côte d'Ivoire,2018-08-30,LOW
1349,Courtois,SUPERMARKET,San Pedro,Côte d'Ivoire,2012-06-28,MEDIUM
1350,Bernier SARL,PHARMACY,Korhogo,Côte d'Ivoire,2015-01-11,MEDIUM
1351,Jean,FUEL_STATION,Yamoussoukro,Côte d'Ivoire,2022-05-11,LOW
1352,Faivre,E_COMMERCE,Man,Côte d'Ivoire,2021-08-02,HIGH
1353,Diallo Pages S.A.,E_COMMERCE,San Pedro,Côte d'Ivoire,2016-07-30,MEDIUM
1354,Schmitt,HOTEL,San Pedro,Côte d'Ivoire,2023-03-10,LOW
1355,Lemoine S.A.,TELECOM,Yamoussoukro,Côte d'Ivoire,2024-01-30,LOW
1356,Hoareau SA,CLOTHING,San Pedro,Côte d'Ivoire,2018-11-12,LOW
1357,Berthelot,SUPERMARKET,Korhogo,Côte d'Ivoire,2016-01-26,HIGH
1358,Renard Mary SARL,HOTEL,Korhogo,Côte d'Ivoire,2011-09-03,LOW
1359,Turpin,CLOTHING,Yamoussoukro,Côte d'Ivoire,2023-08-25,LOW
1360,Fournier Brunet SARL,RESTAURANT,San Pedro,Côte d'Ivoire,2021-09-23,LOW
1361,Becker et Fils,E_COMMERCE,Man,Côte d'Ivoire,2022-01-18,LOW
1362,Marin,E_COMMERCE,Yamoussoukro,Côte d'Ivoire,2025-01-05,LOW
1363,Legrand,E_COMMERCE,Bouake,Côte d'Ivoire,2024-11-29,LOW
1364,Laine,FUEL_STATION,Abidjan,Côte d'Ivoire,2015-04-26,MEDIUM
1365,Dijoux Mercier S.A.S.,CLOTHING,San Pedro,Côte d'Ivoire,2014-04-15,LOW
1366,Devaux,PHARMACY,Man,Côte d'Ivoire,2020-09-17,LOW
1367,Morin,TELECOM,Yamoussoukro,Côte d'Ivoire,2017-07-09,LOW
1368,Benoit Dupré SARL,TRANSPORT,San Pedro,Côte d'Ivoire,2017-03-17,LOW
1369,Cousin,SUPERMARKET,Korhogo,Côte d'Ivoire,2015-04-17,MEDIUM
1370,Guilbert,CLOTHING,Daloa,Côte d'Ivoire,2025-08-03,LOW
1371,Noël et Fils,FUEL_STATION,Man,Côte d'Ivoire,2017-06-18,LOW
1372,Guillot,TELECOM,Man,Côte d'Ivoire,2022-07-02,LOW
1373,Fournier Normand SARL,E_COMMERCE,Daloa,Côte d'Ivoire,2018-01-23,LOW
1374,Collin SARL,ELECTRONICS,Bouake,Côte d'Ivoire,2020-10-06,LOW
1375,Laurent,TELECOM,Bouake,Côte d'Ivoire,2020-05-14,MEDIUM
1376,Buisson,ELECTRONICS,Daloa,Côte d'Ivoire,2025-03-26,MEDIUM
1377,Coulon,HOTEL,Man,Côte d'Ivoire,2012-04-27,LOW
1378,Gilles,HOTEL,Bouake,Côte d'Ivoire,2014-11-07,MEDIUM
1379,Buisson,E_COMMERCE,San Pedro,Côte d'Ivoire,2012-12-22,MEDIUM
1380,Brun S.A.S.,HOTEL,Yamoussoukro,Côte d'Ivoire,2020-08-24,LOW
1381,Toussaint SA,E_COMMERCE,San Pedro,Côte d'Ivoire,2015-02-28,MEDIUM
1382,Pottier Lamy SA,TELECOM,Abidjan,Côte d'Ivoire,2015-01-27,MEDIUM
1383,Jourdan,CLOTHING,Korhogo,Côte d'Ivoire,2025-06-21,MEDIUM
1384,Letellier et Fils,RESTAURANT,San Pedro,Côte d'Ivoire,2014-03-11,MEDIUM
1385,Jacques et Fils,ELECTRONICS,Abidjan,Côte d'Ivoire,2017-03-21,MEDIUM
1386,Fernandez SA,TRANSPORT,Korhogo,Côte d'Ivoire,2012-07-01,LOW
1387,Deschamps Pascal SA,SUPERMARKET,Daloa,Côte d'Ivoire,2021-05-10,MEDIUM
1388,Poirier Cordier S.A.R.L.,PHARMACY,Bouake,Côte d'Ivoire,2019-04-02,LOW
1389,Lesage,CLOTHING,San Pedro,Côte d'Ivoire,2016-12-16,LOW
1390,Perrier et Fils,PHARMACY,Daloa,Côte d'Ivoire,2013-08-03,LOW
1391,Clerc et Fils,HOTEL,Man,Côte d'Ivoire,2022-02-04,HIGH
1392,Boulay et Fils,HOTEL,Man,Côte d'Ivoire,2021-07-15,LOW
1393,Bonnin SA,TELECOM,Yamoussoukro,Côte d'Ivoire,2017-08-29,LOW
1394,Charpentier et Fils,PHARMACY,Korhogo,Côte d'Ivoire,2016-09-13,MEDIUM
1395,Carre S.A.R.L.,TELECOM,Daloa,Côte d'Ivoire,2018-01-24,MEDIUM
1396,Peltier,RESTAURANT,Bouake,Côte d'Ivoire,2012-02-06,LOW
1397,Barbier,TRANSPORT,San Pedro,Côte d'Ivoire,2020-08-25,LOW
1398,Dufour Letellier S.A.R.L.,TELECOM,San Pedro,Côte d'Ivoire,2025-02-16,LOW
1399,Couturier,ELECTRONICS,Bouake,Côte d'Ivoire,2014-01-10,MEDIUM
1400,Labbé,SUPERMARKET,Yamoussoukro,Côte d'Ivoire,2025-02-06,MEDIUM
1401,Dubois,ELECTRONICS,Bouake,Côte d'Ivoire,2020-12-28,LOW
1402,Denis Dupont SA,SUPERMARKET,Man,Côte d'Ivoire,2021-04-26,MEDIUM
1403,Tanguy,FUEL_STATION,Man,Côte d'Ivoire,2020-11-21,MEDIUM
1404,Schneider S.A.,E_COMMERCE,Bouake,Côte d'Ivoire,2024-04-21,LOW
1405,Lecomte,ELECTRONICS,Korhogo,Côte d'Ivoire,2018-08-06,LOW
1406,Renard Gonzalez S.A.,RESTAURANT,Daloa,Côte d'Ivoire,2022-01-26,LOW
1407,Leclercq,E_COMMERCE,San Pedro,Côte d'Ivoire,2013-07-11,MEDIUM
1408,Leconte Duhamel SA,CLOTHING,Korhogo,Côte d'Ivoire,2026-01-22,LOW
1409,Imbert,PHARMACY,Yamoussoukro,Côte d'Ivoire,2020-12-04,HIGH
1410,Charpentier et Fils,TELECOM,Yamoussoukro,Côte d'Ivoire,2012-09-20,MEDIUM
1411,Perrin,PHARMACY,Daloa,Côte d'Ivoire,2014-12-07,LOW
1412,Rémy,FUEL_STATION,Bouake,Côte d'Ivoire,2017-08-26,MEDIUM
1413,Leconte Bègue S.A.,PHARMACY,Bouake,Côte d'Ivoire,2013-04-11,MEDIUM
1414,Legendre,CLOTHING,Korhogo,Côte d'Ivoire,2012-10-05,LOW
1415,Prévost Vallée S.A.R.L.,HOTEL,Man,Côte d'Ivoire,2017-02-28,LOW
1416,Lemonnier,SUPERMARKET,San Pedro,Côte d'Ivoire,2021-07-06,MEDIUM
1417,Moreno Duhamel SARL,E_COMMERCE,Daloa,Côte d'Ivoire,2025-04-25,LOW
1418,Gilbert,SUPERMARKET,Korhogo,Côte d'Ivoire,2014-06-11,HIGH
1419,Bouvier S.A.,RESTAURANT,Man,Côte d'Ivoire,2024-12-09,MEDIUM
1420,Mendès Rousset et Fils,SUPERMARKET,Man,Côte d'Ivoire,2018-12-29,LOW
1421,Alves,TELECOM,San Pedro,Côte d'Ivoire,2013-11-10,LOW
1422,Voisin,E_COMMERCE,San Pedro,Côte d'Ivoire,2019-06-14,MEDIUM
1423,Pelletier,FUEL_STATION,Man,Côte d'Ivoire,2024-10-03,LOW
1424,Coulon,SUPERMARKET,Yamoussoukro,Côte d'Ivoire,2020-12-16,LOW
1425,Roger et Fils,RESTAURANT,Man,Côte d'Ivoire,2021-11-23,LOW
1426,Guyot S.A.,CLOTHING,Korhogo,Côte d'Ivoire,2020-09-26,MEDIUM
1427,Charles Peron et Fils,TRANSPORT,Daloa,Côte d'Ivoire,2012-11-16,MEDIUM
1428,Moreau S.A.S.,ELECTRONICS,Man,Côte d'Ivoire,2022-04-27,LOW
1429,Blin S.A.S.,E_COMMERCE,Abidjan,Côte d'Ivoire,2018-06-20,MEDIUM
1430,Da Silva Courtois SARL,TELECOM,Bouake,Côte d'Ivoire,2020-10-27,LOW
1431,Guibert,E_COMMERCE,Daloa,Côte d'Ivoire,2024-10-05,LOW
1432,Poulain Michaud S.A.,FUEL_STATION,Yamoussoukro,Côte d'Ivoire,2024-09-16,MEDIUM
1433,Lucas,E_COMMERCE,Bouake,Côte d'Ivoire,2019-06-25,LOW
1434,Chauvin SARL,TELECOM,Bouake,Côte d'Ivoire,2020-02-13,LOW
1435,Dupré S.A.,TELECOM,Yamoussoukro,Côte d'Ivoire,2026-01-01,LOW
1436,Boulay Buisson S.A.,SUPERMARKET,Man,Côte d'Ivoire,2019-03-02,LOW
1437,Colin Moreno S.A.S.,RESTAURANT,Daloa,Côte d'Ivoire,2022-10-17,LOW
1438,Guyon Foucher S.A.R.L.,TELECOM,Bouake,Côte d'Ivoire,2017-09-05,MEDIUM
1439,Vasseur S.A.R.L.,ELECTRONICS,Abidjan,Côte d'Ivoire,2015-07-09,MEDIUM
1440,Aubry SARL,RESTAURANT,Yamoussoukro,Côte d'Ivoire,2015-07-23,LOW
1441,Laroche S.A.,TELECOM,Yamoussoukro,Côte d'Ivoire,2020-05-21,LOW
1442,Chevallier,SUPERMARKET,Abidjan,Côte d'Ivoire,2019-07-26,MEDIUM
1443,Lambert,SUPERMARKET,Daloa,Côte d'Ivoire,2012-04-02,LOW
1444,Henry,HOTEL,San Pedro,Côte d'Ivoire,2023-07-19,MEDIUM
1445,Traore,RESTAURANT,Daloa,Côte d'Ivoire,2016-01-21,MEDIUM
1446,Mallet Guibert S.A.R.L.,SUPERMARKET,Abidjan,Côte d'Ivoire,2017-10-15,MEDIUM
1447,Blondel SARL,PHARMACY,Yamoussoukro,Côte d'Ivoire,2017-12-23,LOW
1448,Blondel Lebon SARL,TELECOM,Korhogo,Côte d'Ivoire,2025-06-24,LOW
1449,Coulon,RESTAURANT,Yamoussoukro,Côte d'Ivoire,2025-01-22,MEDIUM
1450,Texier,PHARMACY,Abidjan,Côte d'Ivoire,2011-09-08,LOW
1451,Besnard Gaillard S.A.,TELECOM,Yamoussoukro,Côte d'Ivoire,2012-11-20,MEDIUM
1452,Lecomte,TELECOM,Daloa,Côte d'Ivoire,2014-02-17,LOW
1453,Barbier Étienne S.A.S.,PHARMACY,Abidjan,Côte d'Ivoire,2023-10-12,LOW
1454,Peltier S.A.,SUPERMARKET,Daloa,Côte d'Ivoire,2018-08-18,LOW
1455,Fouquet,TRANSPORT,Korhogo,Côte d'Ivoire,2013-07-03,LOW
1456,Parent,CLOTHING,Man,Côte d'Ivoire,2019-09-21,LOW
1457,Lacroix,CLOTHING,San Pedro,Côte d'Ivoire,2021-08-17,MEDIUM
1458,Jourdan Bouchet SA,CLOTHING,Abidjan,Côte d'Ivoire,2015-09-21,MEDIUM
1459,Rodriguez S.A.S.,PHARMACY,San Pedro,Côte d'Ivoire,2021-08-26,MEDIUM
1460,Lucas Lombard S.A.S.,RESTAURANT,San Pedro,Côte d'Ivoire,2012-03-29,LOW
1461,Lefèvre Brun SARL,RESTAURANT,Yamoussoukro,Côte d'Ivoire,2014-08-21,LOW
1462,Joseph,SUPERMARKET,Man,Côte d'Ivoire,2021-03-01,MEDIUM
1463,Fouquet et Fils,ELECTRONICS,Daloa,Côte d'Ivoire,2022-10-31,MEDIUM
1464,Clément,CLOTHING,Bouake,Côte d'Ivoire,2015-04-05,HIGH
1465,Seguin,HOTEL,Korhogo,Côte d'Ivoire,2019-08-06,LOW
1466,Picard,CLOTHING,Abidjan,Côte d'Ivoire,2015-04-23,LOW
1467,Brunel,FUEL_STATION,San Pedro,Côte d'Ivoire,2014-01-01,LOW
1468,Ferrand Delmas S.A.S.,TRANSPORT,Bouake,Côte d'Ivoire,2016-01-28,MEDIUM
1469,Ramos Torres SARL,ELECTRONICS,Korhogo,Côte d'Ivoire,2019-04-16,LOW
1470,Rolland S.A.R.L.,PHARMACY,Korhogo,Côte d'Ivoire,2018-02-18,MEDIUM
1471,Nicolas Durand S.A.,TELECOM,Daloa,Côte d'Ivoire,2020-06-20,LOW
1472,Gérard,TELECOM,Yamoussoukro,Côte d'Ivoire,2021-11-16,LOW
1473,Schmitt S.A.R.L.,E_COMMERCE,Abidjan,Côte d'Ivoire,2022-01-12,LOW
1474,Rossi S.A.S.,ELECTRONICS,Man,Côte d'Ivoire,2024-05-17,LOW
1475,Morin S.A.R.L.,FUEL_STATION,Abidjan,Côte d'Ivoire,2022-10-17,LOW
1476,Marion Gimenez SA,CLOTHING,San Pedro,Côte d'Ivoire,2024-10-03,LOW
1477,Barbe,TELECOM,San Pedro,Côte d'Ivoire,2018-09-25,LOW
1478,Bertrand,TELECOM,Man,Côte d'Ivoire,2023-06-12,LOW
1479,Rolland,RESTAURANT,San Pedro,Côte d'Ivoire,2025-03-23,LOW
1480,Lecoq,ELECTRONICS,Korhogo,Côte d'Ivoire,2018-01-22,LOW
1481,Pruvost,RESTAURANT,Daloa,Côte d'Ivoire,2025-04-06,LOW
1482,Lamy S.A.,CLOTHING,Man,Côte d'Ivoire,2015-11-27,LOW
1483,Gosselin,ELECTRONICS,Korhogo,Côte d'Ivoire,2015-07-13,LOW
1484,Jacquet S.A.S.,TELECOM,Yamoussoukro,Côte d'Ivoire,2026-06-29,LOW
1485,Boucher,SUPERMARKET,Daloa,Côte d'Ivoire,2014-10-16,LOW
1486,Lacombe et Fils,TELECOM,Yamoussoukro,Côte d'Ivoire,2025-01-02,LOW
1487,Verdier S.A.S.,CLOTHING,Korhogo,Côte d'Ivoire,2013-07-31,LOW
1488,Mallet et Fils,HOTEL,Man,Côte d'Ivoire,2015-01-26,LOW
1489,Lejeune,RESTAURANT,Daloa,Côte d'Ivoire,2017-09-27,LOW
1490,Meyer S.A.R.L.,SUPERMARKET,Yamoussoukro,Côte d'Ivoire,2022-08-29,LOW
1491,Bertin,E_COMMERCE,Korhogo,Côte d'Ivoire,2026-02-13,LOW
1492,Moreno,RESTAURANT,Abidjan,Côte d'Ivoire,2017-10-18,MEDIUM
1493,Bazin,TELECOM,Bouake,Côte d'Ivoire,2018-05-03,MEDIUM
1494,Pasquier Courtois S.A.S.,TRANSPORT,Abidjan,Côte d'Ivoire,2019-10-13,LOW
1495,Lemaître Vaillant S.A.S.,FUEL_STATION,Bouake,Côte d'Ivoire,2019-10-21,LOW
1496,Le Gall,TRANSPORT,Bouake,Côte d'Ivoire,2021-05-27,LOW
1497,Becker,FUEL_STATION,Man,Côte d'Ivoire,2023-07-30,LOW
1498,Guyon,TRANSPORT,Abidjan,Côte d'Ivoire,2013-12-03,MEDIUM
1499,Letellier S.A.,CLOTHING,Abidjan,Côte d'Ivoire,2019-03-05,MEDIUM
1500,Roussel Benoit S.A.S.,TELECOM,San Pedro,Côte d'Ivoire,2018-05-22,LOW
1501,Dias,ELECTRONICS,Bouake,Côte d'Ivoire,2022-01-08,HIGH
1502,Renard S.A.R.L.,SUPERMARKET,Korhogo,Côte d'Ivoire,2022-05-24,MEDIUM
1503,Robin S.A.,ELECTRONICS,San Pedro,Côte d'Ivoire,2019-08-07,MEDIUM
1504,Blanc,TELECOM,Korhogo,Côte d'Ivoire,2012-08-31,MEDIUM
1505,Louis,PHARMACY,Man,Côte d'Ivoire,2017-11-19,LOW
1506,Raynaud SA,PHARMACY,Abidjan,Côte d'Ivoire,2023-11-25,LOW
1507,Maréchal,CLOTHING,Korhogo,Côte d'Ivoire,2022-01-08,MEDIUM
1508,Mendès,ELECTRONICS,San Pedro,Côte d'Ivoire,2021-09-27,LOW
1509,Becker S.A.,CLOTHING,Man,Côte d'Ivoire,2022-06-20,MEDIUM
1510,Navarro,E_COMMERCE,San Pedro,Côte d'Ivoire,2011-10-04,HIGH
1511,Descamps Paul SARL,E_COMMERCE,San Pedro,Côte d'Ivoire,2014-11-21,MEDIUM
1512,Joseph S.A.S.,PHARMACY,San Pedro,Côte d'Ivoire,2020-05-08,LOW
1513,Bonneau Roy et Fils,ELECTRONICS,Yamoussoukro,Côte d'Ivoire,2012-03-10,MEDIUM
1514,Dupuis,ELECTRONICS,Daloa,Côte d'Ivoire,2022-09-20,LOW
1515,Barbier SA,ELECTRONICS,Man,Côte d'Ivoire,2016-04-08,LOW
1516,Benard,FUEL_STATION,Korhogo,Côte d'Ivoire,2022-12-20,MEDIUM
1517,Lebon,HOTEL,Man,Côte d'Ivoire,2021-07-18,LOW
1518,Paul Garcia et Fils,PHARMACY,Korhogo,Côte d'Ivoire,2023-07-19,LOW
1519,Robin S.A.S.,HOTEL,Man,Côte d'Ivoire,2016-05-31,LOW
1520,Perrot,HOTEL,Korhogo,Côte d'Ivoire,2025-06-13,LOW
1521,Jean,CLOTHING,Man,Côte d'Ivoire,2021-11-21,MEDIUM
1522,De Sousa Antoine S.A.S.,ELECTRONICS,Yamoussoukro,Côte d'Ivoire,2011-08-27,MEDIUM
1523,Roger,TRANSPORT,Daloa,Côte d'Ivoire,2018-07-02,LOW
1524,Vaillant SA,RESTAURANT,Abidjan,Côte d'Ivoire,2020-02-19,LOW
1525,Leblanc,SUPERMARKET,Man,Côte d'Ivoire,2013-07-26,LOW
1526,Tanguy,E_COMMERCE,Daloa,Côte d'Ivoire,2025-05-29,MEDIUM
1527,Lemonnier,E_COMMERCE,Man,Côte d'Ivoire,2019-02-09,LOW
1528,Thibault,SUPERMARKET,Man,Côte d'Ivoire,2019-10-21,MEDIUM
1529,Boulay Maillot S.A.R.L.,FUEL_STATION,Daloa,Côte d'Ivoire,2023-03-04,LOW
1530,Coste,HOTEL,Daloa,Côte d'Ivoire,2026-03-29,LOW
1531,Leduc SA,CLOTHING,Daloa,Côte d'Ivoire,2015-12-18,LOW
1532,Weber et Fils,ELECTRONICS,Daloa,Côte d'Ivoire,2024-12-28,LOW
1533,Labbé Boutin S.A.,ELECTRONICS,San Pedro,Côte d'Ivoire,2025-03-10,LOW
1534,Pasquier,E_COMMERCE,Man,Côte d'Ivoire,2017-08-01,LOW
1535,Bonnin SARL,TRANSPORT,San Pedro,Côte d'Ivoire,2015-10-19,LOW
1536,Morin,HOTEL,Korhogo,Côte d'Ivoire,2018-05-12,LOW
1537,Sanchez,E_COMMERCE,Bouake,Côte d'Ivoire,2021-01-03,LOW
1538,Ollivier Bouvier SARL,TELECOM,Daloa,Côte d'Ivoire,2015-04-18,LOW
1539,Vidal,HOTEL,Daloa,Côte d'Ivoire,2024-04-08,LOW
1540,Didier Gallet S.A.,CLOTHING,Bouake,Côte d'Ivoire,2015-07-28,MEDIUM
1541,Aubry Leclerc S.A.,FUEL_STATION,Yamoussoukro,Côte d'Ivoire,2015-01-09,LOW
1542,Maurice Hamon S.A.,RESTAURANT,Bouake,Côte d'Ivoire,2024-10-29,HIGH
1543,Mathieu SA,ELECTRONICS,Abidjan,Côte d'Ivoire,2023-01-27,LOW
1544,Bonneau,TRANSPORT,Yamoussoukro,Côte d'Ivoire,2011-09-09,LOW
1545,Leduc SARL,PHARMACY,Bouake,Côte d'Ivoire,2022-02-18,LOW
1546,Teixeira,E_COMMERCE,Abidjan,Côte d'Ivoire,2026-07-25,LOW
1547,Marin,PHARMACY,Abidjan,Côte d'Ivoire,2014-09-08,LOW
1548,Chauvin,HOTEL,Korhogo,Côte d'Ivoire,2015-05-10,LOW
1549,Vincent Laine S.A.R.L.,CLOTHING,Daloa,Côte d'Ivoire,2019-09-18,LOW
1550,Gaudin SARL,TELECOM,Daloa,Côte d'Ivoire,2018-04-10,LOW
1551,Albert Mathieu et Fils,HOTEL,Abidjan,Côte d'Ivoire,2020-05-23,MEDIUM
1552,Gomes,HOTEL,Korhogo,Côte d'Ivoire,2023-04-20,LOW
1553,Richard et Fils,PHARMACY,Korhogo,Côte d'Ivoire,2015-02-28,LOW
1554,Blin,ELECTRONICS,Bouake,Côte d'Ivoire,2013-04-16,LOW
1555,Étienne,ELECTRONICS,San Pedro,Côte d'Ivoire,2021-12-31,LOW
1556,Lemoine,FUEL_STATION,Bouake,Côte d'Ivoire,2020-11-27,LOW
1557,Gomez,HOTEL,Yamoussoukro,Côte d'Ivoire,2016-02-28,LOW
1558,Raymond,CLOTHING,Korhogo,Côte d'Ivoire,2017-05-30,LOW
1559,Gonzalez,ELECTRONICS,Daloa,Côte d'Ivoire,2020-01-23,MEDIUM
1560,Lacroix,SUPERMARKET,Abidjan,Côte d'Ivoire,2018-09-15,LOW
1561,Marchal,TELECOM,Bouake,Côte d'Ivoire,2026-02-09,MEDIUM
1562,Guyot,CLOTHING,Korhogo,Côte d'Ivoire,2019-03-30,LOW
1563,Masse Payet S.A.S.,SUPERMARKET,Man,Côte d'Ivoire,2023-03-31,MEDIUM
1564,Roussel Mace SARL,TRANSPORT,Daloa,Côte d'Ivoire,2025-04-03,MEDIUM
1565,Berthelot Lesage S.A.R.L.,TRANSPORT,Yamoussoukro,Côte d'Ivoire,2014-11-29,LOW
1566,Rousset Gérard S.A.R.L.,E_COMMERCE,Abidjan,Côte d'Ivoire,2025-04-13,MEDIUM
1567,Schmitt S.A.R.L.,HOTEL,Korhogo,Côte d'Ivoire,2020-01-28,MEDIUM
1568,Lombard Blondel S.A.S.,TELECOM,San Pedro,Côte d'Ivoire,2023-11-01,LOW
1569,Coulon,FUEL_STATION,Yamoussoukro,Côte d'Ivoire,2016-09-05,LOW
1570,Guilbert,RESTAURANT,Bouake,Côte d'Ivoire,2026-03-07,HIGH
1571,Chauvin SA,ELECTRONICS,Korhogo,Côte d'Ivoire,2023-04-28,LOW
1572,Lopez Fabre SARL,RESTAURANT,Bouake,Côte d'Ivoire,2019-09-07,LOW
1573,Lebreton et Fils,FUEL_STATION,Daloa,Côte d'Ivoire,2017-04-08,LOW
1574,Alves,RESTAURANT,Bouake,Côte d'Ivoire,2017-09-14,LOW
1575,Barre,TRANSPORT,Man,Côte d'Ivoire,2011-11-30,MEDIUM
1576,Rivière,RESTAURANT,Man,Côte d'Ivoire,2017-07-19,LOW
1577,Verdier Bruneau et Fils,SUPERMARKET,San Pedro,Côte d'Ivoire,2022-08-14,MEDIUM
1578,Valette Jacquet SARL,SUPERMARKET,Abidjan,Côte d'Ivoire,2017-02-08,LOW
1579,Becker,PHARMACY,Daloa,Côte d'Ivoire,2024-02-08,LOW
1580,Chevalier,RESTAURANT,Korhogo,Côte d'Ivoire,2018-01-21,MEDIUM
1581,Barthelemy,E_COMMERCE,San Pedro,Côte d'Ivoire,2022-04-28,LOW
1582,Brun Riou SARL,TRANSPORT,San Pedro,Côte d'Ivoire,2018-10-02,LOW
1583,Guérin,TRANSPORT,Man,Côte d'Ivoire,2012-12-02,LOW
1584,Le Goff Dumas SARL,SUPERMARKET,Man,Côte d'Ivoire,2016-12-19,MEDIUM
1585,Lacombe,RESTAURANT,Daloa,Côte d'Ivoire,2016-02-16,MEDIUM
1586,Dupuy,SUPERMARKET,Man,Côte d'Ivoire,2019-02-22,MEDIUM
1587,Letellier,HOTEL,Korhogo,Côte d'Ivoire,2021-07-23,LOW
1588,Pasquier,E_COMMERCE,Korhogo,Côte d'Ivoire,2014-06-03,LOW
1589,Simon Marchand et Fils,TELECOM,San Pedro,Côte d'Ivoire,2015-07-26,LOW
1590,Bernier,SUPERMARKET,San Pedro,Côte d'Ivoire,2023-06-30,LOW
1591,Lacroix S.A.,FUEL_STATION,Bouake,Côte d'Ivoire,2018-05-01,MEDIUM
1592,Gauthier SA,ELECTRONICS,Yamoussoukro,Côte d'Ivoire,2026-07-10,HIGH
1593,Lévy,PHARMACY,Yamoussoukro,Côte d'Ivoire,2012-06-28,LOW
1594,Pires S.A.R.L.,HOTEL,Abidjan,Côte d'Ivoire,2020-06-27,LOW
1595,Duval SARL,ELECTRONICS,Bouake,Côte d'Ivoire,2022-02-02,LOW
1596,Clément Bègue S.A.R.L.,SUPERMARKET,Korhogo,Côte d'Ivoire,2016-11-02,LOW
1597,Hoarau Gallet SARL,ELECTRONICS,Korhogo,Côte d'Ivoire,2019-02-11,MEDIUM
1598,Payet Laine S.A.,E_COMMERCE,Bouake,Côte d'Ivoire,2012-01-23,MEDIUM
1599,Dupré SARL,HOTEL,Bouake,Côte d'Ivoire,2026-03-19,LOW
1600,Ollivier,ELECTRONICS,Bouake,Côte d'Ivoire,2019-07-11,LOW
1601,Lévy,FUEL_STATION,Korhogo,Côte d'Ivoire,2019-02-22,MEDIUM
1602,Rocher Gimenez S.A.,FUEL_STATION,Abidjan,Côte d'Ivoire,2021-08-17,LOW
1603,Lefort,CLOTHING,Daloa,Côte d'Ivoire,2024-04-25,LOW
1604,Hardy,ELECTRONICS,San Pedro,Côte d'Ivoire,2022-06-17,LOW
1605,Perrot,RESTAURANT,Yamoussoukro,Côte d'Ivoire,2019-10-08,LOW
1606,Blanc Pichon SARL,E_COMMERCE,Abidjan,Côte d'Ivoire,2017-10-18,LOW
1607,Bertin,CLOTHING,San Pedro,Côte d'Ivoire,2014-03-23,HIGH
1608,Dubois,HOTEL,Bouake,Côte d'Ivoire,2011-07-30,LOW
1609,Barre Renault S.A.R.L.,FUEL_STATION,Abidjan,Côte d'Ivoire,2020-09-04,LOW
1610,Lagarde S.A.R.L.,RESTAURANT,Bouake,Côte d'Ivoire,2024-06-05,LOW
1611,Ribeiro,TELECOM,Yamoussoukro,Côte d'Ivoire,2011-09-24,LOW
1612,Klein,E_COMMERCE,Man,Côte d'Ivoire,2021-09-24,LOW
1613,Robert Lévy SARL,CLOTHING,Korhogo,Côte d'Ivoire,2014-10-13,LOW
1614,Guilbert,HOTEL,San Pedro,Côte d'Ivoire,2019-01-05,LOW
1615,Menard,HOTEL,Bouake,Côte d'Ivoire,2014-05-09,MEDIUM
1616,Hoareau,TRANSPORT,Yamoussoukro,Côte d'Ivoire,2015-04-30,MEDIUM
1617,Chevalier,PHARMACY,Man,Côte d'Ivoire,2018-10-04,MEDIUM
1618,Blondel Salmon S.A.S.,TELECOM,San Pedro,Côte d'Ivoire,2025-04-25,LOW
1619,Jacquet,E_COMMERCE,San Pedro,Côte d'Ivoire,2022-08-10,LOW
1620,Pasquier,PHARMACY,Man,Côte d'Ivoire,2014-10-10,LOW
1621,Vidal S.A.,E_COMMERCE,Daloa,Côte d'Ivoire,2016-07-02,MEDIUM
1622,Diaz S.A.R.L.,ELECTRONICS,Bouake,Côte d'Ivoire,2022-01-31,LOW
1623,Maillard,RESTAURANT,Man,Côte d'Ivoire,2023-06-29,LOW
1624,Roche,SUPERMARKET,Daloa,Côte d'Ivoire,2017-01-11,LOW
1625,Fernandes SA,SUPERMARKET,Daloa,Côte d'Ivoire,2020-09-04,LOW
1626,Lemoine SA,TRANSPORT,Daloa,Côte d'Ivoire,2016-05-16,LOW
1627,Marchand,SUPERMARKET,Korhogo,Côte d'Ivoire,2023-09-29,LOW
1628,Petitjean,ELECTRONICS,San Pedro,Côte d'Ivoire,2011-09-18,LOW
1629,Robin Fernandes SA,PHARMACY,Yamoussoukro,Côte d'Ivoire,2019-12-21,LOW
1630,Le Goff De Oliveira SARL,CLOTHING,Man,Côte d'Ivoire,2024-12-10,MEDIUM
1631,Guichard,PHARMACY,San Pedro,Côte d'Ivoire,2019-06-19,LOW
1632,Rémy SA,RESTAURANT,San Pedro,Côte d'Ivoire,2025-12-04,LOW
1633,Lefèvre Da Costa S.A.R.L.,SUPERMARKET,Man,Côte d'Ivoire,2012-10-15,LOW
1634,Arnaud,CLOTHING,Man,Côte d'Ivoire,2014-11-05,LOW
1635,Weber,ELECTRONICS,Bouake,Côte d'Ivoire,2025-08-31,LOW
1636,Rivière et Fils,PHARMACY,Korhogo,Côte d'Ivoire,2015-10-23,MEDIUM
1637,Pires,PHARMACY,Man,Côte d'Ivoire,2019-02-10,MEDIUM
1638,Gallet Fontaine S.A.,HOTEL,Abidjan,Côte d'Ivoire,2019-06-01,LOW
1639,Dijoux et Fils,TELECOM,Bouake,Côte d'Ivoire,2015-02-14,LOW
1640,Perrier,HOTEL,Bouake,Côte d'Ivoire,2023-03-03,LOW
1641,Breton,FUEL_STATION,Korhogo,Côte d'Ivoire,2014-04-10,MEDIUM
1642,Vallet S.A.S.,HOTEL,San Pedro,Côte d'Ivoire,2020-06-08,LOW
1643,Fleury S.A.R.L.,TELECOM,Abidjan,Côte d'Ivoire,2022-06-09,LOW
1644,Philippe,HOTEL,Abidjan,Côte d'Ivoire,2017-09-15,MEDIUM
1645,Martineau S.A.,ELECTRONICS,Man,Côte d'Ivoire,2013-06-30,MEDIUM
1646,Couturier Gay SARL,E_COMMERCE,Korhogo,Côte d'Ivoire,2011-10-31,LOW
1647,Baron Mary SA,PHARMACY,San Pedro,Côte d'Ivoire,2018-04-23,LOW
1648,Petit Dupont S.A.S.,HOTEL,Korhogo,Côte d'Ivoire,2024-11-26,LOW
1649,Lagarde,RESTAURANT,Korhogo,Côte d'Ivoire,2021-09-19,LOW
1650,Guichard Pires SA,FUEL_STATION,Korhogo,Côte d'Ivoire,2015-10-22,LOW
1651,Didier Robin et Fils,HOTEL,San Pedro,Côte d'Ivoire,2022-02-06,MEDIUM
1652,Thierry,CLOTHING,Abidjan,Côte d'Ivoire,2022-03-18,LOW
1653,Lopez SARL,PHARMACY,San Pedro,Côte d'Ivoire,2022-07-17,LOW
1654,Boutin Regnier SA,RESTAURANT,Korhogo,Côte d'Ivoire,2013-09-18,LOW
1655,Rey,FUEL_STATION,Bouake,Côte d'Ivoire,2016-12-18,LOW
1656,Navarro,HOTEL,Korhogo,Côte d'Ivoire,2024-01-18,MEDIUM
1657,Lefebvre Lagarde S.A.R.L.,RESTAURANT,Man,Côte d'Ivoire,2017-09-01,LOW
1658,Deschamps Fournier S.A.R.L.,HOTEL,Man,Côte d'Ivoire,2023-08-06,LOW
1659,Vaillant,TELECOM,San Pedro,Côte d'Ivoire,2016-08-03,LOW
1660,Aubert,PHARMACY,Man,Côte d'Ivoire,2021-03-20,MEDIUM
1661,Devaux Lévêque SARL,SUPERMARKET,Bouake,Côte d'Ivoire,2024-01-13,LOW
1662,Paris,CLOTHING,Korhogo,Côte d'Ivoire,2026-05-03,LOW
1663,Muller Laporte S.A.,ELECTRONICS,Abidjan,Côte d'Ivoire,2019-03-22,MEDIUM
1664,Charles,PHARMACY,Abidjan,Côte d'Ivoire,2020-10-15,LOW
1665,De Sousa,PHARMACY,Korhogo,Côte d'Ivoire,2011-08-03,HIGH
1666,Peron,CLOTHING,Korhogo,Côte d'Ivoire,2014-09-24,LOW
1667,Legendre SARL,E_COMMERCE,Abidjan,Côte d'Ivoire,2024-10-10,LOW
1668,Lebrun Mace SA,CLOTHING,San Pedro,Côte d'Ivoire,2022-10-10,MEDIUM
1669,Aubert,PHARMACY,Bouake,Côte d'Ivoire,2020-06-28,MEDIUM
1670,Gosselin,CLOTHING,Bouake,Côte d'Ivoire,2020-12-15,MEDIUM
1671,Raymond Carre SARL,PHARMACY,Korhogo,Côte d'Ivoire,2018-07-19,LOW
1672,Masson,E_COMMERCE,Bouake,Côte d'Ivoire,2013-03-19,MEDIUM
1673,Bertrand S.A.,HOTEL,San Pedro,Côte d'Ivoire,2014-08-13,LOW
1674,Renaud SA,RESTAURANT,Bouake,Côte d'Ivoire,2019-10-31,LOW
1675,Perrin David S.A.S.,PHARMACY,Abidjan,Côte d'Ivoire,2022-06-29,LOW
1676,Descamps,ELECTRONICS,Daloa,Côte d'Ivoire,2019-11-29,MEDIUM
1677,Girard,TRANSPORT,Daloa,Côte d'Ivoire,2017-10-22,LOW
1678,Seguin Wagner SA,RESTAURANT,Bouake,Côte d'Ivoire,2011-10-19,LOW
1679,Bègue Marin SA,CLOTHING,Korhogo,Côte d'Ivoire,2019-07-16,LOW
1680,Alves S.A.S.,ELECTRONICS,Korhogo,Côte d'Ivoire,2024-03-22,MEDIUM
1681,Tessier,RESTAURANT,San Pedro,Côte d'Ivoire,2025-02-01,LOW
1682,Chauvet SARL,CLOTHING,Korhogo,Côte d'Ivoire,2020-07-29,MEDIUM
1683,Peron SA,TRANSPORT,Korhogo,Côte d'Ivoire,2025-10-09,LOW
1684,Garnier,SUPERMARKET,Man,Côte d'Ivoire,2015-04-01,LOW
1685,Roussel et Fils,FUEL_STATION,Daloa,Côte d'Ivoire,2015-07-04,LOW
1686,Aubert,TRANSPORT,Yamoussoukro,Côte d'Ivoire,2014-11-11,LOW
1687,Colas Toussaint S.A.,CLOTHING,Abidjan,Côte d'Ivoire,2021-01-27,LOW
1688,Letellier,E_COMMERCE,San Pedro,Côte d'Ivoire,2013-05-15,MEDIUM
1689,Parent,RESTAURANT,Yamoussoukro,Côte d'Ivoire,2019-05-19,LOW
1690,Duval,ELECTRONICS,San Pedro,Côte d'Ivoire,2014-05-31,LOW
1691,Dias Maréchal S.A.S.,SUPERMARKET,Man,Côte d'Ivoire,2017-04-26,MEDIUM
1692,Joubert Brunel S.A.R.L.,SUPERMARKET,Korhogo,Côte d'Ivoire,2017-07-27,LOW
1693,Dias,ELECTRONICS,Abidjan,Côte d'Ivoire,2017-02-05,LOW
1694,Pasquier,FUEL_STATION,Man,Côte d'Ivoire,2024-07-29,MEDIUM
1695,Pages,TRANSPORT,Yamoussoukro,Côte d'Ivoire,2017-01-28,LOW
1696,Thibault Morvan S.A.,TRANSPORT,Man,Côte d'Ivoire,2017-12-15,LOW
1697,Alves,E_COMMERCE,Daloa,Côte d'Ivoire,2019-04-10,LOW
1698,Chauvin,CLOTHING,Yamoussoukro,Côte d'Ivoire,2011-07-31,LOW
1699,Jacquet S.A.S.,TRANSPORT,Daloa,Côte d'Ivoire,2011-11-08,LOW
1700,Hernandez Robert SARL,ELECTRONICS,Daloa,Côte d'Ivoire,2015-05-08,LOW
1701,Gomes Simon et Fils,PHARMACY,Yamoussoukro,Côte d'Ivoire,2025-07-25,LOW
1702,Lenoir,TELECOM,Yamoussoukro,Côte d'Ivoire,2020-04-09,HIGH
1703,Gauthier Morel S.A.R.L.,CLOTHING,Yamoussoukro,Côte d'Ivoire,2017-08-16,MEDIUM
1704,Dos Santos Aubry SARL,TRANSPORT,Man,Côte d'Ivoire,2021-06-24,LOW
1705,Rey Boucher SARL,RESTAURANT,Man,Côte d'Ivoire,2013-02-20,LOW
1706,Colas,PHARMACY,Abidjan,Côte d'Ivoire,2015-04-11,LOW
1707,Ramos SARL,TRANSPORT,Daloa,Côte d'Ivoire,2025-01-23,LOW
1708,Giraud,ELECTRONICS,Korhogo,Côte d'Ivoire,2019-11-19,LOW
1709,Valentin et Fils,SUPERMARKET,Bouake,Côte d'Ivoire,2016-09-07,LOW
1710,Foucher S.A.S.,SUPERMARKET,Daloa,Côte d'Ivoire,2018-01-24,LOW
1711,Valette SA,PHARMACY,San Pedro,Côte d'Ivoire,2024-09-09,MEDIUM
1712,Lévêque,TRANSPORT,Abidjan,Côte d'Ivoire,2026-07-17,LOW
1713,Delattre,FUEL_STATION,Yamoussoukro,Côte d'Ivoire,2026-05-04,LOW
1714,Pires S.A.,SUPERMARKET,Man,Côte d'Ivoire,2024-04-17,LOW
1715,Couturier et Fils,TRANSPORT,Korhogo,Côte d'Ivoire,2018-01-30,LOW
1716,Schneider S.A.S.,E_COMMERCE,Man,Côte d'Ivoire,2012-04-10,HIGH
1717,Gimenez,SUPERMARKET,Daloa,Côte d'Ivoire,2021-03-09,MEDIUM
1718,Millet Gaudin et Fils,TELECOM,San Pedro,Côte d'Ivoire,2015-05-01,LOW
1719,Girard Maillet et Fils,ELECTRONICS,Yamoussoukro,Côte d'Ivoire,2018-04-05,LOW
1720,Chrétien,CLOTHING,Korhogo,Côte d'Ivoire,2021-09-13,LOW
1721,Louis S.A.R.L.,FUEL_STATION,Korhogo,Côte d'Ivoire,2016-07-03,LOW
1722,Caron,SUPERMARKET,Yamoussoukro,Côte d'Ivoire,2013-10-28,LOW
1723,Perez,SUPERMARKET,Bouake,Côte d'Ivoire,2019-09-02,LOW
1724,Lévy S.A.R.L.,E_COMMERCE,Daloa,Côte d'Ivoire,2016-01-16,LOW
1725,Alexandre S.A.S.,TRANSPORT,San Pedro,Côte d'Ivoire,2018-12-19,LOW
1726,Ledoux Dufour S.A.R.L.,ELECTRONICS,Abidjan,Côte d'Ivoire,2021-02-02,MEDIUM
1727,Coulon Delaunay et Fils,RESTAURANT,Abidjan,Côte d'Ivoire,2021-04-18,LOW
1728,Guilbert Chauvet et Fils,ELECTRONICS,Korhogo,Côte d'Ivoire,2020-06-29,LOW
1729,Berger Guérin SARL,E_COMMERCE,Bouake,Côte d'Ivoire,2024-10-15,LOW
1730,Breton,FUEL_STATION,San Pedro,Côte d'Ivoire,2023-03-23,MEDIUM
1731,Marie et Fils,CLOTHING,Abidjan,Côte d'Ivoire,2018-08-11,LOW
1732,Poulain,TRANSPORT,Korhogo,Côte d'Ivoire,2017-07-02,LOW
1733,Lebrun Barre S.A.S.,RESTAURANT,Korhogo,Côte d'Ivoire,2022-09-22,LOW
1734,Pires SARL,RESTAURANT,Daloa,Côte d'Ivoire,2014-06-15,LOW
1735,Chauvet,E_COMMERCE,Korhogo,Côte d'Ivoire,2025-07-21,MEDIUM
1736,Ferrand,CLOTHING,Yamoussoukro,Côte d'Ivoire,2014-01-21,LOW
1737,Bertrand,TRANSPORT,Korhogo,Côte d'Ivoire,2025-06-29,LOW
1738,Bourgeois Pottier SARL,FUEL_STATION,Daloa,Côte d'Ivoire,2014-03-25,LOW
1739,Marie et Fils,TELECOM,Man,Côte d'Ivoire,2012-07-02,LOW
1740,Legendre Caron SARL,CLOTHING,Daloa,Côte d'Ivoire,2011-10-23,LOW
1741,Lemonnier,RESTAURANT,Yamoussoukro,Côte d'Ivoire,2025-04-04,LOW
1742,Schneider S.A.R.L.,FUEL_STATION,Man,Côte d'Ivoire,2019-08-04,MEDIUM
1743,Rémy S.A.,HOTEL,San Pedro,Côte d'Ivoire,2024-03-01,HIGH
1744,Martins Morvan S.A.S.,ELECTRONICS,Korhogo,Côte d'Ivoire,2024-05-04,LOW
1745,Lévy,E_COMMERCE,Bouake,Côte d'Ivoire,2019-10-17,LOW
1746,Lemonnier Rocher et Fils,TRANSPORT,Man,Côte d'Ivoire,2011-11-21,MEDIUM
1747,Guillon,HOTEL,Abidjan,Côte d'Ivoire,2022-11-12,LOW
1748,Adam S.A.,PHARMACY,San Pedro,Côte d'Ivoire,2012-08-06,LOW
1749,Bourgeois,FUEL_STATION,Korhogo,Côte d'Ivoire,2024-12-31,LOW
1750,Vincent,FUEL_STATION,San Pedro,Côte d'Ivoire,2019-06-27,MEDIUM
1751,Mercier S.A.R.L.,FUEL_STATION,Man,Côte d'Ivoire,2022-10-23,LOW
1752,Dupré,E_COMMERCE,Bouake,Côte d'Ivoire,2026-01-26,LOW
1753,Nicolas,FUEL_STATION,Daloa,Côte d'Ivoire,2011-11-25,LOW
1754,Delahaye,PHARMACY,Daloa,Côte d'Ivoire,2018-02-24,LOW
1755,Gillet Grégoire et Fils,RESTAURANT,Man,Côte d'Ivoire,2013-04-08,HIGH
1756,Vallée,TELECOM,Korhogo,Côte d'Ivoire,2026-04-27,LOW
1757,Lemoine S.A.,ELECTRONICS,Abidjan,Côte d'Ivoire,2020-02-03,MEDIUM
1758,Guilbert,HOTEL,Korhogo,Côte d'Ivoire,2023-09-12,LOW
1759,Fournier S.A.,CLOTHING,Daloa,Côte d'Ivoire,2020-07-31,LOW
1760,Le Roux,PHARMACY,Daloa,Côte d'Ivoire,2019-11-29,MEDIUM
1761,Vallet,E_COMMERCE,San Pedro,Côte d'Ivoire,2014-03-31,LOW
1762,Perrot et Fils,CLOTHING,Bouake,Côte d'Ivoire,2017-07-24,LOW
1763,Toussaint,TRANSPORT,San Pedro,Côte d'Ivoire,2016-09-19,MEDIUM
1764,Charrier Baron SA,SUPERMARKET,Korhogo,Côte d'Ivoire,2022-03-22,LOW
1765,Chevallier,PHARMACY,San Pedro,Côte d'Ivoire,2025-06-09,HIGH
1766,Berthelot SARL,ELECTRONICS,San Pedro,Côte d'Ivoire,2015-05-31,LOW
1767,Leblanc Carlier et Fils,SUPERMARKET,Abidjan,Côte d'Ivoire,2013-11-28,LOW
1768,Chauveau S.A.R.L.,TRANSPORT,Korhogo,Côte d'Ivoire,2020-06-07,LOW
1769,Delattre Guillot S.A.S.,HOTEL,Korhogo,Côte d'Ivoire,2014-03-05,MEDIUM
1770,Langlois,PHARMACY,Korhogo,Côte d'Ivoire,2021-11-15,LOW
1771,Pons,E_COMMERCE,San Pedro,Côte d'Ivoire,2020-10-19,HIGH
1772,Leclerc Guibert S.A.,HOTEL,Yamoussoukro,Côte d'Ivoire,2021-06-17,LOW
1773,Dos Santos Ruiz et Fils,TRANSPORT,Bouake,Côte d'Ivoire,2023-07-28,LOW
1774,Perret Pires S.A.,HOTEL,Yamoussoukro,Côte d'Ivoire,2022-09-27,MEDIUM
1775,Prévost Mercier S.A.S.,E_COMMERCE,San Pedro,Côte d'Ivoire,2020-08-22,LOW
1776,Gonzalez SARL,PHARMACY,Korhogo,Côte d'Ivoire,2025-11-09,LOW
1777,Petitjean Martinez SARL,RESTAURANT,Man,Côte d'Ivoire,2026-07-19,LOW
1778,Bouchet,FUEL_STATION,Korhogo,Côte d'Ivoire,2016-09-25,LOW
1779,Vallet,TRANSPORT,Bouake,Côte d'Ivoire,2025-07-21,LOW
1780,Fernandes,PHARMACY,San Pedro,Côte d'Ivoire,2024-10-30,MEDIUM
1781,Gautier Payet S.A.,PHARMACY,San Pedro,Côte d'Ivoire,2012-01-08,LOW
1782,Seguin,ELECTRONICS,Korhogo,Côte d'Ivoire,2021-03-22,MEDIUM
1783,Godard Grondin S.A.,TELECOM,Yamoussoukro,Côte d'Ivoire,2023-04-09,LOW
1784,Pelletier SA,CLOTHING,Abidjan,Côte d'Ivoire,2023-04-13,LOW
1785,Lucas,PHARMACY,Abidjan,Côte d'Ivoire,2020-02-14,LOW
1786,Mendès,E_COMMERCE,San Pedro,Côte d'Ivoire,2022-08-17,MEDIUM
1787,Gonzalez,RESTAURANT,San Pedro,Côte d'Ivoire,2026-01-26,MEDIUM
1788,Marin,E_COMMERCE,Yamoussoukro,Côte d'Ivoire,2019-08-21,LOW
1789,Goncalves Olivier S.A.,ELECTRONICS,Daloa,Côte d'Ivoire,2012-02-15,LOW
1790,Salmon,SUPERMARKET,San Pedro,Côte d'Ivoire,2011-10-31,LOW
1791,Pasquier,CLOTHING,Bouake,Côte d'Ivoire,2015-05-12,LOW
1792,Boulay Martins SA,ELECTRONICS,Bouake,Côte d'Ivoire,2014-08-03,HIGH
1793,Chauvet,E_COMMERCE,Yamoussoukro,Côte d'Ivoire,2019-11-29,LOW
1794,Albert,ELECTRONICS,San Pedro,Côte d'Ivoire,2015-10-10,MEDIUM
1795,Lebon,TELECOM,Abidjan,Côte d'Ivoire,2024-10-12,LOW
1796,Raynaud et Fils,E_COMMERCE,San Pedro,Côte d'Ivoire,2025-08-07,LOW
1797,Fouquet,PHARMACY,Daloa,Côte d'Ivoire,2016-11-24,LOW
1798,Raymond,HOTEL,San Pedro,Côte d'Ivoire,2024-03-16,LOW
1799,Dijoux SA,CLOTHING,San Pedro,Côte d'Ivoire,2019-04-05,MEDIUM
1800,Dupont,RESTAURANT,Abidjan,Côte d'Ivoire,2026-07-05,LOW
1801,Paul Tanguy S.A.R.L.,FUEL_STATION,Yamoussoukro,Côte d'Ivoire,2024-01-31,LOW
1802,Pascal S.A.R.L.,E_COMMERCE,Man,Côte d'Ivoire,2020-05-10,LOW
1803,Aubert SARL,TRANSPORT,Yamoussoukro,Côte d'Ivoire,2019-01-20,MEDIUM
1804,Bailly,HOTEL,Man,Côte d'Ivoire,2024-09-26,LOW
1805,Pinto,TELECOM,San Pedro,Côte d'Ivoire,2014-05-29,LOW
1806,Cousin,SUPERMARKET,Bouake,Côte d'Ivoire,2022-01-02,MEDIUM
1807,Blot S.A.S.,E_COMMERCE,Man,Côte d'Ivoire,2013-12-29,MEDIUM
1808,Imbert,RESTAURANT,Bouake,Côte d'Ivoire,2019-04-05,LOW
1809,Mace S.A.S.,RESTAURANT,Abidjan,Côte d'Ivoire,2013-07-02,LOW
1810,Merle Mary et Fils,TELECOM,Korhogo,Côte d'Ivoire,2020-11-14,LOW
1811,Carlier Pasquier SARL,TRANSPORT,Korhogo,Côte d'Ivoire,2019-03-31,MEDIUM
1812,Colin S.A.R.L.,RESTAURANT,Abidjan,Côte d'Ivoire,2021-08-14,LOW
1813,De Sousa Robin SARL,PHARMACY,Abidjan,Côte d'Ivoire,2017-02-01,LOW
1814,Wagner Peron SA,TRANSPORT,Yamoussoukro,Côte d'Ivoire,2013-02-15,LOW
1815,Munoz S.A.R.L.,E_COMMERCE,San Pedro,Côte d'Ivoire,2022-05-12,LOW
1816,Clément,PHARMACY,Korhogo,Côte d'Ivoire,2020-06-26,MEDIUM
1817,Petitjean,SUPERMARKET,Abidjan,Côte d'Ivoire,2025-01-12,LOW
1818,Hoareau Dias S.A.R.L.,HOTEL,Daloa,Côte d'Ivoire,2012-04-27,LOW
1819,Daniel Moreno et Fils,ELECTRONICS,Yamoussoukro,Côte d'Ivoire,2026-04-02,LOW
1820,Goncalves Rodrigues S.A.,PHARMACY,Man,Côte d'Ivoire,2024-08-29,LOW
1821,Humbert SARL,CLOTHING,Korhogo,Côte d'Ivoire,2016-11-03,LOW
1822,Hervé,CLOTHING,San Pedro,Côte d'Ivoire,2022-03-26,LOW
1823,Lemaire Payet S.A.,ELECTRONICS,Yamoussoukro,Côte d'Ivoire,2011-08-20,MEDIUM
1824,Richard,TELECOM,Korhogo,Côte d'Ivoire,2019-05-18,LOW
1825,Didier,RESTAURANT,San Pedro,Côte d'Ivoire,2020-10-27,LOW
1826,Raynaud S.A.R.L.,TRANSPORT,Yamoussoukro,Côte d'Ivoire,2015-08-16,LOW
1827,Pruvost Delmas S.A.R.L.,SUPERMARKET,Abidjan,Côte d'Ivoire,2019-04-18,LOW
1828,Pichon,PHARMACY,Yamoussoukro,Côte d'Ivoire,2012-12-04,LOW
1829,Moulin S.A.S.,ELECTRONICS,Abidjan,Côte d'Ivoire,2016-04-22,LOW
1830,Girard Gonzalez S.A.,TELECOM,Daloa,Côte d'Ivoire,2012-07-06,LOW
1831,Da Silva,SUPERMARKET,Daloa,Côte d'Ivoire,2014-01-18,LOW
1832,Martineau S.A.S.,E_COMMERCE,Korhogo,Côte d'Ivoire,2025-10-31,LOW
1833,Rémy,SUPERMARKET,Korhogo,Côte d'Ivoire,2013-01-24,LOW
1834,Nicolas S.A.R.L.,TRANSPORT,Korhogo,Côte d'Ivoire,2014-08-10,LOW
1835,Maillet Jacquet S.A.S.,FUEL_STATION,Bouake,Côte d'Ivoire,2022-10-26,MEDIUM
1836,Pineau Bouvet S.A.S.,TRANSPORT,Daloa,Côte d'Ivoire,2017-09-14,LOW
1837,Morin SARL,E_COMMERCE,Abidjan,Côte d'Ivoire,2017-01-24,LOW
1838,Gillet,FUEL_STATION,Korhogo,Côte d'Ivoire,2025-07-12,MEDIUM
1839,Thierry S.A.R.L.,CLOTHING,Daloa,Côte d'Ivoire,2025-12-03,LOW
1840,Klein S.A.R.L.,E_COMMERCE,Yamoussoukro,Côte d'Ivoire,2013-11-12,LOW
1841,Lemonnier SARL,ELECTRONICS,Daloa,Côte d'Ivoire,2017-03-05,LOW
1842,Hardy,FUEL_STATION,Daloa,Côte d'Ivoire,2015-02-22,LOW
1843,Raymond Boyer SA,PHARMACY,Yamoussoukro,Côte d'Ivoire,2021-04-18,LOW
1844,Guillet et Fils,TELECOM,Korhogo,Côte d'Ivoire,2023-04-17,LOW
1845,Launay,CLOTHING,San Pedro,Côte d'Ivoire,2021-12-07,LOW
1846,Poirier,SUPERMARKET,Bouake,Côte d'Ivoire,2020-07-06,LOW
1847,Dumont,ELECTRONICS,Abidjan,Côte d'Ivoire,2022-01-10,LOW
1848,Dijoux,RESTAURANT,Yamoussoukro,Côte d'Ivoire,2023-12-24,LOW
1849,Teixeira,TELECOM,Man,Côte d'Ivoire,2025-04-27,LOW
1850,Bourdon Rey et Fils,RESTAURANT,Bouake,Côte d'Ivoire,2016-07-08,LOW
1851,Martin Lemaire SA,FUEL_STATION,Yamoussoukro,Côte d'Ivoire,2019-06-26,LOW
1852,Gallet S.A.,TELECOM,Yamoussoukro,Côte d'Ivoire,2025-03-06,LOW
1853,Pasquier,SUPERMARKET,Yamoussoukro,Côte d'Ivoire,2012-05-07,LOW
1854,Marty,PHARMACY,Abidjan,Côte d'Ivoire,2021-02-09,LOW
1855,Dubois Riou S.A.,TRANSPORT,Abidjan,Côte d'Ivoire,2023-04-25,LOW
1856,Adam,PHARMACY,Bouake,Côte d'Ivoire,2025-01-07,MEDIUM
1857,Le Gall SARL,E_COMMERCE,Daloa,Côte d'Ivoire,2020-03-12,LOW
1858,Gosselin,SUPERMARKET,Abidjan,Côte d'Ivoire,2011-09-06,HIGH
1859,Torres SARL,FUEL_STATION,San Pedro,Côte d'Ivoire,2017-05-20,MEDIUM
1860,Ramos,TELECOM,Bouake,Côte d'Ivoire,2021-04-03,MEDIUM
1861,Roger S.A.,SUPERMARKET,Bouake,Côte d'Ivoire,2017-03-13,LOW
1862,Maillet,RESTAURANT,Korhogo,Côte d'Ivoire,2019-09-23,LOW
1863,Da Silva,FUEL_STATION,San Pedro,Côte d'Ivoire,2022-07-23,LOW
1864,Leduc Meyer et Fils,E_COMMERCE,Yamoussoukro,Côte d'Ivoire,2019-05-31,LOW
1865,Pinto,SUPERMARKET,Man,Côte d'Ivoire,2024-11-29,MEDIUM
1866,Bernier,ELECTRONICS,Abidjan,Côte d'Ivoire,2012-07-12,LOW
1867,Moreno,E_COMMERCE,Bouake,Côte d'Ivoire,2023-11-28,LOW
1868,Berthelot,SUPERMARKET,Daloa,Côte d'Ivoire,2020-09-09,LOW
1869,Guillaume S.A.S.,RESTAURANT,Bouake,Côte d'Ivoire,2023-03-28,LOW
1870,Monnier,HOTEL,Abidjan,Côte d'Ivoire,2012-09-13,LOW
1871,Guyot Martinez SARL,E_COMMERCE,Korhogo,Côte d'Ivoire,2017-12-16,LOW
1872,Masse Seguin S.A.R.L.,FUEL_STATION,Abidjan,Côte d'Ivoire,2014-10-06,HIGH
1873,Hamel SARL,CLOTHING,Daloa,Côte d'Ivoire,2023-07-29,LOW
1874,Lacombe,CLOTHING,Bouake,Côte d'Ivoire,2012-02-11,LOW
1875,Pasquier,RESTAURANT,Bouake,Côte d'Ivoire,2013-01-19,LOW
1876,Gomez,RESTAURANT,Man,Côte d'Ivoire,2017-11-23,LOW
1877,Hernandez,SUPERMARKET,Abidjan,Côte d'Ivoire,2015-04-03,LOW
1878,Roger,PHARMACY,Man,Côte d'Ivoire,2013-06-26,LOW
1879,Morel,RESTAURANT,Bouake,Côte d'Ivoire,2024-10-22,LOW
1880,Morin Hebert S.A.S.,HOTEL,Korhogo,Côte d'Ivoire,2011-12-31,MEDIUM
1881,Charrier,HOTEL,Daloa,Côte d'Ivoire,2014-03-13,MEDIUM
1882,Leblanc Guillet et Fils,FUEL_STATION,Abidjan,Côte d'Ivoire,2026-06-11,LOW
1883,Diallo,HOTEL,Man,Côte d'Ivoire,2017-02-22,LOW
1884,Lecoq Perrin S.A.S.,SUPERMARKET,San Pedro,Côte d'Ivoire,2023-02-01,MEDIUM
1885,Leclerc Ramos SA,ELECTRONICS,Yamoussoukro,Côte d'Ivoire,2019-05-23,LOW
1886,Delannoy,TELECOM,Bouake,Côte d'Ivoire,2026-04-15,LOW
1887,Thomas SARL,ELECTRONICS,Yamoussoukro,Côte d'Ivoire,2012-04-28,LOW
1888,Le Roux S.A.R.L.,TELECOM,Yamoussoukro,Côte d'Ivoire,2012-05-11,MEDIUM
1889,Dijoux et Fils,CLOTHING,Daloa,Côte d'Ivoire,2024-04-04,LOW
1890,Simon,RESTAURANT,Korhogo,Côte d'Ivoire,2021-05-26,LOW
1891,Riou,E_COMMERCE,Daloa,Côte d'Ivoire,2015-02-22,LOW
1892,Bourgeois,HOTEL,San Pedro,Côte d'Ivoire,2014-11-07,LOW
1893,Baron,ELECTRONICS,San Pedro,Côte d'Ivoire,2020-08-18,MEDIUM
1894,Leleu,SUPERMARKET,Korhogo,Côte d'Ivoire,2019-01-29,MEDIUM
1895,Maillard S.A.,CLOTHING,Bouake,Côte d'Ivoire,2014-04-03,LOW
1896,Noël,RESTAURANT,Man,Côte d'Ivoire,2011-11-01,HIGH
1897,Leclerc S.A.S.,TRANSPORT,Bouake,Côte d'Ivoire,2017-07-14,LOW
1898,Dupuy,TELECOM,Daloa,Côte d'Ivoire,2013-12-25,LOW
1899,Baudry,CLOTHING,Yamoussoukro,Côte d'Ivoire,2015-09-28,LOW
1900,Guérin Langlois S.A.S.,HOTEL,Abidjan,Côte d'Ivoire,2017-05-03,LOW
1901,Girard,RESTAURANT,Abidjan,Côte d'Ivoire,2013-10-15,MEDIUM
1902,Georges et Fils,PHARMACY,Bouake,Côte d'Ivoire,2012-06-07,MEDIUM
1903,Jacob SA,FUEL_STATION,Abidjan,Côte d'Ivoire,2013-01-15,LOW
1904,Michaud,RESTAURANT,Abidjan,Côte d'Ivoire,2014-08-15,LOW
1905,Chauvet,TRANSPORT,Man,Côte d'Ivoire,2017-08-16,LOW
1906,Le Roux,CLOTHING,Man,Côte d'Ivoire,2025-06-25,LOW
1907,Delannoy Thierry et Fils,SUPERMARKET,Yamoussoukro,Côte d'Ivoire,2025-05-05,LOW
1908,Faivre S.A.R.L.,RESTAURANT,Abidjan,Côte d'Ivoire,2021-03-27,MEDIUM
1909,Morin Rocher S.A.R.L.,FUEL_STATION,Man,Côte d'Ivoire,2013-03-25,LOW
1910,Ruiz,RESTAURANT,San Pedro,Côte d'Ivoire,2023-03-22,MEDIUM
1911,Lelièvre,SUPERMARKET,Yamoussoukro,Côte d'Ivoire,2015-07-08,LOW
1912,Meunier Chauvet SARL,TRANSPORT,Daloa,Côte d'Ivoire,2017-10-04,LOW
1913,Vidal,SUPERMARKET,Daloa,Côte d'Ivoire,2023-06-24,LOW
1914,Germain,ELECTRONICS,Abidjan,Côte d'Ivoire,2019-04-15,MEDIUM
1915,Martinez,E_COMMERCE,Abidjan,Côte d'Ivoire,2012-09-08,MEDIUM
1916,Marie,ELECTRONICS,Abidjan,Côte d'Ivoire,2017-07-21,LOW
1917,Pinto,FUEL_STATION,Korhogo,Côte d'Ivoire,2025-12-18,LOW
1918,Carre Lecoq SARL,FUEL_STATION,Korhogo,Côte d'Ivoire,2021-11-09,LOW
1919,Grégoire Henry S.A.R.L.,CLOTHING,Man,Côte d'Ivoire,2025-06-26,MEDIUM
1920,Germain S.A.S.,ELECTRONICS,Man,Côte d'Ivoire,2022-08-16,LOW
1921,Hernandez S.A.S.,RESTAURANT,Daloa,Côte d'Ivoire,2019-06-02,LOW
1922,Maury,HOTEL,Man,Côte d'Ivoire,2018-08-11,LOW
1923,Legendre Berger S.A.S.,TRANSPORT,Abidjan,Côte d'Ivoire,2014-04-13,LOW
1924,Jacob,PHARMACY,Korhogo,Côte d'Ivoire,2012-09-12,LOW
1925,Guillaume,HOTEL,Man,Côte d'Ivoire,2025-06-03,LOW
1926,Gay,CLOTHING,San Pedro,Côte d'Ivoire,2021-03-23,MEDIUM
1927,Devaux,HOTEL,Korhogo,Côte d'Ivoire,2023-05-21,HIGH
1928,Giraud Dupré et Fils,HOTEL,Daloa,Côte d'Ivoire,2012-11-25,LOW
1929,Noël,TRANSPORT,Daloa,Côte d'Ivoire,2021-08-25,MEDIUM
1930,Germain,CLOTHING,Bouake,Côte d'Ivoire,2021-01-07,LOW
1931,Hebert S.A.,FUEL_STATION,San Pedro,Côte d'Ivoire,2016-10-25,MEDIUM
1932,Muller,E_COMMERCE,Yamoussoukro,Côte d'Ivoire,2021-10-02,HIGH
1933,Pottier S.A.S.,TELECOM,San Pedro,Côte d'Ivoire,2024-09-11,LOW
1934,Millet,SUPERMARKET,Yamoussoukro,Côte d'Ivoire,2019-12-26,LOW
1935,Robin S.A.,ELECTRONICS,Bouake,Côte d'Ivoire,2025-06-22,HIGH
1936,Blin Faivre et Fils,E_COMMERCE,Abidjan,Côte d'Ivoire,2025-05-09,LOW
1937,Boulay S.A.,FUEL_STATION,Bouake,Côte d'Ivoire,2022-10-26,MEDIUM
1938,Sauvage Rossi SARL,SUPERMARKET,Daloa,Côte d'Ivoire,2018-03-18,MEDIUM
1939,Pierre,E_COMMERCE,Korhogo,Côte d'Ivoire,2015-01-27,LOW
1940,Ribeiro,CLOTHING,Korhogo,Côte d'Ivoire,2021-04-11,LOW
1941,Gay,SUPERMARKET,San Pedro,Côte d'Ivoire,2023-10-15,LOW
1942,Blanc,PHARMACY,Yamoussoukro,Côte d'Ivoire,2021-06-27,LOW
1943,Raymond S.A.S.,CLOTHING,Bouake,Côte d'Ivoire,2018-06-14,LOW
1944,Cousin Bonnet SARL,E_COMMERCE,Abidjan,Côte d'Ivoire,2020-11-29,LOW
1945,Martin et Fils,CLOTHING,Bouake,Côte d'Ivoire,2021-02-06,MEDIUM
1946,Masson,HOTEL,Daloa,Côte d'Ivoire,2026-03-24,LOW
1947,Martinez,TELECOM,Daloa,Côte d'Ivoire,2015-07-30,MEDIUM
1948,Boutin,CLOTHING,Daloa,Côte d'Ivoire,2021-08-13,MEDIUM
1949,Toussaint,CLOTHING,Man,Côte d'Ivoire,2016-12-26,LOW
1950,Lebon,CLOTHING,San Pedro,Côte d'Ivoire,2018-01-24,LOW
1951,Morvan,SUPERMARKET,Daloa,Côte d'Ivoire,2015-03-03,LOW
1952,Ollivier Joly S.A.,TRANSPORT,San Pedro,Côte d'Ivoire,2021-01-09,MEDIUM
1953,Alves,RESTAURANT,Daloa,Côte d'Ivoire,2025-11-12,MEDIUM
1954,Brunet,CLOTHING,Abidjan,Côte d'Ivoire,2016-06-25,LOW
1955,Lucas Dubois SA,TRANSPORT,Abidjan,Côte d'Ivoire,2022-08-09,LOW
1956,Meunier et Fils,SUPERMARKET,Yamoussoukro,Côte d'Ivoire,2019-11-09,LOW
1957,Dufour,PHARMACY,Yamoussoukro,Côte d'Ivoire,2013-01-06,LOW
1958,Clerc Legros S.A.R.L.,FUEL_STATION,Bouake,Côte d'Ivoire,2024-12-30,LOW
1959,Ferrand,TRANSPORT,San Pedro,Côte d'Ivoire,2014-08-20,MEDIUM
1960,Grégoire,CLOTHING,Korhogo,Côte d'Ivoire,2018-10-16,LOW
1961,Jacob,TRANSPORT,Yamoussoukro,Côte d'Ivoire,2017-08-14,MEDIUM
1962,Lemoine Lamy S.A.S.,PHARMACY,Bouake,Côte d'Ivoire,2011-09-14,LOW
1963,Foucher,TELECOM,Korhogo,Côte d'Ivoire,2015-08-09,MEDIUM
1964,Bouchet,ELECTRONICS,San Pedro,Côte d'Ivoire,2020-11-12,LOW
1965,Fontaine,TRANSPORT,Korhogo,Côte d'Ivoire,2012-03-21,LOW
1966,Fischer,PHARMACY,Daloa,Côte d'Ivoire,2017-11-05,LOW
1967,Blin S.A.R.L.,ELECTRONICS,Bouake,Côte d'Ivoire,2023-04-28,LOW
1968,Blanchard et Fils,CLOTHING,Bouake,Côte d'Ivoire,2024-01-07,LOW
1969,Turpin,ELECTRONICS,Bouake,Côte d'Ivoire,2020-05-15,LOW
1970,Barbe S.A.S.,E_COMMERCE,Daloa,Côte d'Ivoire,2013-01-29,LOW
1971,Georges Lombard et Fils,CLOTHING,Abidjan,Côte d'Ivoire,2022-11-13,LOW
1972,Pottier et Fils,TRANSPORT,San Pedro,Côte d'Ivoire,2020-09-30,LOW
1973,Raymond,FUEL_STATION,Yamoussoukro,Côte d'Ivoire,2012-06-21,LOW
1974,Joubert,SUPERMARKET,Daloa,Côte d'Ivoire,2024-10-26,LOW
1975,Lelièvre S.A.R.L.,HOTEL,Korhogo,Côte d'Ivoire,2020-04-18,MEDIUM
1976,Baudry,TELECOM,Korhogo,Côte d'Ivoire,2024-01-22,LOW
1977,De Oliveira,SUPERMARKET,Daloa,Côte d'Ivoire,2017-07-30,LOW
1978,Charpentier,HOTEL,Bouake,Côte d'Ivoire,2014-06-04,MEDIUM
1979,Lemonnier S.A.S.,RESTAURANT,Abidjan,Côte d'Ivoire,2024-04-28,MEDIUM
1980,Petitjean,FUEL_STATION,Korhogo,Côte d'Ivoire,2024-12-05,MEDIUM
1981,Bonnet,E_COMMERCE,Abidjan,Côte d'Ivoire,2022-04-13,LOW
1982,Delorme,RESTAURANT,Yamoussoukro,Côte d'Ivoire,2014-06-14,LOW
1983,Descamps SARL,SUPERMARKET,Yamoussoukro,Côte d'Ivoire,2025-05-03,LOW
1984,Renault S.A.R.L.,ELECTRONICS,Bouake,Côte d'Ivoire,2012-12-23,LOW
1985,Bodin Garnier SARL,ELECTRONICS,Daloa,Côte d'Ivoire,2015-11-12,LOW
1986,Chauvet Guyot SARL,TELECOM,Korhogo,Côte d'Ivoire,2026-03-03,MEDIUM
1987,Garcia,PHARMACY,Man,Côte d'Ivoire,2024-03-10,LOW
1988,Texier S.A.,SUPERMARKET,San Pedro,Côte d'Ivoire,2021-08-23,LOW
1989,Delmas Cohen SARL,ELECTRONICS,Abidjan,Côte d'Ivoire,2025-04-26,LOW
1990,Bertin Bonnin S.A.,SUPERMARKET,Yamoussoukro,Côte d'Ivoire,2019-10-29,LOW
1991,Evrard David SARL,CLOTHING,Yamoussoukro,Côte d'Ivoire,2013-01-04,LOW
1992,Valentin Brunet S.A.R.L.,SUPERMARKET,Abidjan,Côte d'Ivoire,2024-05-19,LOW
1993,Pires,E_COMMERCE,Man,Côte d'Ivoire,2018-02-03,MEDIUM
1994,Peltier Besnard et Fils,HOTEL,Daloa,Côte d'Ivoire,2022-06-03,LOW
1995,Lacroix Verdier et Fils,E_COMMERCE,Daloa,Côte d'Ivoire,2025-11-23,MEDIUM
1996,Vincent,TRANSPORT,Bouake,Côte d'Ivoire,2022-07-02,HIGH
1997,Faivre,ELECTRONICS,Man,Côte d'Ivoire,2025-07-08,LOW
1998,Roux S.A.,HOTEL,San Pedro,Côte d'Ivoire,2019-06-21,MEDIUM
1999,Ollivier,ELECTRONICS,Abidjan,Côte d'Ivoire,2016-09-13,LOW
2000,Letellier,ELECTRONICS,San Pedro,Côte d'Ivoire,2024-05-17,LOW
2001,Gillet Normand et Fils,SUPERMARKET,Abidjan,Côte d'Ivoire,2018-03-18,LOW
2002,Charles,ELECTRONICS,Yamoussoukro,Côte d'Ivoire,2014-01-16,LOW
2003,Richard,TRANSPORT,Man,Côte d'Ivoire,2016-06-27,LOW
2004,Weber,HOTEL,Man,Côte d'Ivoire,2023-02-13,LOW
2005,Laporte,E_COMMERCE,Bouake,Côte d'Ivoire,2023-03-12,HIGH
2006,Pereira S.A.S.,ELECTRONICS,Yamoussoukro,Côte d'Ivoire,2022-06-02,MEDIUM
2007,Lesage,E_COMMERCE,San Pedro,Côte d'Ivoire,2021-12-17,MEDIUM
2008,Daniel,SUPERMARKET,Korhogo,Côte d'Ivoire,2016-03-04,MEDIUM
2009,Perrin,FUEL_STATION,Bouake,Côte d'Ivoire,2015-12-02,LOW
2010,Pinto,TRANSPORT,Man,Côte d'Ivoire,2024-09-23,LOW
2011,Peron Maillet S.A.S.,TRANSPORT,Korhogo,Côte d'Ivoire,2024-09-06,HIGH
2012,Dijoux Marques et Fils,CLOTHING,Daloa,Côte d'Ivoire,2023-04-27,LOW
2013,Bouvier Lévy SA,FUEL_STATION,San Pedro,Côte d'Ivoire,2023-01-08,LOW
2014,Mercier SA,PHARMACY,San Pedro,Côte d'Ivoire,2018-07-28,HIGH
2015,Hardy SA,CLOTHING,Yamoussoukro,Côte d'Ivoire,2023-03-28,LOW
2016,Marty,PHARMACY,Bouake,Côte d'Ivoire,2015-04-23,LOW
2017,Deschamps,CLOTHING,Korhogo,Côte d'Ivoire,2014-11-10,LOW
2018,Laurent S.A.S.,FUEL_STATION,Daloa,Côte d'Ivoire,2013-02-20,LOW
2019,Valentin et Fils,ELECTRONICS,Bouake,Côte d'Ivoire,2025-10-15,LOW
2020,Joseph Diaz SA,PHARMACY,Man,Côte d'Ivoire,2023-08-15,MEDIUM
2021,Fernandez S.A.S.,PHARMACY,Yamoussoukro,Côte d'Ivoire,2013-10-14,LOW
2022,Descamps,ELECTRONICS,Man,Côte d'Ivoire,2024-07-27,LOW
2023,Masson Grenier S.A.,HOTEL,Daloa,Côte d'Ivoire,2015-11-20,MEDIUM
2024,Bigot,SUPERMARKET,Daloa,Côte d'Ivoire,2022-10-24,LOW
2025,Riou S.A.R.L.,TRANSPORT,San Pedro,Côte d'Ivoire,2016-04-11,LOW
2026,Jacquot,E_COMMERCE,Bouake,Côte d'Ivoire,2022-12-07,MEDIUM
2027,Boucher,RESTAURANT,Bouake,Côte d'Ivoire,2014-05-01,LOW
2028,Baron SA,CLOTHING,Korhogo,Côte d'Ivoire,2018-02-01,LOW
2029,Le Roux,CLOTHING,Korhogo,Côte d'Ivoire,2012-08-06,LOW
2030,Aubry,FUEL_STATION,Bouake,Côte d'Ivoire,2014-08-08,LOW
2031,Muller,HOTEL,Abidjan,Côte d'Ivoire,2019-12-10,LOW
2032,Bourdon Carlier S.A.,TELECOM,Bouake,Côte d'Ivoire,2022-07-22,LOW
2033,Nicolas,CLOTHING,San Pedro,Côte d'Ivoire,2014-01-08,MEDIUM
2034,Carpentier,HOTEL,Bouake,Côte d'Ivoire,2022-01-08,MEDIUM
2035,Pichon et Fils,TELECOM,San Pedro,Côte d'Ivoire,2015-12-25,LOW
2036,Fontaine SA,FUEL_STATION,Bouake,Côte d'Ivoire,2012-10-09,LOW
2037,Diallo,SUPERMARKET,Yamoussoukro,Côte d'Ivoire,2019-02-28,HIGH
2038,Mahe S.A.,FUEL_STATION,Man,Côte d'Ivoire,2022-09-06,LOW
2039,Morel et Fils,FUEL_STATION,Daloa,Côte d'Ivoire,2018-03-21,LOW
2040,Fernandes,PHARMACY,San Pedro,Côte d'Ivoire,2023-06-26,MEDIUM
2041,Michaud,TELECOM,Man,Côte d'Ivoire,2021-05-08,LOW
2042,Buisson et Fils,TELECOM,Bouake,Côte d'Ivoire,2024-09-09,LOW
2043,Martel,SUPERMARKET,Korhogo,Côte d'Ivoire,2018-12-29,MEDIUM
2044,Petitjean,TRANSPORT,Man,Côte d'Ivoire,2024-11-10,LOW
2045,Gimenez S.A.,CLOTHING,Man,Côte d'Ivoire,2011-08-19,LOW
2046,Lagarde,ELECTRONICS,Korhogo,Côte d'Ivoire,2025-06-28,LOW
2047,Rivière,SUPERMARKET,Korhogo,Côte d'Ivoire,2021-03-23,LOW
2048,Le Roux,TELECOM,Daloa,Côte d'Ivoire,2023-03-05,MEDIUM
2049,Maréchal,FUEL_STATION,Korhogo,Côte d'Ivoire,2012-07-06,LOW
2050,Poulain S.A.S.,SUPERMARKET,Korhogo,Côte d'Ivoire,2026-02-03,LOW
2051,Faure,SUPERMARKET,Bouake,Côte d'Ivoire,2025-11-19,LOW
2052,Samson,TRANSPORT,Yamoussoukro,Côte d'Ivoire,2024-08-12,MEDIUM
2053,Jourdan,E_COMMERCE,San Pedro,Côte d'Ivoire,2015-01-12,LOW
2054,Lenoir Fournier S.A.R.L.,E_COMMERCE,Korhogo,Côte d'Ivoire,2022-10-25,MEDIUM
2055,Ribeiro Grenier S.A.R.L.,ELECTRONICS,Bouake,Côte d'Ivoire,2013-05-23,LOW
2056,Coulon,TELECOM,Abidjan,Côte d'Ivoire,2013-01-07,MEDIUM
2057,Guyon,RESTAURANT,Bouake,Côte d'Ivoire,2014-10-19,MEDIUM
2058,Da Silva Olivier SA,ELECTRONICS,Bouake,Côte d'Ivoire,2023-10-27,LOW
2059,Camus Perrier SA,HOTEL,San Pedro,Côte d'Ivoire,2025-01-22,LOW
2060,Didier,TELECOM,Korhogo,Côte d'Ivoire,2020-08-28,MEDIUM
2061,Durand,FUEL_STATION,San Pedro,Côte d'Ivoire,2012-03-16,LOW
2062,Lefèvre,HOTEL,Man,Côte d'Ivoire,2017-04-27,LOW
2063,Lebon SA,PHARMACY,Man,Côte d'Ivoire,2015-03-06,MEDIUM
2064,Potier,RESTAURANT,Abidjan,Côte d'Ivoire,2026-05-19,MEDIUM
2065,Traore Delorme S.A.,HOTEL,Abidjan,Côte d'Ivoire,2012-10-19,LOW
2066,Guyon S.A.,TRANSPORT,Man,Côte d'Ivoire,2019-11-22,MEDIUM
2067,Georges S.A.S.,ELECTRONICS,Korhogo,Côte d'Ivoire,2012-05-09,MEDIUM
2068,Boutin Delahaye S.A.,TRANSPORT,Korhogo,Côte d'Ivoire,2011-10-27,LOW
2069,Lefort Girard SARL,PHARMACY,Yamoussoukro,Côte d'Ivoire,2025-07-15,LOW
2070,Pineau S.A.S.,PHARMACY,Bouake,Côte d'Ivoire,2014-06-24,MEDIUM
2071,Gautier SA,PHARMACY,Daloa,Côte d'Ivoire,2020-01-13,MEDIUM
2072,Andre Renaud S.A.R.L.,TRANSPORT,Yamoussoukro,Côte d'Ivoire,2017-04-25,LOW
2073,Germain,TELECOM,Yamoussoukro,Côte d'Ivoire,2013-08-18,LOW
2074,Lebrun Benoit SA,RESTAURANT,Bouake,Côte d'Ivoire,2021-08-31,HIGH
2075,Daniel Andre SA,SUPERMARKET,Korhogo,Côte d'Ivoire,2016-03-26,MEDIUM
2076,Boulay Legros S.A.,SUPERMARKET,San Pedro,Côte d'Ivoire,2023-06-03,LOW
2077,Lenoir,TELECOM,Korhogo,Côte d'Ivoire,2014-05-20,MEDIUM
2078,Berger,CLOTHING,San Pedro,Côte d'Ivoire,2021-06-23,LOW
2079,Lucas SA,CLOTHING,Man,Côte d'Ivoire,2025-01-12,LOW
2080,Merle,TRANSPORT,San Pedro,Côte d'Ivoire,2014-04-05,LOW
2081,Coulon SA,CLOTHING,Abidjan,Côte d'Ivoire,2011-09-07,LOW
2082,Colin SA,ELECTRONICS,Yamoussoukro,Côte d'Ivoire,2023-08-07,LOW
2083,Delattre,ELECTRONICS,Daloa,Côte d'Ivoire,2023-05-17,MEDIUM
2084,Jacquot,SUPERMARKET,Bouake,Côte d'Ivoire,2013-09-25,LOW
2085,Meunier Riou SARL,HOTEL,Abidjan,Côte d'Ivoire,2020-06-22,LOW
2086,Bouchet,SUPERMARKET,Man,Côte d'Ivoire,2015-08-24,LOW
2087,Bourdon Jacquot SA,CLOTHING,Yamoussoukro,Côte d'Ivoire,2021-09-20,LOW
2088,Wagner Didier S.A.S.,RESTAURANT,Abidjan,Côte d'Ivoire,2013-01-26,LOW
2089,Lévêque,PHARMACY,Bouake,Côte d'Ivoire,2018-09-13,LOW
2090,Pascal S.A.,CLOTHING,Man,Côte d'Ivoire,2014-11-03,LOW
2091,Laporte SA,CLOTHING,Korhogo,Côte d'Ivoire,2022-02-07,MEDIUM
2092,Samson,PHARMACY,San Pedro,Côte d'Ivoire,2020-10-03,MEDIUM
2093,Barthelemy Pires et Fils,HOTEL,Abidjan,Côte d'Ivoire,2022-10-16,LOW
2094,Baron Vincent S.A.,E_COMMERCE,Yamoussoukro,Côte d'Ivoire,2013-06-29,LOW
2095,Pottier Reynaud S.A.R.L.,TRANSPORT,Daloa,Côte d'Ivoire,2014-07-29,LOW
2096,Leconte Bertrand SA,TRANSPORT,Daloa,Côte d'Ivoire,2022-07-19,LOW
2097,Jacquet,E_COMMERCE,San Pedro,Côte d'Ivoire,2015-02-21,LOW
2098,Deschamps,E_COMMERCE,Yamoussoukro,Côte d'Ivoire,2017-04-06,LOW
2099,Bertrand,ELECTRONICS,Bouake,Côte d'Ivoire,2013-05-08,LOW
2100,Tanguy S.A.,CLOTHING,Abidjan,Côte d'Ivoire,2014-04-07,LOW
2101,Vallée S.A.S.,ELECTRONICS,Abidjan,Côte d'Ivoire,2013-07-20,LOW
2102,Huet et Fils,CLOTHING,Daloa,Côte d'Ivoire,2019-02-22,HIGH
2103,Humbert,E_COMMERCE,San Pedro,Côte d'Ivoire,2014-12-15,LOW
2104,Rolland,HOTEL,Yamoussoukro,Côte d'Ivoire,2024-10-29,LOW
2105,Germain S.A.,CLOTHING,Yamoussoukro,Côte d'Ivoire,2013-03-30,MEDIUM
2106,Gallet Pasquier S.A.,CLOTHING,Korhogo,Côte d'Ivoire,2017-12-18,LOW
2107,Legrand Georges S.A.S.,TELECOM,San Pedro,Côte d'Ivoire,2019-10-26,MEDIUM
2108,Nguyen S.A.,CLOTHING,Bouake,Côte d'Ivoire,2015-04-03,MEDIUM
2109,Colin,FUEL_STATION,Abidjan,Côte d'Ivoire,2018-03-01,LOW
2110,Dufour,TELECOM,Man,Côte d'Ivoire,2019-05-13,MEDIUM
2111,Lefort Pelletier SARL,FUEL_STATION,Daloa,Côte d'Ivoire,2015-01-06,LOW
2112,Rodriguez,TRANSPORT,San Pedro,Côte d'Ivoire,2012-02-14,LOW
2113,Guyot S.A.,HOTEL,Korhogo,Côte d'Ivoire,2013-06-19,MEDIUM
2114,Albert,FUEL_STATION,Abidjan,Côte d'Ivoire,2018-09-09,LOW
2115,Samson Le Goff S.A.,E_COMMERCE,Yamoussoukro,Côte d'Ivoire,2016-08-06,MEDIUM
2116,Diaz Raymond S.A.,E_COMMERCE,Yamoussoukro,Côte d'Ivoire,2021-05-30,LOW
2117,Fernandez Bouchet S.A.S.,HOTEL,Daloa,Côte d'Ivoire,2019-11-24,LOW
2118,Maury Reynaud S.A.R.L.,HOTEL,Yamoussoukro,Côte d'Ivoire,2016-04-28,LOW
2119,Chauveau S.A.R.L.,CLOTHING,Korhogo,Côte d'Ivoire,2024-02-06,HIGH
2120,Hoarau Millet S.A.R.L.,PHARMACY,Bouake,Côte d'Ivoire,2021-06-07,LOW
2121,Maury Gérard S.A.S.,HOTEL,Man,Côte d'Ivoire,2011-08-30,LOW
2122,Bertrand,TELECOM,Daloa,Côte d'Ivoire,2012-04-03,LOW
2123,Peron,PHARMACY,San Pedro,Côte d'Ivoire,2024-08-25,LOW
2124,Lamy S.A.S.,TELECOM,Daloa,Côte d'Ivoire,2018-04-14,LOW
2125,Grenier,HOTEL,San Pedro,Côte d'Ivoire,2025-07-19,MEDIUM
2126,Sauvage S.A.R.L.,TRANSPORT,Man,Côte d'Ivoire,2015-09-01,LOW
2127,Pascal SA,ELECTRONICS,Yamoussoukro,Côte d'Ivoire,2023-05-15,LOW
2128,Carpentier,HOTEL,Korhogo,Côte d'Ivoire,2013-10-31,LOW
2129,Collet,FUEL_STATION,Korhogo,Côte d'Ivoire,2015-08-23,LOW
2130,Durand S.A.R.L.,HOTEL,Abidjan,Côte d'Ivoire,2022-12-16,HIGH
2131,Renard,E_COMMERCE,Daloa,Côte d'Ivoire,2023-07-17,LOW
2132,Masse,TRANSPORT,Man,Côte d'Ivoire,2024-04-15,LOW
2133,De Sousa S.A.R.L.,PHARMACY,Korhogo,Côte d'Ivoire,2024-09-15,LOW
2134,Fischer Lebon S.A.,PHARMACY,Korhogo,Côte d'Ivoire,2025-01-05,LOW
2135,Toussaint,E_COMMERCE,Man,Côte d'Ivoire,2019-06-23,MEDIUM
2136,Techer SA,SUPERMARKET,Yamoussoukro,Côte d'Ivoire,2018-02-14,LOW
2137,Laporte,TELECOM,Bouake,Côte d'Ivoire,2012-02-18,LOW
2138,Launay,E_COMMERCE,Bouake,Côte d'Ivoire,2024-05-20,LOW
2139,Rocher,PHARMACY,Abidjan,Côte d'Ivoire,2021-12-29,LOW
2140,Pottier Faure S.A.S.,SUPERMARKET,Daloa,Côte d'Ivoire,2026-07-24,LOW
2141,Guyon,RESTAURANT,San Pedro,Côte d'Ivoire,2012-07-04,LOW
2142,Roux,TELECOM,Korhogo,Côte d'Ivoire,2013-06-18,LOW
2143,Poulain,HOTEL,San Pedro,Côte d'Ivoire,2019-06-29,MEDIUM
2144,Poulain SARL,ELECTRONICS,Yamoussoukro,Côte d'Ivoire,2014-07-23,MEDIUM
2145,Guilbert et Fils,PHARMACY,Daloa,Côte d'Ivoire,2024-09-25,MEDIUM
2146,Dos Santos Daniel S.A.,ELECTRONICS,Man,Côte d'Ivoire,2020-10-03,HIGH
2147,Delahaye S.A.R.L.,FUEL_STATION,Man,Côte d'Ivoire,2024-02-13,LOW
2148,Chrétien Vallet S.A.,TRANSPORT,Man,Côte d'Ivoire,2017-01-10,MEDIUM
2149,Da Costa,RESTAURANT,Abidjan,Côte d'Ivoire,2020-02-22,LOW
2150,Baron,SUPERMARKET,Man,Côte d'Ivoire,2012-07-02,MEDIUM
2151,Guichard SARL,RESTAURANT,Yamoussoukro,Côte d'Ivoire,2019-04-10,LOW
2152,Charrier,SUPERMARKET,Abidjan,Côte d'Ivoire,2020-07-14,LOW
2153,Lelièvre et Fils,E_COMMERCE,Abidjan,Côte d'Ivoire,2020-08-16,LOW
2154,Sauvage,E_COMMERCE,Man,Côte d'Ivoire,2022-02-20,MEDIUM
2155,Maillet,HOTEL,Bouake,Côte d'Ivoire,2023-05-15,LOW
2156,Roche S.A.R.L.,E_COMMERCE,Korhogo,Côte d'Ivoire,2013-01-22,LOW
2157,Michaud S.A.,TELECOM,Man,Côte d'Ivoire,2016-06-24,LOW
2158,Nicolas S.A.,PHARMACY,Bouake,Côte d'Ivoire,2016-04-08,LOW
2159,Grenier S.A.,SUPERMARKET,Korhogo,Côte d'Ivoire,2020-01-08,LOW
2160,Martins Dijoux et Fils,RESTAURANT,Bouake,Côte d'Ivoire,2011-12-17,LOW
2161,Delattre,ELECTRONICS,Yamoussoukro,Côte d'Ivoire,2023-03-09,LOW
2162,Reynaud Perrot S.A.R.L.,E_COMMERCE,Korhogo,Côte d'Ivoire,2019-02-16,LOW
2163,Klein S.A.,RESTAURANT,Yamoussoukro,Côte d'Ivoire,2012-08-24,LOW
2164,Grondin S.A.S.,HOTEL,Korhogo,Côte d'Ivoire,2022-07-17,LOW
2165,Bouchet,PHARMACY,Abidjan,Côte d'Ivoire,2021-06-02,LOW
2166,Bègue,SUPERMARKET,Abidjan,Côte d'Ivoire,2022-07-26,LOW
2167,Vallée,RESTAURANT,San Pedro,Côte d'Ivoire,2021-09-01,LOW
2168,Albert,CLOTHING,Korhogo,Côte d'Ivoire,2016-09-30,LOW
2169,Schneider Picard SARL,TELECOM,Korhogo,Côte d'Ivoire,2015-06-08,LOW
2170,Guichard,HOTEL,Daloa,Côte d'Ivoire,2016-06-23,LOW
2171,Caron SARL,ELECTRONICS,Abidjan,Côte d'Ivoire,2016-05-31,HIGH
2172,Brun,TELECOM,Korhogo,Côte d'Ivoire,2022-02-06,LOW
2173,Mendès Regnier SARL,TELECOM,Abidjan,Côte d'Ivoire,2014-09-04,LOW
2174,Neveu Jacquot et Fils,TELECOM,San Pedro,Côte d'Ivoire,2025-02-02,LOW
2175,Renard Gomez SA,FUEL_STATION,Bouake,Côte d'Ivoire,2012-04-10,MEDIUM
2176,Bruneau,CLOTHING,Yamoussoukro,Côte d'Ivoire,2013-09-22,MEDIUM
2177,Bertin,TRANSPORT,Bouake,Côte d'Ivoire,2017-11-12,LOW
2178,Leclerc Guilbert et Fils,HOTEL,Daloa,Côte d'Ivoire,2012-03-01,MEDIUM
2179,Barre,HOTEL,San Pedro,Côte d'Ivoire,2014-02-03,LOW
2180,Pons,RESTAURANT,San Pedro,Côte d'Ivoire,2020-10-04,LOW
2181,Joubert Hernandez SA,TELECOM,San Pedro,Côte d'Ivoire,2011-12-31,MEDIUM
2182,Didier,E_COMMERCE,Daloa,Côte d'Ivoire,2024-08-25,LOW
2183,Albert Julien S.A.,CLOTHING,Bouake,Côte d'Ivoire,2011-08-25,LOW
2184,Jourdan,TRANSPORT,Daloa,Côte d'Ivoire,2023-07-30,MEDIUM
2185,Reynaud,RESTAURANT,Yamoussoukro,Côte d'Ivoire,2016-07-03,LOW
2186,Moreno Chauveau S.A.R.L.,RESTAURANT,Daloa,Côte d'Ivoire,2017-05-03,LOW
2187,Foucher S.A.R.L.,TELECOM,San Pedro,Côte d'Ivoire,2012-04-04,LOW
2188,Potier Courtois SA,FUEL_STATION,Korhogo,Côte d'Ivoire,2016-10-25,LOW
2189,Maréchal S.A.S.,PHARMACY,San Pedro,Côte d'Ivoire,2025-11-18,LOW
2190,Cohen Hamon SA,HOTEL,Bouake,Côte d'Ivoire,2017-02-15,MEDIUM
2191,Raynaud et Fils,CLOTHING,San Pedro,Côte d'Ivoire,2014-11-23,MEDIUM
2192,Gosselin Lopes S.A.,TRANSPORT,Korhogo,Côte d'Ivoire,2011-12-17,MEDIUM
2193,Tanguy S.A.R.L.,ELECTRONICS,Man,Côte d'Ivoire,2023-02-04,LOW
2194,Blanchet S.A.R.L.,RESTAURANT,Man,Côte d'Ivoire,2014-11-19,MEDIUM
2195,Prévost,CLOTHING,Daloa,Côte d'Ivoire,2021-11-01,LOW
2196,Martineau SARL,CLOTHING,Korhogo,Côte d'Ivoire,2018-05-04,LOW
2197,Auger Launay SARL,ELECTRONICS,Abidjan,Côte d'Ivoire,2018-02-22,MEDIUM
2198,Richard,PHARMACY,Yamoussoukro,Côte d'Ivoire,2016-06-01,HIGH
2199,Marty,RESTAURANT,Korhogo,Côte d'Ivoire,2016-10-25,LOW
2200,Guilbert,CLOTHING,Daloa,Côte d'Ivoire,2013-01-24,MEDIUM
2201,Petitjean Hebert et Fils,HOTEL,San Pedro,Côte d'Ivoire,2018-08-24,LOW
2202,Hervé,SUPERMARKET,Abidjan,Côte d'Ivoire,2014-05-12,LOW
2203,Chauveau,PHARMACY,Korhogo,Côte d'Ivoire,2018-08-15,MEDIUM
2204,Coste Joseph SA,SUPERMARKET,Daloa,Côte d'Ivoire,2014-01-07,LOW
2205,Bailly Ollivier S.A.S.,PHARMACY,San Pedro,Côte d'Ivoire,2017-04-13,LOW
2206,Maury S.A.R.L.,TRANSPORT,Korhogo,Côte d'Ivoire,2013-01-29,LOW
2207,Lejeune et Fils,FUEL_STATION,Bouake,Côte d'Ivoire,2016-03-23,LOW
2208,Roger,HOTEL,Yamoussoukro,Côte d'Ivoire,2021-01-11,LOW
2209,Lacombe,E_COMMERCE,San Pedro,Côte d'Ivoire,2021-03-27,MEDIUM
2210,Bourgeois Lemoine S.A.R.L.,HOTEL,Abidjan,Côte d'Ivoire,2016-07-01,LOW
2211,Dupont,CLOTHING,Korhogo,Côte d'Ivoire,2025-07-28,LOW
2212,Mary,PHARMACY,Daloa,Côte d'Ivoire,2016-09-29,LOW
2213,Vaillant,HOTEL,Korhogo,Côte d'Ivoire,2024-02-29,HIGH
2214,Hubert,SUPERMARKET,Man,Côte d'Ivoire,2012-01-12,LOW
2215,Brunet SARL,HOTEL,Abidjan,Côte d'Ivoire,2016-09-06,MEDIUM
2216,Denis,SUPERMARKET,Bouake,Côte d'Ivoire,2022-09-12,LOW
2217,Delattre,CLOTHING,San Pedro,Côte d'Ivoire,2014-08-17,LOW
2218,Lagarde,TRANSPORT,San Pedro,Côte d'Ivoire,2022-07-18,LOW
2219,Leroy Mathieu SARL,ELECTRONICS,Bouake,Côte d'Ivoire,2019-12-18,LOW
2220,Joseph et Fils,TELECOM,Bouake,Côte d'Ivoire,2017-09-23,LOW
2221,Moreno,TRANSPORT,Daloa,Côte d'Ivoire,2018-12-29,MEDIUM
2222,Techer,TRANSPORT,Bouake,Côte d'Ivoire,2023-03-31,LOW
2223,Lemonnier,PHARMACY,Bouake,Côte d'Ivoire,2025-06-30,LOW
2224,Besson S.A.S.,SUPERMARKET,Bouake,Côte d'Ivoire,2024-01-17,MEDIUM
2225,Poirier S.A.,TELECOM,Man,Côte d'Ivoire,2021-06-21,LOW
2226,Rodrigues SARL,PHARMACY,Abidjan,Côte d'Ivoire,2019-06-02,LOW
2227,Hamon Goncalves SA,TRANSPORT,Daloa,Côte d'Ivoire,2016-03-19,LOW
2228,Humbert,CLOTHING,San Pedro,Côte d'Ivoire,2022-05-26,LOW
2229,Rousseau,TELECOM,Korhogo,Côte d'Ivoire,2016-07-04,LOW
2230,Laporte,TELECOM,San Pedro,Côte d'Ivoire,2022-06-12,LOW
2231,Buisson S.A.,PHARMACY,San Pedro,Côte d'Ivoire,2024-08-12,LOW
2232,Salmon Gauthier S.A.S.,CLOTHING,San Pedro,Côte d'Ivoire,2024-05-18,MEDIUM
2233,Devaux Breton SARL,FUEL_STATION,Man,Côte d'Ivoire,2025-08-22,LOW
2234,Dupuy,TRANSPORT,Korhogo,Côte d'Ivoire,2023-03-28,LOW
2235,Pereira,SUPERMARKET,Abidjan,Côte d'Ivoire,2020-08-31,LOW
2236,Meunier,HOTEL,Abidjan,Côte d'Ivoire,2011-10-18,LOW
2237,Paul Carre SARL,RESTAURANT,Bouake,Côte d'Ivoire,2024-10-28,MEDIUM
2238,Bouchet,ELECTRONICS,Daloa,Côte d'Ivoire,2017-05-13,HIGH
2239,Henry Carpentier S.A.,E_COMMERCE,San Pedro,Côte d'Ivoire,2020-02-20,LOW
2240,Roche Vaillant S.A.S.,ELECTRONICS,Korhogo,Côte d'Ivoire,2023-04-23,LOW
2241,Delattre S.A.R.L.,TELECOM,Man,Côte d'Ivoire,2012-11-15,MEDIUM
2242,Payet SA,RESTAURANT,Man,Côte d'Ivoire,2019-09-25,LOW
2243,Langlois,CLOTHING,Yamoussoukro,Côte d'Ivoire,2023-05-02,LOW
2244,Joly,HOTEL,Korhogo,Côte d'Ivoire,2025-06-22,MEDIUM
2245,Godard,TELECOM,San Pedro,Côte d'Ivoire,2020-06-22,LOW
2246,Giraud,TELECOM,Korhogo,Côte d'Ivoire,2023-08-27,MEDIUM
2247,Leroy,TRANSPORT,Yamoussoukro,Côte d'Ivoire,2024-03-28,HIGH
2248,Louis S.A.,E_COMMERCE,Yamoussoukro,Côte d'Ivoire,2026-02-25,LOW
2249,Lagarde Dumas SARL,CLOTHING,Man,Côte d'Ivoire,2013-09-15,LOW
2250,Dumont Chevalier S.A.R.L.,CLOTHING,Yamoussoukro,Côte d'Ivoire,2023-04-30,LOW
2251,Garnier SA,TELECOM,Korhogo,Côte d'Ivoire,2024-10-02,LOW
2252,Boulay,SUPERMARKET,Man,Côte d'Ivoire,2018-11-29,HIGH
2253,Pierre SA,CLOTHING,Abidjan,Côte d'Ivoire,2012-02-18,LOW
2254,Lelièvre SA,RESTAURANT,Bouake,Côte d'Ivoire,2015-11-18,LOW
2255,François SARL,E_COMMERCE,Yamoussoukro,Côte d'Ivoire,2022-12-07,LOW
2256,Faivre SA,E_COMMERCE,Yamoussoukro,Côte d'Ivoire,2024-11-19,MEDIUM
2257,Marion S.A.,SUPERMARKET,Man,Côte d'Ivoire,2021-07-28,LOW
2258,Gonzalez Leconte SARL,PHARMACY,Korhogo,Côte d'Ivoire,2012-01-27,MEDIUM
2259,Rodrigues et Fils,TELECOM,Yamoussoukro,Côte d'Ivoire,2016-04-17,MEDIUM
2260,Benard,E_COMMERCE,Daloa,Côte d'Ivoire,2014-04-22,MEDIUM
2261,Bodin Colas SA,TELECOM,Bouake,Côte d'Ivoire,2013-04-05,MEDIUM
2262,Evrard S.A.,SUPERMARKET,Yamoussoukro,Côte d'Ivoire,2023-10-02,HIGH
2263,Carre Picard S.A.S.,PHARMACY,Korhogo,Côte d'Ivoire,2011-08-25,MEDIUM
2264,Benoit S.A.S.,PHARMACY,Daloa,Côte d'Ivoire,2026-01-21,LOW
2265,Poulain,TRANSPORT,Daloa,Côte d'Ivoire,2023-06-15,LOW
2266,Besnard Maillet SA,TELECOM,Man,Côte d'Ivoire,2014-08-26,LOW
2267,Gillet,FUEL_STATION,Korhogo,Côte d'Ivoire,2018-10-16,MEDIUM
2268,Buisson Dumas S.A.R.L.,HOTEL,Abidjan,Côte d'Ivoire,2013-06-30,LOW
2269,Denis,RESTAURANT,Abidjan,Côte d'Ivoire,2019-07-03,LOW
2270,Dijoux S.A.,TRANSPORT,San Pedro,Côte d'Ivoire,2020-01-04,LOW
2271,Fischer,ELECTRONICS,Bouake,Côte d'Ivoire,2016-06-24,LOW
2272,Perez SARL,TRANSPORT,San Pedro,Côte d'Ivoire,2019-12-22,LOW
2273,Collin SARL,ELECTRONICS,Daloa,Côte d'Ivoire,2019-05-08,LOW
2274,Torres,E_COMMERCE,Daloa,Côte d'Ivoire,2025-11-19,LOW
2275,Jean,HOTEL,Korhogo,Côte d'Ivoire,2020-12-30,LOW
2276,Charpentier,SUPERMARKET,Abidjan,Côte d'Ivoire,2026-02-16,MEDIUM
2277,Roche,HOTEL,Daloa,Côte d'Ivoire,2026-02-24,LOW
2278,Ollivier et Fils,E_COMMERCE,Yamoussoukro,Côte d'Ivoire,2017-10-29,LOW
2279,Richard Parent S.A.R.L.,RESTAURANT,Yamoussoukro,Côte d'Ivoire,2023-01-04,LOW
2280,Delaunay S.A.R.L.,TRANSPORT,San Pedro,Côte d'Ivoire,2020-06-19,MEDIUM
2281,Mathieu S.A.,FUEL_STATION,Man,Côte d'Ivoire,2018-04-17,LOW
2282,Lemonnier,FUEL_STATION,Korhogo,Côte d'Ivoire,2021-08-15,LOW
2283,Traore S.A.,PHARMACY,Yamoussoukro,Côte d'Ivoire,2012-09-04,LOW
2284,Philippe,SUPERMARKET,Daloa,Côte d'Ivoire,2017-05-03,LOW
2285,Valentin Antoine SA,TRANSPORT,Abidjan,Côte d'Ivoire,2015-07-16,LOW
2286,Pages,TELECOM,Yamoussoukro,Côte d'Ivoire,2020-01-25,LOW
2287,Salmon,E_COMMERCE,Yamoussoukro,Côte d'Ivoire,2023-09-18,LOW
2288,Boulay,SUPERMARKET,Korhogo,Côte d'Ivoire,2025-01-02,LOW
2289,Hamon,CLOTHING,Man,Côte d'Ivoire,2019-09-02,MEDIUM
2290,Vallée,FUEL_STATION,Korhogo,Côte d'Ivoire,2020-04-10,LOW
2291,Caron,RESTAURANT,Abidjan,Côte d'Ivoire,2024-08-22,MEDIUM
2292,Nicolas,PHARMACY,San Pedro,Côte d'Ivoire,2013-08-27,LOW
2293,Camus,CLOTHING,Daloa,Côte d'Ivoire,2020-01-13,HIGH
2294,Techer Lucas SA,RESTAURANT,Man,Côte d'Ivoire,2013-04-08,LOW
2295,Mercier S.A.R.L.,E_COMMERCE,San Pedro,Côte d'Ivoire,2023-02-10,LOW
2296,Colin S.A.R.L.,RESTAURANT,Man,Côte d'Ivoire,2021-11-10,LOW
2297,Brunet,E_COMMERCE,Daloa,Côte d'Ivoire,2016-09-22,LOW
2298,Samson SA,HOTEL,Yamoussoukro,Côte d'Ivoire,2022-10-27,LOW
2299,Turpin,RESTAURANT,Yamoussoukro,Côte d'Ivoire,2015-01-04,MEDIUM
2300,Peltier,TRANSPORT,San Pedro,Côte d'Ivoire,2020-01-17,LOW
2301,Bodin,SUPERMARKET,Yamoussoukro,Côte d'Ivoire,2016-01-10,HIGH
2302,Gimenez,E_COMMERCE,Bouake,Côte d'Ivoire,2020-11-15,LOW
2303,Salmon SA,TELECOM,Bouake,Côte d'Ivoire,2018-11-24,LOW
2304,Jacob S.A.R.L.,PHARMACY,Man,Côte d'Ivoire,2016-12-04,LOW
2305,Pichon,PHARMACY,Korhogo,Côte d'Ivoire,2019-05-25,MEDIUM
2306,David S.A.,FUEL_STATION,Korhogo,Côte d'Ivoire,2021-01-17,LOW
2307,Munoz,TELECOM,Man,Côte d'Ivoire,2014-05-14,LOW
2308,Perret,SUPERMARKET,Abidjan,Côte d'Ivoire,2013-11-11,LOW
2309,Auger,E_COMMERCE,Daloa,Côte d'Ivoire,2018-03-12,LOW
2310,Salmon,TELECOM,Bouake,Côte d'Ivoire,2013-06-08,LOW
2311,Delmas,SUPERMARKET,Abidjan,Côte d'Ivoire,2020-12-30,LOW
2312,Ollivier,E_COMMERCE,Bouake,Côte d'Ivoire,2021-02-20,MEDIUM
2313,Guillou Lefèvre S.A.R.L.,TRANSPORT,Korhogo,Côte d'Ivoire,2016-01-21,LOW
2314,Maury,TELECOM,San Pedro,Côte d'Ivoire,2018-01-01,LOW
2315,Gosselin,RESTAURANT,Korhogo,Côte d'Ivoire,2016-05-31,LOW
2316,Bonnet,TRANSPORT,Man,Côte d'Ivoire,2012-01-20,MEDIUM
2317,Rodriguez SARL,TELECOM,Abidjan,Côte d'Ivoire,2017-07-05,LOW
2318,Salmon et Fils,HOTEL,Yamoussoukro,Côte d'Ivoire,2017-05-19,LOW
2319,Pereira,TRANSPORT,Abidjan,Côte d'Ivoire,2018-11-10,LOW
2320,Hamon,RESTAURANT,Yamoussoukro,Côte d'Ivoire,2018-08-01,LOW
2321,Lefèvre,HOTEL,Abidjan,Côte d'Ivoire,2022-10-28,MEDIUM
2322,Hoarau Huet et Fils,E_COMMERCE,Man,Côte d'Ivoire,2016-11-19,LOW
2323,Lagarde SA,ELECTRONICS,Abidjan,Côte d'Ivoire,2026-05-11,HIGH
2324,Noël,FUEL_STATION,Yamoussoukro,Côte d'Ivoire,2017-04-26,LOW
2325,Lefebvre Tanguy SARL,RESTAURANT,Man,Côte d'Ivoire,2012-03-18,LOW
2326,Descamps,TELECOM,Abidjan,Côte d'Ivoire,2026-04-06,MEDIUM
2327,Duhamel,TELECOM,Man,Côte d'Ivoire,2020-05-01,LOW
2328,Da Costa,SUPERMARKET,Bouake,Côte d'Ivoire,2011-12-03,LOW
2329,Pruvost,CLOTHING,Bouake,Côte d'Ivoire,2011-12-15,LOW
2330,Hoareau,RESTAURANT,Daloa,Côte d'Ivoire,2021-04-12,LOW
2331,Breton,E_COMMERCE,San Pedro,Côte d'Ivoire,2021-04-25,LOW
2332,Camus SA,TELECOM,Abidjan,Côte d'Ivoire,2023-04-30,LOW
2333,Marques Mahe S.A.S.,SUPERMARKET,Yamoussoukro,Côte d'Ivoire,2025-05-19,MEDIUM
2334,Brun,SUPERMARKET,San Pedro,Côte d'Ivoire,2022-01-13,LOW
2335,Marchal,ELECTRONICS,San Pedro,Côte d'Ivoire,2018-12-29,MEDIUM
2336,Mahe Bousquet SA,ELECTRONICS,Bouake,Côte d'Ivoire,2025-11-14,MEDIUM
2337,Hervé Aubry SA,FUEL_STATION,Abidjan,Côte d'Ivoire,2016-08-19,LOW
2338,Jean,PHARMACY,San Pedro,Côte d'Ivoire,2022-03-14,LOW
2339,Wagner S.A.S.,TELECOM,Korhogo,Côte d'Ivoire,2013-03-09,LOW
2340,Maillard,PHARMACY,Abidjan,Côte d'Ivoire,2012-09-19,LOW
2341,Launay,SUPERMARKET,Yamoussoukro,Côte d'Ivoire,2015-02-22,MEDIUM
2342,Garnier,RESTAURANT,San Pedro,Côte d'Ivoire,2022-08-29,LOW
2343,Bodin,CLOTHING,Abidjan,Côte d'Ivoire,2025-04-03,MEDIUM
2344,Lesage,RESTAURANT,Abidjan,Côte d'Ivoire,2022-11-11,LOW
2345,Bourgeois,CLOTHING,Bouake,Côte d'Ivoire,2018-08-16,LOW
2346,Deschamps,FUEL_STATION,San Pedro,Côte d'Ivoire,2022-03-17,LOW
2347,Leconte,TRANSPORT,Yamoussoukro,Côte d'Ivoire,2024-07-24,LOW
2348,Moreau Techer et Fils,CLOTHING,Korhogo,Côte d'Ivoire,2020-05-10,LOW
2349,Verdier Didier S.A.,FUEL_STATION,Daloa,Côte d'Ivoire,2022-10-26,LOW
2350,Royer,PHARMACY,Yamoussoukro,Côte d'Ivoire,2022-06-05,LOW
2351,Moreno,E_COMMERCE,Bouake,Côte d'Ivoire,2023-12-09,MEDIUM
2352,Barbe S.A.,PHARMACY,Man,Côte d'Ivoire,2017-10-09,LOW
2353,Caron,PHARMACY,San Pedro,Côte d'Ivoire,2015-08-31,LOW
2354,Letellier Pottier SARL,CLOTHING,Abidjan,Côte d'Ivoire,2025-12-08,LOW
2355,Bouchet,CLOTHING,San Pedro,Côte d'Ivoire,2016-12-30,MEDIUM
2356,Couturier S.A.,SUPERMARKET,San Pedro,Côte d'Ivoire,2025-12-19,LOW
2357,Da Costa,SUPERMARKET,Bouake,Côte d'Ivoire,2025-08-03,MEDIUM
2358,Imbert,CLOTHING,Yamoussoukro,Côte d'Ivoire,2014-04-22,LOW
2359,Torres,TELECOM,Man,Côte d'Ivoire,2021-10-20,LOW
2360,Lebon Dupuis SA,PHARMACY,Man,Côte d'Ivoire,2014-02-15,LOW
2361,Leroy Moulin SARL,TELECOM,San Pedro,Côte d'Ivoire,2019-06-22,LOW
2362,Vaillant,PHARMACY,Korhogo,Côte d'Ivoire,2018-12-30,LOW
2363,Jourdan,CLOTHING,Bouake,Côte d'Ivoire,2012-03-15,MEDIUM
2364,Leroux Maillard S.A.,CLOTHING,Abidjan,Côte d'Ivoire,2012-01-27,LOW
2365,Lopes,E_COMMERCE,Yamoussoukro,Côte d'Ivoire,2022-10-12,LOW
2366,Weiss Dupont et Fils,ELECTRONICS,Bouake,Côte d'Ivoire,2019-11-03,LOW
2367,Lefèvre SA,ELECTRONICS,Abidjan,Côte d'Ivoire,2016-11-30,LOW
2368,Andre,ELECTRONICS,Korhogo,Côte d'Ivoire,2018-07-02,LOW
2369,Leconte,FUEL_STATION,Yamoussoukro,Côte d'Ivoire,2022-10-05,LOW
2370,Chauvin et Fils,RESTAURANT,Daloa,Côte d'Ivoire,2025-11-29,LOW
2371,Huet Marie S.A.S.,TELECOM,San Pedro,Côte d'Ivoire,2024-01-26,LOW
2372,Barbe et Fils,SUPERMARKET,Abidjan,Côte d'Ivoire,2025-09-05,LOW
2373,Mahe,E_COMMERCE,Bouake,Côte d'Ivoire,2013-02-09,LOW
2374,Brunel Rivière SARL,HOTEL,Korhogo,Côte d'Ivoire,2017-03-06,MEDIUM
2375,Bouvet,TELECOM,Abidjan,Côte d'Ivoire,2024-03-25,LOW
2376,Briand Carpentier S.A.,SUPERMARKET,Korhogo,Côte d'Ivoire,2013-05-23,LOW
2377,Benoit Paris S.A.R.L.,SUPERMARKET,San Pedro,Côte d'Ivoire,2018-07-10,LOW
2378,Pruvost,RESTAURANT,Bouake,Côte d'Ivoire,2012-07-11,MEDIUM
2379,Joubert,CLOTHING,Korhogo,Côte d'Ivoire,2017-12-13,LOW
2380,Prévost S.A.S.,FUEL_STATION,Man,Côte d'Ivoire,2018-10-14,LOW
2381,Normand,HOTEL,Bouake,Côte d'Ivoire,2015-10-07,MEDIUM
2382,Rodrigues,HOTEL,Bouake,Côte d'Ivoire,2017-10-01,LOW
2383,Auger,TRANSPORT,Daloa,Côte d'Ivoire,2017-10-31,LOW
2384,Lefebvre,FUEL_STATION,Abidjan,Côte d'Ivoire,2022-07-22,LOW
2385,Rousset et Fils,TELECOM,Abidjan,Côte d'Ivoire,2025-03-02,MEDIUM
2386,Blot et Fils,PHARMACY,Bouake,Côte d'Ivoire,2015-08-27,MEDIUM
2387,Courtois,TELECOM,Bouake,Côte d'Ivoire,2018-02-13,LOW
2388,Riou,PHARMACY,San Pedro,Côte d'Ivoire,2023-06-30,MEDIUM
2389,Pottier,HOTEL,Yamoussoukro,Côte d'Ivoire,2013-08-26,LOW
2390,Pichon Chevallier SA,PHARMACY,Abidjan,Côte d'Ivoire,2018-04-05,LOW
2391,Hernandez,SUPERMARKET,Yamoussoukro,Côte d'Ivoire,2013-02-09,LOW
2392,Léger Lacroix S.A.,TELECOM,San Pedro,Côte d'Ivoire,2019-01-15,LOW
2393,Gosselin,HOTEL,Bouake,Côte d'Ivoire,2022-07-16,MEDIUM
2394,Fontaine,CLOTHING,Bouake,Côte d'Ivoire,2016-03-27,MEDIUM
2395,Valette S.A.R.L.,CLOTHING,Bouake,Côte d'Ivoire,2019-08-04,LOW
2396,Le Roux,ELECTRONICS,Daloa,Côte d'Ivoire,2023-10-12,LOW
2397,Roussel,TRANSPORT,Daloa,Côte d'Ivoire,2025-08-07,LOW
2398,Rocher Bertin S.A.S.,FUEL_STATION,Korhogo,Côte d'Ivoire,2012-09-14,LOW
2399,De Oliveira,TELECOM,Yamoussoukro,Côte d'Ivoire,2021-10-26,LOW
2400,De Sousa,TRANSPORT,Man,Côte d'Ivoire,2023-05-27,MEDIUM
2401,Ledoux SA,FUEL_STATION,Yamoussoukro,Côte d'Ivoire,2022-06-27,LOW
2402,Lombard Hebert et Fils,FUEL_STATION,Korhogo,Côte d'Ivoire,2013-11-21,MEDIUM
2403,Maréchal S.A.,CLOTHING,Abidjan,Côte d'Ivoire,2022-04-07,LOW
2404,Bouvier,SUPERMARKET,Abidjan,Côte d'Ivoire,2021-05-15,HIGH
2405,Masson S.A.,ELECTRONICS,Abidjan,Côte d'Ivoire,2015-10-27,LOW
2406,Valentin Torres S.A.R.L.,TRANSPORT,San Pedro,Côte d'Ivoire,2025-01-22,MEDIUM
2407,Sauvage,RESTAURANT,San Pedro,Côte d'Ivoire,2019-09-18,LOW
2408,Bertin Giraud et Fils,RESTAURANT,Korhogo,Côte d'Ivoire,2021-08-30,MEDIUM
2409,Carre,TRANSPORT,Bouake,Côte d'Ivoire,2014-12-15,LOW
2410,Legros SARL,E_COMMERCE,Bouake,Côte d'Ivoire,2014-09-02,LOW
2411,Hoareau,RESTAURANT,Abidjan,Côte d'Ivoire,2025-10-10,LOW
2412,Lefebvre Simon S.A.S.,E_COMMERCE,Bouake,Côte d'Ivoire,2022-08-01,MEDIUM
2413,Blanc Pinto S.A.,CLOTHING,Man,Côte d'Ivoire,2016-01-11,LOW
2414,Girard Maréchal S.A.S.,TELECOM,San Pedro,Côte d'Ivoire,2018-11-15,MEDIUM
2415,Gérard,TRANSPORT,Bouake,Côte d'Ivoire,2013-02-02,MEDIUM
2416,Picard,HOTEL,Man,Côte d'Ivoire,2021-03-23,LOW
2417,Garcia et Fils,SUPERMARKET,Daloa,Côte d'Ivoire,2020-07-09,LOW
2418,Leleu,TRANSPORT,Man,Côte d'Ivoire,2019-04-18,LOW
2419,Lemaire,SUPERMARKET,Yamoussoukro,Côte d'Ivoire,2015-05-24,LOW
2420,Aubert Da Costa SARL,E_COMMERCE,Man,Côte d'Ivoire,2024-04-10,MEDIUM
2421,Weber,ELECTRONICS,Korhogo,Côte d'Ivoire,2013-10-16,MEDIUM
2422,Leclerc,RESTAURANT,Korhogo,Côte d'Ivoire,2021-10-13,MEDIUM
2423,Carre Petitjean et Fils,SUPERMARKET,Korhogo,Côte d'Ivoire,2014-10-18,MEDIUM
2424,Arnaud,HOTEL,Abidjan,Côte d'Ivoire,2018-07-11,LOW
2425,Leroy Charpentier SARL,HOTEL,San Pedro,Côte d'Ivoire,2015-08-01,LOW
2426,Menard,HOTEL,Yamoussoukro,Côte d'Ivoire,2017-11-11,LOW
2427,Clément,ELECTRONICS,Man,Côte d'Ivoire,2011-10-02,LOW
2428,Lucas,FUEL_STATION,Bouake,Côte d'Ivoire,2026-05-26,HIGH
2429,Jacquot,FUEL_STATION,Korhogo,Côte d'Ivoire,2018-05-04,LOW
2430,Delannoy Jacob et Fils,TELECOM,Man,Côte d'Ivoire,2018-10-11,MEDIUM
2431,Legrand,CLOTHING,Daloa,Côte d'Ivoire,2013-03-13,HIGH
2432,Roux SARL,FUEL_STATION,Daloa,Côte d'Ivoire,2015-07-28,MEDIUM
2433,Monnier,FUEL_STATION,Yamoussoukro,Côte d'Ivoire,2021-11-21,LOW
2434,Thomas SARL,E_COMMERCE,Korhogo,Côte d'Ivoire,2020-02-28,LOW
2435,Hernandez,E_COMMERCE,Abidjan,Côte d'Ivoire,2018-04-16,LOW
2436,Payet,HOTEL,San Pedro,Côte d'Ivoire,2021-02-03,LOW
2437,Blin S.A.,ELECTRONICS,Daloa,Côte d'Ivoire,2016-01-02,LOW
2438,Gaudin Teixeira SARL,ELECTRONICS,Man,Côte d'Ivoire,2026-07-06,MEDIUM
2439,Payet,E_COMMERCE,San Pedro,Côte d'Ivoire,2013-02-06,LOW
2440,Lacombe,RESTAURANT,Bouake,Côte d'Ivoire,2020-08-06,MEDIUM
2441,Blanchard,TELECOM,Abidjan,Côte d'Ivoire,2016-01-03,LOW
2442,Bouvier SA,PHARMACY,Yamoussoukro,Côte d'Ivoire,2013-10-01,HIGH
2443,Guyot,RESTAURANT,Abidjan,Côte d'Ivoire,2024-04-18,LOW
2444,Perret,RESTAURANT,Man,Côte d'Ivoire,2016-05-22,LOW
2445,Raymond,PHARMACY,Daloa,Côte d'Ivoire,2025-09-08,LOW
2446,Blondel,SUPERMARKET,Yamoussoukro,Côte d'Ivoire,2016-11-24,LOW
2447,Gaillard,ELECTRONICS,Bouake,Côte d'Ivoire,2016-12-10,LOW
2448,Salmon,TRANSPORT,San Pedro,Côte d'Ivoire,2014-02-23,MEDIUM
2449,Vincent,SUPERMARKET,Yamoussoukro,Côte d'Ivoire,2014-10-15,LOW
2450,Vincent Rolland S.A.,SUPERMARKET,Daloa,Côte d'Ivoire,2012-03-08,MEDIUM
2451,Bertin,ELECTRONICS,Man,Côte d'Ivoire,2014-05-11,LOW
2452,Nguyen,CLOTHING,Yamoussoukro,Côte d'Ivoire,2013-07-19,LOW
2453,Fournier,HOTEL,San Pedro,Côte d'Ivoire,2019-02-01,LOW
2454,Lacombe,ELECTRONICS,Daloa,Côte d'Ivoire,2021-02-12,LOW
2455,Albert,TELECOM,Yamoussoukro,Côte d'Ivoire,2019-12-18,LOW
2456,Fouquet S.A.,E_COMMERCE,Bouake,Côte d'Ivoire,2013-09-05,MEDIUM
2457,Morin,FUEL_STATION,San Pedro,Côte d'Ivoire,2015-01-15,LOW
2458,Arnaud,E_COMMERCE,Daloa,Côte d'Ivoire,2025-10-12,MEDIUM
2459,Bouvet Grégoire SARL,PHARMACY,Yamoussoukro,Côte d'Ivoire,2021-02-26,LOW
2460,Guillon Thomas S.A.S.,PHARMACY,Korhogo,Côte d'Ivoire,2024-08-15,MEDIUM
2461,Delattre Garnier S.A.,ELECTRONICS,Yamoussoukro,Côte d'Ivoire,2024-08-23,LOW
2462,Labbé,PHARMACY,Daloa,Côte d'Ivoire,2013-03-06,MEDIUM
2463,Michel,PHARMACY,Bouake,Côte d'Ivoire,2016-05-30,LOW
2464,Carlier SARL,SUPERMARKET,Yamoussoukro,Côte d'Ivoire,2021-08-14,LOW
2465,Breton S.A.,TELECOM,Yamoussoukro,Côte d'Ivoire,2012-01-25,LOW
2466,Jacques et Fils,FUEL_STATION,Korhogo,Côte d'Ivoire,2022-10-18,MEDIUM
2467,De Sousa,HOTEL,Yamoussoukro,Côte d'Ivoire,2022-04-07,LOW
2468,Valentin,TELECOM,Korhogo,Côte d'Ivoire,2022-10-08,HIGH
2469,Boulanger SA,ELECTRONICS,Yamoussoukro,Côte d'Ivoire,2022-09-27,LOW
2470,Germain,SUPERMARKET,San Pedro,Côte d'Ivoire,2024-01-08,MEDIUM
2471,Lecomte Rousseau et Fils,PHARMACY,San Pedro,Côte d'Ivoire,2016-05-22,MEDIUM
2472,Lefèvre,PHARMACY,Abidjan,Côte d'Ivoire,2024-03-24,HIGH
2473,Lévy S.A.S.,ELECTRONICS,Korhogo,Côte d'Ivoire,2018-01-23,LOW
2474,Alexandre SARL,E_COMMERCE,San Pedro,Côte d'Ivoire,2014-08-09,MEDIUM
2475,Pires Alexandre SA,CLOTHING,Man,Côte d'Ivoire,2011-12-04,LOW
2476,Goncalves Chevallier S.A.R.L.,CLOTHING,Man,Côte d'Ivoire,2016-06-03,MEDIUM
2477,Mathieu Léger S.A.R.L.,TELECOM,Yamoussoukro,Côte d'Ivoire,2025-03-15,LOW
2478,Guyon,TELECOM,Abidjan,Côte d'Ivoire,2025-04-17,LOW
2479,Pottier,ELECTRONICS,Abidjan,Côte d'Ivoire,2021-11-04,LOW
2480,Pelletier Chartier SA,TRANSPORT,Korhogo,Côte d'Ivoire,2025-09-24,MEDIUM
2481,Blanchet,TELECOM,Yamoussoukro,Côte d'Ivoire,2014-12-22,LOW
2482,Cohen,SUPERMARKET,Korhogo,Côte d'Ivoire,2018-03-06,LOW
2483,Royer,CLOTHING,Korhogo,Côte d'Ivoire,2021-02-25,LOW
2484,Robin,E_COMMERCE,Bouake,Côte d'Ivoire,2024-06-11,LOW
2485,Tessier,ELECTRONICS,Daloa,Côte d'Ivoire,2022-01-07,LOW
2486,Gay Lombard S.A.R.L.,RESTAURANT,Korhogo,Côte d'Ivoire,2013-02-26,LOW
2487,Blanchet SARL,TELECOM,Yamoussoukro,Côte d'Ivoire,2019-06-18,LOW
2488,Jourdan Torres et Fils,ELECTRONICS,Abidjan,Côte d'Ivoire,2014-03-19,MEDIUM
2489,Laine,HOTEL,San Pedro,Côte d'Ivoire,2022-04-14,LOW
2490,Charpentier S.A.R.L.,TRANSPORT,Yamoussoukro,Côte d'Ivoire,2019-01-06,LOW
2491,Martel SARL,SUPERMARKET,Yamoussoukro,Côte d'Ivoire,2014-02-07,LOW
2492,Pottier Ribeiro S.A.,E_COMMERCE,San Pedro,Côte d'Ivoire,2020-06-22,MEDIUM
2493,Collet,RESTAURANT,Bouake,Côte d'Ivoire,2021-03-31,MEDIUM
2494,Courtois SA,TELECOM,Man,Côte d'Ivoire,2012-05-05,HIGH
2495,Gros S.A.R.L.,TELECOM,Yamoussoukro,Côte d'Ivoire,2018-08-08,LOW
2496,Barthelemy et Fils,TRANSPORT,Man,Côte d'Ivoire,2023-10-30,MEDIUM
2497,Monnier,PHARMACY,Daloa,Côte d'Ivoire,2015-11-29,LOW
2498,Lecoq S.A.S.,RESTAURANT,Bouake,Côte d'Ivoire,2011-11-08,LOW
2499,Traore et Fils,TELECOM,Daloa,Côte d'Ivoire,2019-06-14,LOW
2500,Vidal Carlier SA,HOTEL,Abidjan,Côte d'Ivoire,2012-12-28,MEDIUM
2501,Fischer,CLOTHING,Daloa,Côte d'Ivoire,2016-08-21,LOW
2502,Coste,SUPERMARKET,San Pedro,Côte d'Ivoire,2023-11-23,LOW
2503,Boulay,E_COMMERCE,San Pedro,Côte d'Ivoire,2022-12-23,LOW
2504,Ferrand,TELECOM,Man,Côte d'Ivoire,2025-04-26,LOW
2505,Leblanc,PHARMACY,Bouake,Côte d'Ivoire,2026-05-26,LOW
2506,Lecomte Gonzalez SA,TRANSPORT,Yamoussoukro,Côte d'Ivoire,2024-04-13,LOW
2507,Maillet,SUPERMARKET,Daloa,Côte d'Ivoire,2013-05-20,MEDIUM
2508,Joubert,CLOTHING,Yamoussoukro,Côte d'Ivoire,2011-11-18,LOW
2509,Delaunay SA,TELECOM,Bouake,Côte d'Ivoire,2011-10-20,LOW
2510,Bègue Martel S.A.R.L.,SUPERMARKET,Bouake,Côte d'Ivoire,2023-05-06,LOW
2511,Descamps,TELECOM,Abidjan,Côte d'Ivoire,2024-03-27,LOW
2512,Bailly,E_COMMERCE,San Pedro,Côte d'Ivoire,2022-02-05,LOW
2513,Blot,FUEL_STATION,Abidjan,Côte d'Ivoire,2023-01-14,LOW
2514,Hernandez,E_COMMERCE,San Pedro,Côte d'Ivoire,2013-01-24,HIGH
2515,Dufour Garcia S.A.,RESTAURANT,Korhogo,Côte d'Ivoire,2013-06-24,MEDIUM
2516,Grenier S.A.,CLOTHING,San Pedro,Côte d'Ivoire,2026-03-10,LOW
2517,Lacroix S.A.R.L.,E_COMMERCE,Man,Côte d'Ivoire,2022-08-11,LOW
2518,Delahaye Guillot S.A.R.L.,RESTAURANT,Yamoussoukro,Côte d'Ivoire,2025-11-25,LOW
2519,Fernandez Hernandez S.A.R.L.,CLOTHING,Abidjan,Côte d'Ivoire,2014-02-04,MEDIUM
2520,Briand,PHARMACY,Korhogo,Côte d'Ivoire,2011-12-12,LOW
2521,Brun S.A.,HOTEL,San Pedro,Côte d'Ivoire,2024-02-22,MEDIUM
2522,Vallée,PHARMACY,Yamoussoukro,Côte d'Ivoire,2019-08-06,LOW
2523,Lebreton S.A.S.,E_COMMERCE,Yamoussoukro,Côte d'Ivoire,2015-09-14,LOW
2524,Cousin Colas S.A.R.L.,HOTEL,Abidjan,Côte d'Ivoire,2012-06-10,LOW
2525,Petit,ELECTRONICS,Man,Côte d'Ivoire,2013-04-27,MEDIUM
2526,Legros,ELECTRONICS,Bouake,Côte d'Ivoire,2026-01-05,MEDIUM
2527,Gallet,PHARMACY,Daloa,Côte d'Ivoire,2021-06-02,LOW
2528,Da Silva,PHARMACY,Korhogo,Côte d'Ivoire,2019-11-14,LOW
2529,Vallée,HOTEL,Daloa,Côte d'Ivoire,2020-04-22,MEDIUM
2530,Grondin,E_COMMERCE,Yamoussoukro,Côte d'Ivoire,2023-09-23,LOW
2531,Evrard SA,HOTEL,Abidjan,Côte d'Ivoire,2018-10-03,LOW
2532,Lenoir,HOTEL,Daloa,Côte d'Ivoire,2012-08-27,LOW
2533,Jourdan,PHARMACY,Korhogo,Côte d'Ivoire,2018-09-03,LOW
2534,Ferreira,TELECOM,San Pedro,Côte d'Ivoire,2019-12-29,LOW
2535,Pons,PHARMACY,Abidjan,Côte d'Ivoire,2023-06-11,LOW
2536,Lefebvre,ELECTRONICS,Bouake,Côte d'Ivoire,2014-04-27,MEDIUM
2537,Pages,ELECTRONICS,Korhogo,Côte d'Ivoire,2014-11-05,LOW
2538,Barre,ELECTRONICS,Daloa,Côte d'Ivoire,2019-01-11,LOW
2539,Guillou Vasseur S.A.S.,ELECTRONICS,Man,Côte d'Ivoire,2023-03-25,MEDIUM
2540,Marion,RESTAURANT,San Pedro,Côte d'Ivoire,2026-02-04,LOW
2541,Payet,RESTAURANT,Abidjan,Côte d'Ivoire,2016-07-26,MEDIUM
2542,Delattre,SUPERMARKET,San Pedro,Côte d'Ivoire,2025-09-30,LOW
2543,Georges,HOTEL,Bouake,Côte d'Ivoire,2025-03-07,MEDIUM
2544,Loiseau Guillaume SARL,CLOTHING,Korhogo,Côte d'Ivoire,2023-04-29,MEDIUM
2545,Martineau S.A.R.L.,HOTEL,Bouake,Côte d'Ivoire,2013-10-09,MEDIUM
2546,Bourgeois Barbier S.A.S.,SUPERMARKET,Man,Côte d'Ivoire,2019-12-13,MEDIUM
2547,Legros S.A.R.L.,FUEL_STATION,Bouake,Côte d'Ivoire,2016-09-27,MEDIUM
2548,Lacroix Pascal SA,PHARMACY,Man,Côte d'Ivoire,2011-11-19,LOW
2549,Bertin,PHARMACY,Bouake,Côte d'Ivoire,2017-08-25,LOW
2550,Roger Gaudin SA,RESTAURANT,San Pedro,Côte d'Ivoire,2025-04-20,LOW
2551,Marques S.A.R.L.,RESTAURANT,Abidjan,Côte d'Ivoire,2013-07-07,LOW
2552,Mathieu Guilbert S.A.,TELECOM,Daloa,Côte d'Ivoire,2019-11-07,LOW
2553,Leblanc,FUEL_STATION,Abidjan,Côte d'Ivoire,2024-12-05,LOW
2554,Lecoq,ELECTRONICS,Korhogo,Côte d'Ivoire,2012-05-15,LOW
2555,Fernandes,RESTAURANT,Yamoussoukro,Côte d'Ivoire,2026-02-03,LOW
2556,Munoz SA,E_COMMERCE,Man,Côte d'Ivoire,2019-01-09,LOW
2557,Faivre,RESTAURANT,Daloa,Côte d'Ivoire,2013-06-18,LOW
2558,Bourdon S.A.S.,CLOTHING,Bouake,Côte d'Ivoire,2024-11-18,LOW
2559,Guilbert SA,FUEL_STATION,Bouake,Côte d'Ivoire,2020-03-16,LOW
2560,Brun et Fils,SUPERMARKET,Abidjan,Côte d'Ivoire,2013-08-01,LOW
2561,Étienne Barbier et Fils,E_COMMERCE,Korhogo,Côte d'Ivoire,2016-07-18,LOW
2562,Ledoux,PHARMACY,Daloa,Côte d'Ivoire,2020-03-07,LOW
2563,Peron,CLOTHING,Bouake,Côte d'Ivoire,2026-05-21,LOW
2564,Brunet et Fils,RESTAURANT,Abidjan,Côte d'Ivoire,2017-10-06,MEDIUM
2565,Dos Santos,SUPERMARKET,Korhogo,Côte d'Ivoire,2013-09-01,LOW
2566,Navarro Legros SA,FUEL_STATION,Yamoussoukro,Côte d'Ivoire,2015-10-01,LOW
2567,Leblanc,ELECTRONICS,Abidjan,Côte d'Ivoire,2016-06-14,HIGH
2568,Clément Da Costa SARL,RESTAURANT,Bouake,Côte d'Ivoire,2023-09-29,MEDIUM
2569,Alves,TELECOM,Yamoussoukro,Côte d'Ivoire,2022-04-14,LOW
2570,Fernandes Chrétien S.A.S.,PHARMACY,San Pedro,Côte d'Ivoire,2018-10-01,LOW
2571,Dos Santos Gilbert S.A.R.L.,RESTAURANT,Bouake,Côte d'Ivoire,2018-07-16,MEDIUM
2572,Blondel,TRANSPORT,San Pedro,Côte d'Ivoire,2025-02-03,LOW
2573,Martinez,FUEL_STATION,San Pedro,Côte d'Ivoire,2019-02-08,LOW
2574,Pires Dubois et Fils,HOTEL,Abidjan,Côte d'Ivoire,2025-04-16,LOW
2575,Clément SARL,ELECTRONICS,Bouake,Côte d'Ivoire,2016-12-06,LOW
2576,Leleu,HOTEL,Man,Côte d'Ivoire,2014-05-16,LOW
2577,Bonnet,SUPERMARKET,Abidjan,Côte d'Ivoire,2018-04-07,LOW
2578,Peltier et Fils,RESTAURANT,San Pedro,Côte d'Ivoire,2014-02-21,LOW
2579,Lefort et Fils,CLOTHING,Man,Côte d'Ivoire,2025-03-03,LOW
2580,Humbert,TELECOM,Bouake,Côte d'Ivoire,2018-05-31,LOW
2581,Mace,E_COMMERCE,Daloa,Côte d'Ivoire,2024-03-17,LOW
2582,Barre,RESTAURANT,Daloa,Côte d'Ivoire,2011-09-17,MEDIUM
2583,Evrard,HOTEL,Bouake,Côte d'Ivoire,2021-12-16,LOW
2584,Bonnin Antoine S.A.R.L.,TELECOM,Man,Côte d'Ivoire,2022-07-12,LOW
2585,Devaux Ferrand S.A.S.,TELECOM,Korhogo,Côte d'Ivoire,2022-09-01,LOW
2586,Rocher,RESTAURANT,Abidjan,Côte d'Ivoire,2017-06-13,LOW
2587,Diallo,TRANSPORT,Man,Côte d'Ivoire,2014-12-06,LOW
2588,Clément,RESTAURANT,Man,Côte d'Ivoire,2012-03-15,MEDIUM
2589,Perrier,PHARMACY,Abidjan,Côte d'Ivoire,2023-11-29,LOW
2590,Dijoux Gimenez SARL,FUEL_STATION,Yamoussoukro,Côte d'Ivoire,2015-03-19,LOW
2591,Gros S.A.S.,TRANSPORT,Abidjan,Côte d'Ivoire,2016-11-20,LOW
2592,Boulay,TRANSPORT,Man,Côte d'Ivoire,2022-05-23,LOW
2593,Simon Leroy S.A.S.,CLOTHING,Korhogo,Côte d'Ivoire,2021-08-27,LOW
2594,Guillot,TRANSPORT,Yamoussoukro,Côte d'Ivoire,2025-09-25,LOW
2595,Pages,CLOTHING,San Pedro,Côte d'Ivoire,2018-10-07,HIGH
2596,Foucher SA,ELECTRONICS,Yamoussoukro,Côte d'Ivoire,2025-11-22,LOW
2597,Poirier,TELECOM,Abidjan,Côte d'Ivoire,2022-03-29,LOW
2598,Denis,TELECOM,San Pedro,Côte d'Ivoire,2012-05-21,LOW
2599,Pons SARL,PHARMACY,Abidjan,Côte d'Ivoire,2021-04-24,LOW
2600,De Sousa SARL,SUPERMARKET,Daloa,Côte d'Ivoire,2015-08-05,LOW
2601,Marty Ribeiro SARL,SUPERMARKET,Bouake,Côte d'Ivoire,2022-12-03,LOW
2602,Delannoy Hoareau S.A.S.,HOTEL,Bouake,Côte d'Ivoire,2024-02-14,LOW
2603,Duval Millet S.A.S.,CLOTHING,Abidjan,Côte d'Ivoire,2021-06-25,MEDIUM
2604,Merle Alves S.A.R.L.,ELECTRONICS,Daloa,Côte d'Ivoire,2013-03-29,LOW
2605,Mendès Lamy S.A.R.L.,TELECOM,Bouake,Côte d'Ivoire,2012-12-20,LOW
2606,Bonnet S.A.R.L.,TELECOM,San Pedro,Côte d'Ivoire,2013-10-15,LOW
2607,Benoit,ELECTRONICS,Yamoussoukro,Côte d'Ivoire,2019-03-02,MEDIUM
2608,Lemaître et Fils,ELECTRONICS,Korhogo,Côte d'Ivoire,2020-07-12,LOW
2609,Pruvost,SUPERMARKET,San Pedro,Côte d'Ivoire,2021-01-31,MEDIUM
2610,Aubry,RESTAURANT,San Pedro,Côte d'Ivoire,2021-07-07,LOW
2611,Bousquet,TRANSPORT,San Pedro,Côte d'Ivoire,2018-10-12,LOW
2612,Lagarde,SUPERMARKET,Bouake,Côte d'Ivoire,2019-11-26,LOW
2613,Goncalves,E_COMMERCE,Man,Côte d'Ivoire,2014-01-11,LOW
2614,Vallée Mendès S.A.R.L.,TRANSPORT,Bouake,Côte d'Ivoire,2013-10-10,LOW
2615,Lemonnier S.A.,TRANSPORT,San Pedro,Côte d'Ivoire,2019-04-28,MEDIUM
2616,David,CLOTHING,Man,Côte d'Ivoire,2024-04-10,LOW
2617,Vaillant Lemaître SA,ELECTRONICS,Man,Côte d'Ivoire,2021-10-23,LOW
2618,Masson,TELECOM,San Pedro,Côte d'Ivoire,2013-08-19,LOW
2619,Masse,PHARMACY,Korhogo,Côte d'Ivoire,2016-07-02,LOW
2620,Barbe S.A.,E_COMMERCE,San Pedro,Côte d'Ivoire,2013-07-30,LOW
2621,Schneider,TRANSPORT,Korhogo,Côte d'Ivoire,2017-12-11,LOW
2622,Cousin,E_COMMERCE,Yamoussoukro,Côte d'Ivoire,2019-11-04,LOW
2623,Meunier S.A.,CLOTHING,Abidjan,Côte d'Ivoire,2024-11-28,LOW
2624,Rousseau,HOTEL,Yamoussoukro,Côte d'Ivoire,2016-10-07,MEDIUM
2625,Fabre,CLOTHING,Abidjan,Côte d'Ivoire,2014-09-09,MEDIUM
2626,Bernard,HOTEL,San Pedro,Côte d'Ivoire,2013-08-28,LOW
2627,Mercier,HOTEL,Yamoussoukro,Côte d'Ivoire,2026-05-20,LOW
2628,Delattre S.A.R.L.,SUPERMARKET,Man,Côte d'Ivoire,2021-04-28,LOW
2629,Moreno,FUEL_STATION,Man,Côte d'Ivoire,2019-04-09,LOW
2630,Hoareau,RESTAURANT,Man,Côte d'Ivoire,2019-08-29,LOW
2631,Ledoux Dos Santos S.A.S.,E_COMMERCE,Abidjan,Côte d'Ivoire,2022-05-27,LOW
2632,Samson,SUPERMARKET,Korhogo,Côte d'Ivoire,2019-03-25,LOW
2633,Gérard,TELECOM,Man,Côte d'Ivoire,2026-04-25,MEDIUM
2634,Blanc,CLOTHING,Korhogo,Côte d'Ivoire,2025-03-07,MEDIUM
2635,Chevallier,E_COMMERCE,Abidjan,Côte d'Ivoire,2015-07-15,LOW
2636,Maillot,CLOTHING,Abidjan,Côte d'Ivoire,2020-10-11,HIGH
2637,Leconte S.A.R.L.,TRANSPORT,Korhogo,Côte d'Ivoire,2024-02-04,LOW
2638,Imbert,CLOTHING,Abidjan,Côte d'Ivoire,2013-01-30,MEDIUM
2639,Neveu Laurent S.A.S.,RESTAURANT,Man,Côte d'Ivoire,2022-04-18,LOW
2640,Guilbert,HOTEL,San Pedro,Côte d'Ivoire,2022-07-20,LOW
2641,Weiss S.A.S.,HOTEL,Bouake,Côte d'Ivoire,2013-01-09,LOW
2642,Maurice Allard S.A.S.,HOTEL,San Pedro,Côte d'Ivoire,2024-06-18,LOW
2643,Colas S.A.S.,RESTAURANT,Daloa,Côte d'Ivoire,2014-10-18,MEDIUM
2644,Gaudin,FUEL_STATION,Yamoussoukro,Côte d'Ivoire,2011-11-22,LOW
2645,Delmas S.A.S.,E_COMMERCE,Korhogo,Côte d'Ivoire,2014-08-19,LOW
2646,Paris S.A.,FUEL_STATION,Korhogo,Côte d'Ivoire,2015-10-01,MEDIUM
2647,Clément,RESTAURANT,Man,Côte d'Ivoire,2025-04-21,MEDIUM
2648,Maréchal,RESTAURANT,Korhogo,Côte d'Ivoire,2021-08-05,LOW
2649,Marin SA,RESTAURANT,Korhogo,Côte d'Ivoire,2017-05-11,MEDIUM
2650,Arnaud,TELECOM,San Pedro,Côte d'Ivoire,2018-08-20,LOW
2651,Evrard SARL,RESTAURANT,Man,Côte d'Ivoire,2018-01-27,MEDIUM
2652,Robin,ELECTRONICS,Daloa,Côte d'Ivoire,2013-07-11,LOW
2653,Allard S.A.,ELECTRONICS,Yamoussoukro,Côte d'Ivoire,2016-06-06,LOW
2654,Vidal Adam SA,TRANSPORT,Yamoussoukro,Côte d'Ivoire,2014-03-14,LOW
2655,Cordier,TELECOM,Man,Côte d'Ivoire,2023-02-13,MEDIUM
2656,Lopez Bonneau SARL,PHARMACY,Abidjan,Côte d'Ivoire,2014-08-30,LOW
2657,Delannoy SA,ELECTRONICS,Daloa,Côte d'Ivoire,2016-08-23,LOW
2658,Perrin,TELECOM,Bouake,Côte d'Ivoire,2017-01-07,LOW
2659,Pasquier Breton SARL,TELECOM,Yamoussoukro,Côte d'Ivoire,2017-12-18,MEDIUM
2660,Roux S.A.,ELECTRONICS,Daloa,Côte d'Ivoire,2015-08-26,LOW
2661,Teixeira Grégoire S.A.S.,TRANSPORT,Korhogo,Côte d'Ivoire,2018-02-15,MEDIUM
2662,Royer SA,SUPERMARKET,Korhogo,Côte d'Ivoire,2016-12-28,LOW
2663,Lenoir,TELECOM,Bouake,Côte d'Ivoire,2018-07-02,LOW
2664,Guillet SA,E_COMMERCE,Daloa,Côte d'Ivoire,2018-07-05,LOW
2665,Moreau Royer S.A.S.,HOTEL,Daloa,Côte d'Ivoire,2021-07-19,MEDIUM
2666,Hoarau S.A.S.,RESTAURANT,Man,Côte d'Ivoire,2022-08-29,LOW
2667,Bailly Duhamel S.A.R.L.,TRANSPORT,Yamoussoukro,Côte d'Ivoire,2019-03-01,MEDIUM
2668,Bousquet S.A.S.,PHARMACY,Yamoussoukro,Côte d'Ivoire,2015-01-14,LOW
2669,Besson Gimenez S.A.,FUEL_STATION,San Pedro,Côte d'Ivoire,2024-11-17,LOW
2670,Tanguy Briand S.A.S.,PHARMACY,Bouake,Côte d'Ivoire,2019-04-06,LOW
2671,Martin S.A.R.L.,E_COMMERCE,San Pedro,Côte d'Ivoire,2025-09-07,LOW
2672,Guibert,TRANSPORT,San Pedro,Côte d'Ivoire,2014-06-04,LOW
2673,Lopez S.A.R.L.,SUPERMARKET,Bouake,Côte d'Ivoire,2016-03-23,LOW
2674,Bazin,PHARMACY,Abidjan,Côte d'Ivoire,2018-01-16,LOW
2675,Lefort,E_COMMERCE,Man,Côte d'Ivoire,2015-03-13,LOW
2676,Lambert,SUPERMARKET,Man,Côte d'Ivoire,2014-04-28,LOW
2677,Ribeiro SA,SUPERMARKET,Abidjan,Côte d'Ivoire,2018-04-20,MEDIUM
2678,Joly et Fils,RESTAURANT,Yamoussoukro,Côte d'Ivoire,2021-01-15,LOW
2679,Lesage,RESTAURANT,San Pedro,Côte d'Ivoire,2015-03-01,MEDIUM
2680,Normand,RESTAURANT,San Pedro,Côte d'Ivoire,2017-05-28,MEDIUM
2681,Chrétien,PHARMACY,Bouake,Côte d'Ivoire,2023-08-13,LOW
2682,Maillard,ELECTRONICS,Abidjan,Côte d'Ivoire,2015-10-05,LOW
2683,Leblanc,CLOTHING,Daloa,Côte d'Ivoire,2015-02-27,MEDIUM
2684,Joseph,E_COMMERCE,San Pedro,Côte d'Ivoire,2017-02-28,MEDIUM
2685,Jacquot S.A.,FUEL_STATION,Korhogo,Côte d'Ivoire,2022-07-28,LOW
2686,Raynaud S.A.R.L.,HOTEL,Yamoussoukro,Côte d'Ivoire,2011-08-25,MEDIUM
2687,Maillet S.A.,TRANSPORT,Daloa,Côte d'Ivoire,2018-08-09,MEDIUM
2688,Ledoux,FUEL_STATION,San Pedro,Côte d'Ivoire,2018-04-04,LOW
2689,Delahaye et Fils,RESTAURANT,Bouake,Côte d'Ivoire,2012-11-22,LOW
2690,Leconte S.A.R.L.,E_COMMERCE,San Pedro,Côte d'Ivoire,2023-01-05,LOW
2691,Benard S.A.R.L.,CLOTHING,Abidjan,Côte d'Ivoire,2025-08-26,LOW
2692,Chevallier,HOTEL,Man,Côte d'Ivoire,2014-08-03,MEDIUM
2693,Denis S.A.R.L.,HOTEL,Korhogo,Côte d'Ivoire,2017-11-17,LOW
2694,Hebert Petit S.A.,FUEL_STATION,Yamoussoukro,Côte d'Ivoire,2024-03-20,MEDIUM
2695,Thierry SARL,PHARMACY,Yamoussoukro,Côte d'Ivoire,2023-02-25,LOW
2696,Olivier,HOTEL,Daloa,Côte d'Ivoire,2013-02-08,LOW
2697,Wagner,CLOTHING,Abidjan,Côte d'Ivoire,2015-05-04,MEDIUM
2698,Teixeira Étienne SA,SUPERMARKET,Man,Côte d'Ivoire,2016-05-08,MEDIUM
2699,Fischer,FUEL_STATION,Yamoussoukro,Côte d'Ivoire,2023-08-08,LOW
2700,Robert Pierre et Fils,E_COMMERCE,Man,Côte d'Ivoire,2018-04-25,HIGH
2701,Lopes S.A.S.,HOTEL,Daloa,Côte d'Ivoire,2020-02-01,LOW
2702,Picard,ELECTRONICS,Daloa,Côte d'Ivoire,2020-12-17,LOW
2703,Delmas Rousset S.A.S.,TELECOM,San Pedro,Côte d'Ivoire,2023-01-04,LOW
2704,François Pruvost S.A.,TRANSPORT,Yamoussoukro,Côte d'Ivoire,2024-04-07,LOW
2705,Rodriguez SARL,FUEL_STATION,Yamoussoukro,Côte d'Ivoire,2021-04-09,LOW
2706,Barbe Chauveau SARL,PHARMACY,San Pedro,Côte d'Ivoire,2014-11-03,LOW
2707,Jacquot et Fils,TRANSPORT,Daloa,Côte d'Ivoire,2020-08-22,LOW
2708,Bazin,RESTAURANT,Daloa,Côte d'Ivoire,2021-02-07,MEDIUM
2709,Bernard,TELECOM,San Pedro,Côte d'Ivoire,2018-11-03,MEDIUM
2710,Breton S.A.R.L.,HOTEL,Man,Côte d'Ivoire,2025-12-09,LOW
2711,Paris,RESTAURANT,Daloa,Côte d'Ivoire,2013-08-24,LOW
2712,Costa,E_COMMERCE,Korhogo,Côte d'Ivoire,2017-09-22,LOW
2713,Mace S.A.,TRANSPORT,Korhogo,Côte d'Ivoire,2012-05-16,MEDIUM
2714,De Oliveira,ELECTRONICS,Man,Côte d'Ivoire,2020-08-19,LOW
2715,Gomes,SUPERMARKET,Daloa,Côte d'Ivoire,2011-08-31,LOW
2716,Leclercq,PHARMACY,Man,Côte d'Ivoire,2017-04-08,LOW
2717,Masse SA,PHARMACY,Abidjan,Côte d'Ivoire,2024-02-14,LOW
2718,Blot Briand SA,E_COMMERCE,Yamoussoukro,Côte d'Ivoire,2015-10-30,LOW
2719,Gaillard Boulanger SARL,RESTAURANT,Bouake,Côte d'Ivoire,2012-08-23,LOW
2720,Leroy S.A.R.L.,PHARMACY,Daloa,Côte d'Ivoire,2018-12-04,LOW
2721,Allain et Fils,TRANSPORT,Daloa,Côte d'Ivoire,2017-04-06,MEDIUM
2722,Hoarau,TELECOM,San Pedro,Côte d'Ivoire,2013-05-30,MEDIUM
2723,Dupuis,PHARMACY,Yamoussoukro,Côte d'Ivoire,2017-05-16,LOW
2724,Le Roux S.A.S.,CLOTHING,Daloa,Côte d'Ivoire,2025-01-31,LOW
2725,Legrand Diallo S.A.S.,E_COMMERCE,Bouake,Côte d'Ivoire,2022-02-11,LOW
2726,Salmon,HOTEL,Bouake,Côte d'Ivoire,2013-03-15,LOW
2727,Delorme,TRANSPORT,Daloa,Côte d'Ivoire,2013-09-12,MEDIUM
2728,Bonnet SA,FUEL_STATION,Abidjan,Côte d'Ivoire,2017-12-30,MEDIUM
2729,Lemonnier,ELECTRONICS,Man,Côte d'Ivoire,2012-09-06,LOW
2730,Bonnet Pichon SA,FUEL_STATION,Abidjan,Côte d'Ivoire,2016-09-14,HIGH
2731,François,FUEL_STATION,Yamoussoukro,Côte d'Ivoire,2013-04-22,MEDIUM
2732,Vaillant SA,PHARMACY,Abidjan,Côte d'Ivoire,2016-08-04,LOW
2733,Maréchal,TRANSPORT,Korhogo,Côte d'Ivoire,2013-03-16,LOW
2734,Rey,RESTAURANT,Yamoussoukro,Côte d'Ivoire,2026-04-14,LOW
2735,De Sousa S.A.R.L.,CLOTHING,Abidjan,Côte d'Ivoire,2019-06-22,LOW
2736,Legendre,ELECTRONICS,San Pedro,Côte d'Ivoire,2022-02-09,MEDIUM
2737,Maillot et Fils,TELECOM,Daloa,Côte d'Ivoire,2023-01-27,LOW
2738,De Sousa S.A.S.,RESTAURANT,Bouake,Côte d'Ivoire,2017-02-27,MEDIUM
2739,Nicolas Henry SA,FUEL_STATION,Daloa,Côte d'Ivoire,2021-09-13,MEDIUM
2740,Allain S.A.,E_COMMERCE,Yamoussoukro,Côte d'Ivoire,2021-04-29,MEDIUM
2741,Diaz Grégoire SARL,TRANSPORT,Bouake,Côte d'Ivoire,2017-08-15,LOW
2742,Leduc,FUEL_STATION,Korhogo,Côte d'Ivoire,2023-11-26,LOW
2743,Lemoine,E_COMMERCE,Man,Côte d'Ivoire,2015-09-17,LOW
2744,Bertrand Lopez S.A.,TRANSPORT,Bouake,Côte d'Ivoire,2016-11-16,LOW
2745,Blanchet,PHARMACY,Abidjan,Côte d'Ivoire,2022-08-30,LOW
2746,Langlois,E_COMMERCE,Bouake,Côte d'Ivoire,2021-07-03,LOW
2747,Caron Lelièvre SARL,FUEL_STATION,Yamoussoukro,Côte d'Ivoire,2021-11-02,LOW
2748,Klein,TELECOM,Abidjan,Côte d'Ivoire,2017-11-06,LOW
2749,Paul S.A.S.,PHARMACY,Daloa,Côte d'Ivoire,2022-10-06,LOW
2750,Boyer Gomez S.A.S.,TRANSPORT,Man,Côte d'Ivoire,2025-07-06,LOW
2751,Briand SARL,TRANSPORT,Man,Côte d'Ivoire,2014-11-25,LOW
2752,Riou Renaud SA,CLOTHING,Yamoussoukro,Côte d'Ivoire,2017-05-21,LOW
2753,Martineau Ollivier et Fils,ELECTRONICS,Abidjan,Côte d'Ivoire,2023-05-06,LOW
2754,Brunel,FUEL_STATION,San Pedro,Côte d'Ivoire,2023-05-10,MEDIUM
2755,Delorme,CLOTHING,Man,Côte d'Ivoire,2021-03-16,HIGH
2756,Chauvet,CLOTHING,Man,Côte d'Ivoire,2016-09-02,MEDIUM
2757,Boulanger,SUPERMARKET,Abidjan,Côte d'Ivoire,2014-05-03,LOW
2758,De Sousa SA,CLOTHING,San Pedro,Côte d'Ivoire,2020-01-05,LOW
2759,Bernard Riou S.A.,TRANSPORT,Man,Côte d'Ivoire,2023-05-15,LOW
2760,Turpin Ferrand S.A.,ELECTRONICS,Abidjan,Côte d'Ivoire,2015-08-23,LOW
2761,Guyon,E_COMMERCE,Bouake,Côte d'Ivoire,2024-08-24,LOW
2762,Rousset,HOTEL,San Pedro,Côte d'Ivoire,2017-12-20,LOW
2763,Alexandre Gonzalez SA,HOTEL,Man,Côte d'Ivoire,2017-09-30,LOW
2764,Legrand SARL,PHARMACY,Yamoussoukro,Côte d'Ivoire,2012-02-01,LOW
2765,Blanchard SARL,SUPERMARKET,Bouake,Côte d'Ivoire,2019-01-25,LOW
2766,Lefort Mary SARL,E_COMMERCE,Man,Côte d'Ivoire,2012-04-27,LOW
2767,Philippe S.A.,TRANSPORT,Yamoussoukro,Côte d'Ivoire,2016-05-29,MEDIUM
2768,Vasseur Charles et Fils,E_COMMERCE,Korhogo,Côte d'Ivoire,2014-07-16,MEDIUM
2769,Lenoir,E_COMMERCE,Korhogo,Côte d'Ivoire,2015-10-05,LOW
2770,Pierre Simon S.A.,PHARMACY,Yamoussoukro,Côte d'Ivoire,2025-11-30,MEDIUM
2771,Roussel,TELECOM,Daloa,Côte d'Ivoire,2011-12-07,HIGH
2772,Gillet Bègue SA,ELECTRONICS,Daloa,Côte d'Ivoire,2017-05-01,MEDIUM
2773,Schneider Pineau S.A.,TELECOM,Abidjan,Côte d'Ivoire,2017-11-11,LOW
2774,Peltier,SUPERMARKET,Bouake,Côte d'Ivoire,2014-06-28,LOW
2775,Mendès,TELECOM,Yamoussoukro,Côte d'Ivoire,2012-09-08,LOW
2776,Meunier S.A.,TELECOM,San Pedro,Côte d'Ivoire,2025-02-05,LOW
2777,Olivier Rossi S.A.R.L.,TELECOM,Abidjan,Côte d'Ivoire,2023-05-22,LOW
2778,Prévost,ELECTRONICS,San Pedro,Côte d'Ivoire,2021-10-10,LOW
2779,Bousquet,RESTAURANT,Daloa,Côte d'Ivoire,2015-09-26,MEDIUM
2780,Ledoux S.A.S.,PHARMACY,Abidjan,Côte d'Ivoire,2021-07-26,LOW
2781,Regnier Cousin S.A.,FUEL_STATION,Daloa,Côte d'Ivoire,2017-02-24,LOW
2782,Vincent Lombard SARL,PHARMACY,Man,Côte d'Ivoire,2026-06-04,LOW
2783,Grégoire Mary S.A.R.L.,E_COMMERCE,Korhogo,Côte d'Ivoire,2015-02-19,MEDIUM
2784,Lelièvre et Fils,CLOTHING,Bouake,Côte d'Ivoire,2022-01-13,LOW
2785,Brun S.A.S.,SUPERMARKET,Korhogo,Côte d'Ivoire,2018-03-06,MEDIUM
2786,Didier,PHARMACY,San Pedro,Côte d'Ivoire,2020-05-27,MEDIUM
2787,Colin,FUEL_STATION,Daloa,Côte d'Ivoire,2017-01-18,LOW
2788,Laine,RESTAURANT,Yamoussoukro,Côte d'Ivoire,2023-05-23,LOW
2789,Auger,RESTAURANT,San Pedro,Côte d'Ivoire,2019-12-29,LOW
2790,Royer,RESTAURANT,Daloa,Côte d'Ivoire,2021-06-18,LOW
2791,Diaz,SUPERMARKET,Abidjan,Côte d'Ivoire,2025-01-09,LOW
2792,Guillaume S.A.,TELECOM,San Pedro,Côte d'Ivoire,2015-01-11,LOW
2793,Huet,E_COMMERCE,Korhogo,Côte d'Ivoire,2018-04-24,LOW
2794,Schneider Lamy S.A.R.L.,HOTEL,Abidjan,Côte d'Ivoire,2021-04-18,LOW
2795,Besson Adam S.A.S.,TELECOM,Yamoussoukro,Côte d'Ivoire,2013-01-06,MEDIUM
2796,Hamel Clément SARL,CLOTHING,Bouake,Côte d'Ivoire,2019-02-20,LOW
2797,Rolland,SUPERMARKET,Daloa,Côte d'Ivoire,2021-07-05,LOW
2798,Turpin S.A.S.,HOTEL,Daloa,Côte d'Ivoire,2022-02-21,LOW
2799,Launay,RESTAURANT,Korhogo,Côte d'Ivoire,2019-04-02,HIGH
2800,Lesage,TRANSPORT,Abidjan,Côte d'Ivoire,2018-07-14,LOW
2801,Mahe,PHARMACY,Bouake,Côte d'Ivoire,2016-12-19,HIGH
2802,Weber,TRANSPORT,Abidjan,Côte d'Ivoire,2011-12-30,LOW
2803,Pichon Rey SARL,FUEL_STATION,Bouake,Côte d'Ivoire,2022-07-22,LOW
2804,Pelletier SA,TRANSPORT,Yamoussoukro,Côte d'Ivoire,2016-08-02,LOW
2805,Baron S.A.,PHARMACY,Abidjan,Côte d'Ivoire,2013-04-01,LOW
2806,Guérin SARL,TRANSPORT,Man,Côte d'Ivoire,2012-03-23,MEDIUM
2807,Le Roux Pierre et Fils,E_COMMERCE,Man,Côte d'Ivoire,2017-03-05,LOW
2808,Hernandez,HOTEL,Man,Côte d'Ivoire,2024-04-02,LOW
2809,Aubert,HOTEL,Korhogo,Côte d'Ivoire,2023-07-31,LOW
2810,Chrétien Auger et Fils,TELECOM,San Pedro,Côte d'Ivoire,2020-10-24,LOW
2811,Petit,CLOTHING,Korhogo,Côte d'Ivoire,2024-09-04,LOW
2812,Carre,TRANSPORT,Daloa,Côte d'Ivoire,2025-07-25,LOW
2813,Antoine,PHARMACY,San Pedro,Côte d'Ivoire,2018-06-24,LOW
2814,Georges et Fils,RESTAURANT,Abidjan,Côte d'Ivoire,2020-04-18,LOW
2815,Chauvin Dumas S.A.,TELECOM,Man,Côte d'Ivoire,2023-11-18,LOW
2816,Reynaud Rey S.A.S.,PHARMACY,San Pedro,Côte d'Ivoire,2021-07-24,LOW
2817,Mace,ELECTRONICS,Abidjan,Côte d'Ivoire,2025-06-06,LOW
2818,Leblanc,TRANSPORT,Abidjan,Côte d'Ivoire,2025-01-17,MEDIUM
2819,Bouvier S.A.,TELECOM,Yamoussoukro,Côte d'Ivoire,2018-11-14,LOW
2820,Lacroix,PHARMACY,Man,Côte d'Ivoire,2019-01-14,MEDIUM
2821,Pascal,FUEL_STATION,Korhogo,Côte d'Ivoire,2012-02-02,LOW
2822,Joly,CLOTHING,Abidjan,Côte d'Ivoire,2021-05-26,LOW
2823,Schneider Gallet SA,SUPERMARKET,Korhogo,Côte d'Ivoire,2020-01-29,LOW
2824,Maillot,TRANSPORT,San Pedro,Côte d'Ivoire,2015-05-31,LOW
2825,Lamy,CLOTHING,Daloa,Côte d'Ivoire,2023-03-30,LOW
2826,Ledoux,E_COMMERCE,Korhogo,Côte d'Ivoire,2024-10-27,LOW
2827,Germain,ELECTRONICS,Abidjan,Côte d'Ivoire,2021-07-24,LOW
2828,Duhamel SA,TELECOM,Bouake,Côte d'Ivoire,2013-12-10,MEDIUM
2829,Rémy Duhamel et Fils,TRANSPORT,Abidjan,Côte d'Ivoire,2025-03-03,LOW
2830,Weber,E_COMMERCE,Yamoussoukro,Côte d'Ivoire,2015-01-18,LOW
2831,Andre,TELECOM,Daloa,Côte d'Ivoire,2020-09-01,LOW
2832,Roche,CLOTHING,Daloa,Côte d'Ivoire,2019-08-27,LOW
2833,Boulanger S.A.S.,PHARMACY,Bouake,Côte d'Ivoire,2019-04-04,LOW
2834,Morin,CLOTHING,Yamoussoukro,Côte d'Ivoire,2014-06-29,MEDIUM
2835,Parent S.A.S.,RESTAURANT,San Pedro,Côte d'Ivoire,2014-08-06,LOW
2836,Lagarde S.A.S.,SUPERMARKET,San Pedro,Côte d'Ivoire,2019-11-21,LOW
2837,Lemoine S.A.,PHARMACY,Man,Côte d'Ivoire,2012-10-03,LOW
2838,Jacquet,TRANSPORT,Daloa,Côte d'Ivoire,2015-01-29,LOW
2839,Klein Delmas S.A.S.,CLOTHING,Man,Côte d'Ivoire,2012-10-06,LOW
2840,Boyer,CLOTHING,Daloa,Côte d'Ivoire,2017-11-05,HIGH
2841,Picard SARL,HOTEL,Man,Côte d'Ivoire,2026-03-15,LOW
2842,Michaud,TRANSPORT,Daloa,Côte d'Ivoire,2014-03-31,LOW
2843,Dumont S.A.S.,PHARMACY,Bouake,Côte d'Ivoire,2018-09-10,LOW
2844,Bernier,RESTAURANT,Daloa,Côte d'Ivoire,2012-09-29,LOW
2845,Leclerc,FUEL_STATION,Daloa,Côte d'Ivoire,2013-10-14,LOW
2846,Ruiz Lesage et Fils,TELECOM,Man,Côte d'Ivoire,2022-11-19,LOW
2847,Leroux,FUEL_STATION,San Pedro,Côte d'Ivoire,2021-11-05,MEDIUM
2848,Coste,ELECTRONICS,Bouake,Côte d'Ivoire,2015-01-11,LOW
2849,Baron,TELECOM,Bouake,Côte d'Ivoire,2015-01-03,LOW
2850,Meunier S.A.R.L.,SUPERMARKET,Abidjan,Côte d'Ivoire,2012-08-30,LOW
2851,Texier,PHARMACY,Man,Côte d'Ivoire,2025-04-25,MEDIUM
2852,Laine Boulanger S.A.S.,TELECOM,San Pedro,Côte d'Ivoire,2026-07-14,LOW
2853,Jacques,TELECOM,Korhogo,Côte d'Ivoire,2019-06-13,LOW
2854,Gallet SA,E_COMMERCE,Korhogo,Côte d'Ivoire,2016-06-22,MEDIUM
2855,Perrot,TRANSPORT,Abidjan,Côte d'Ivoire,2023-06-28,LOW
2856,Michaud,RESTAURANT,Man,Côte d'Ivoire,2022-01-02,MEDIUM
2857,Legros Menard S.A.,TRANSPORT,San Pedro,Côte d'Ivoire,2022-01-31,MEDIUM
2858,Albert,CLOTHING,Korhogo,Côte d'Ivoire,2018-02-13,MEDIUM
2859,Rocher Colas SA,E_COMMERCE,Abidjan,Côte d'Ivoire,2018-04-09,LOW
2860,Dupuis S.A.,TELECOM,Korhogo,Côte d'Ivoire,2016-03-26,LOW
2861,Martineau,CLOTHING,Man,Côte d'Ivoire,2012-09-16,MEDIUM
2862,Teixeira Bouchet S.A.S.,TELECOM,Bouake,Côte d'Ivoire,2013-08-21,MEDIUM
2863,Garnier,ELECTRONICS,Abidjan,Côte d'Ivoire,2024-06-04,LOW
2864,Bodin SARL,HOTEL,Korhogo,Côte d'Ivoire,2018-07-21,LOW
2865,Gaillard,TRANSPORT,San Pedro,Côte d'Ivoire,2015-11-16,LOW
2866,Guillou Bertrand S.A.R.L.,CLOTHING,Man,Côte d'Ivoire,2012-01-12,LOW
2867,Riou et Fils,TRANSPORT,Abidjan,Côte d'Ivoire,2023-01-26,LOW
2868,Weber,FUEL_STATION,San Pedro,Côte d'Ivoire,2017-06-03,LOW
2869,Leclercq,FUEL_STATION,Korhogo,Côte d'Ivoire,2018-04-28,LOW
2870,Dubois SARL,HOTEL,Korhogo,Côte d'Ivoire,2013-07-11,MEDIUM
2871,Millet Leconte et Fils,TELECOM,Bouake,Côte d'Ivoire,2019-06-22,MEDIUM
2872,Pinto,TRANSPORT,San Pedro,Côte d'Ivoire,2012-09-26,MEDIUM
2873,Lévy et Fils,HOTEL,Daloa,Côte d'Ivoire,2015-09-12,LOW
2874,Joly,PHARMACY,Korhogo,Côte d'Ivoire,2019-08-02,LOW
2875,Renard,RESTAURANT,Man,Côte d'Ivoire,2014-06-24,LOW
2876,Seguin SA,PHARMACY,Bouake,Côte d'Ivoire,2014-08-04,LOW
2877,Denis,TELECOM,Abidjan,Côte d'Ivoire,2020-09-02,MEDIUM
2878,Roy,TELECOM,Yamoussoukro,Côte d'Ivoire,2012-11-23,LOW
2879,Labbé SARL,ELECTRONICS,Abidjan,Côte d'Ivoire,2014-03-09,HIGH
2880,Pelletier,HOTEL,Yamoussoukro,Côte d'Ivoire,2014-08-08,LOW
2881,Delannoy Fontaine et Fils,PHARMACY,Bouake,Côte d'Ivoire,2020-08-18,MEDIUM
2882,Pichon Grenier SA,ELECTRONICS,Abidjan,Côte d'Ivoire,2025-10-21,MEDIUM
2883,Perrier et Fils,HOTEL,San Pedro,Côte d'Ivoire,2016-10-26,LOW
2884,Roux,FUEL_STATION,Abidjan,Côte d'Ivoire,2021-10-02,LOW
2885,Rousseau S.A.R.L.,TELECOM,Yamoussoukro,Côte d'Ivoire,2024-08-16,HIGH
2886,Menard Besson S.A.,HOTEL,Daloa,Côte d'Ivoire,2014-12-23,LOW
2887,Durand S.A.R.L.,ELECTRONICS,Yamoussoukro,Côte d'Ivoire,2012-01-19,MEDIUM
2888,Marques S.A.,ELECTRONICS,Korhogo,Côte d'Ivoire,2023-02-22,LOW
2889,Vasseur SA,SUPERMARKET,San Pedro,Côte d'Ivoire,2025-02-17,MEDIUM
2890,Ramos Brun SA,RESTAURANT,Abidjan,Côte d'Ivoire,2018-08-24,MEDIUM
2891,Millet SARL,CLOTHING,Daloa,Côte d'Ivoire,2021-02-19,MEDIUM
2892,Ferrand Guillaume S.A.S.,RESTAURANT,Daloa,Côte d'Ivoire,2018-04-18,LOW
2893,Mathieu,ELECTRONICS,Abidjan,Côte d'Ivoire,2015-07-13,LOW
2894,Gautier Hamon SARL,RESTAURANT,Daloa,Côte d'Ivoire,2014-07-12,LOW
2895,Maréchal et Fils,HOTEL,Bouake,Côte d'Ivoire,2016-12-15,MEDIUM
2896,Perrier S.A.,TELECOM,Daloa,Côte d'Ivoire,2019-05-19,LOW
2897,François Descamps SARL,RESTAURANT,Bouake,Côte d'Ivoire,2022-08-19,LOW
2898,Bertrand,HOTEL,Daloa,Côte d'Ivoire,2012-09-20,LOW
2899,Bouchet Hernandez S.A.S.,FUEL_STATION,San Pedro,Côte d'Ivoire,2020-01-28,HIGH
2900,Mendès S.A.S.,SUPERMARKET,Bouake,Côte d'Ivoire,2025-01-13,MEDIUM
2901,Deschamps Gauthier S.A.S.,TELECOM,Yamoussoukro,Côte d'Ivoire,2017-02-03,LOW
2902,Potier,PHARMACY,Abidjan,Côte d'Ivoire,2024-09-12,LOW
2903,Le Roux Roger et Fils,TRANSPORT,Yamoussoukro,Côte d'Ivoire,2024-07-14,LOW
2904,Martineau,FUEL_STATION,Bouake,Côte d'Ivoire,2019-10-11,MEDIUM
2905,Daniel SA,ELECTRONICS,San Pedro,Côte d'Ivoire,2021-12-05,MEDIUM
2906,Weber,PHARMACY,Daloa,Côte d'Ivoire,2020-04-08,LOW
2907,Gaudin Coste et Fils,TRANSPORT,San Pedro,Côte d'Ivoire,2011-10-20,HIGH
2908,Lefebvre Chauvet SA,ELECTRONICS,Daloa,Côte d'Ivoire,2016-10-30,LOW
2909,Gallet Gilbert S.A.,SUPERMARKET,San Pedro,Côte d'Ivoire,2022-02-13,LOW
2910,Lopez S.A.,SUPERMARKET,Man,Côte d'Ivoire,2017-12-12,MEDIUM
2911,Collet,RESTAURANT,Abidjan,Côte d'Ivoire,2015-01-05,LOW
2912,Mallet Martins et Fils,TRANSPORT,Daloa,Côte d'Ivoire,2012-03-21,LOW
2913,Pages Joseph S.A.R.L.,SUPERMARKET,San Pedro,Côte d'Ivoire,2024-02-25,MEDIUM
2914,Lucas,PHARMACY,Korhogo,Côte d'Ivoire,2016-04-22,LOW
2915,Weiss,ELECTRONICS,Yamoussoukro,Côte d'Ivoire,2024-12-18,LOW
2916,Dijoux S.A.R.L.,ELECTRONICS,Daloa,Côte d'Ivoire,2022-08-07,LOW
2917,Hamel,HOTEL,Yamoussoukro,Côte d'Ivoire,2011-12-24,LOW
2918,Peron Rémy SARL,E_COMMERCE,Korhogo,Côte d'Ivoire,2015-09-12,LOW
2919,Gimenez Vincent et Fils,PHARMACY,Man,Côte d'Ivoire,2015-10-20,LOW
2920,Raynaud Weber S.A.S.,FUEL_STATION,Korhogo,Côte d'Ivoire,2017-01-17,LOW
2921,Pichon Lombard SA,CLOTHING,Man,Côte d'Ivoire,2012-09-03,LOW
2922,Muller,HOTEL,Daloa,Côte d'Ivoire,2014-11-06,MEDIUM
2923,Couturier S.A.,TRANSPORT,Daloa,Côte d'Ivoire,2015-01-18,LOW
2924,Robin Giraud S.A.S.,E_COMMERCE,Abidjan,Côte d'Ivoire,2020-11-29,LOW
2925,Huet Guillou SA,HOTEL,San Pedro,Côte d'Ivoire,2018-10-29,MEDIUM
2926,Langlois,PHARMACY,Korhogo,Côte d'Ivoire,2014-05-15,HIGH
2927,Moulin Lamy S.A.,E_COMMERCE,Bouake,Côte d'Ivoire,2021-11-18,LOW
2928,Bailly Renault S.A.S.,ELECTRONICS,Yamoussoukro,Côte d'Ivoire,2019-03-15,LOW
2929,Maillard Leduc SA,PHARMACY,Abidjan,Côte d'Ivoire,2017-09-10,LOW
2930,Hoareau,ELECTRONICS,Korhogo,Côte d'Ivoire,2014-06-06,LOW
2931,Besnard,E_COMMERCE,Man,Côte d'Ivoire,2018-10-07,LOW
2932,Samson,ELECTRONICS,Abidjan,Côte d'Ivoire,2014-03-24,MEDIUM
2933,Lefebvre,HOTEL,Yamoussoukro,Côte d'Ivoire,2024-07-15,LOW
2934,Launay,HOTEL,Abidjan,Côte d'Ivoire,2026-02-07,LOW
2935,Thierry SARL,RESTAURANT,San Pedro,Côte d'Ivoire,2021-09-13,LOW
2936,Lenoir Petitjean S.A.,SUPERMARKET,San Pedro,Côte d'Ivoire,2015-12-14,LOW
2937,Barthelemy,FUEL_STATION,Daloa,Côte d'Ivoire,2016-10-11,MEDIUM
2938,Jacquet,CLOTHING,Korhogo,Côte d'Ivoire,2017-12-16,MEDIUM
2939,Guérin,ELECTRONICS,Daloa,Côte d'Ivoire,2017-03-30,LOW
2940,Auger Lelièvre S.A.,HOTEL,Yamoussoukro,Côte d'Ivoire,2014-03-17,LOW
2941,Thomas Richard S.A.S.,CLOTHING,Man,Côte d'Ivoire,2024-01-01,LOW
2942,Marin,TRANSPORT,Korhogo,Côte d'Ivoire,2018-06-16,MEDIUM
2943,Delaunay,RESTAURANT,Yamoussoukro,Côte d'Ivoire,2024-03-14,LOW
2944,Jacob,FUEL_STATION,Daloa,Côte d'Ivoire,2019-11-26,MEDIUM
2945,Clerc,TELECOM,Abidjan,Côte d'Ivoire,2021-08-01,LOW
2946,Lejeune SA,TRANSPORT,Daloa,Côte d'Ivoire,2013-09-10,LOW
2947,Moreno,RESTAURANT,Abidjan,Côte d'Ivoire,2014-05-03,LOW
2948,Ledoux Nguyen SARL,PHARMACY,San Pedro,Côte d'Ivoire,2024-09-11,LOW
2949,Grégoire,RESTAURANT,Yamoussoukro,Côte d'Ivoire,2023-08-22,LOW
2950,Bousquet,TRANSPORT,Korhogo,Côte d'Ivoire,2023-04-16,LOW
2951,Grenier,TRANSPORT,Daloa,Côte d'Ivoire,2012-07-22,LOW
2952,Lamy,TELECOM,Man,Côte d'Ivoire,2024-02-03,LOW
2953,Berger Martel SA,TELECOM,Man,Côte d'Ivoire,2025-05-29,MEDIUM
2954,Lefort,TELECOM,Man,Côte d'Ivoire,2023-08-06,HIGH
2955,Rocher et Fils,PHARMACY,Bouake,Côte d'Ivoire,2022-07-21,LOW
2956,Bertin Texier S.A.R.L.,TELECOM,Man,Côte d'Ivoire,2023-02-28,LOW
2957,Adam Hoarau S.A.S.,ELECTRONICS,Daloa,Côte d'Ivoire,2021-05-31,LOW
2958,Richard Ferreira SA,FUEL_STATION,San Pedro,Côte d'Ivoire,2022-07-16,LOW
2959,Chauvin,PHARMACY,Korhogo,Côte d'Ivoire,2023-08-03,LOW
2960,Paul S.A.,RESTAURANT,Korhogo,Côte d'Ivoire,2026-06-24,MEDIUM
2961,Gaillard,RESTAURANT,Abidjan,Côte d'Ivoire,2025-09-09,LOW
2962,Fleury,E_COMMERCE,Abidjan,Côte d'Ivoire,2023-05-06,LOW
2963,Charrier,RESTAURANT,Yamoussoukro,Côte d'Ivoire,2020-08-24,LOW
2964,Coste,HOTEL,Yamoussoukro,Côte d'Ivoire,2016-10-24,LOW
2965,Chrétien,SUPERMARKET,Daloa,Côte d'Ivoire,2026-06-26,LOW
2966,Nicolas et Fils,CLOTHING,San Pedro,Côte d'Ivoire,2021-04-26,LOW
2967,Meunier,E_COMMERCE,Yamoussoukro,Côte d'Ivoire,2016-02-25,LOW
2968,Bouvet Chauvin et Fils,TELECOM,Abidjan,Côte d'Ivoire,2016-10-25,LOW
2969,Roy S.A.R.L.,HOTEL,Abidjan,Côte d'Ivoire,2011-08-08,MEDIUM
2970,Muller et Fils,TRANSPORT,San Pedro,Côte d'Ivoire,2018-09-07,LOW
2971,Bègue,CLOTHING,San Pedro,Côte d'Ivoire,2016-06-24,MEDIUM
2972,Picard,TRANSPORT,San Pedro,Côte d'Ivoire,2014-07-30,MEDIUM
2973,Lemoine,CLOTHING,Bouake,Côte d'Ivoire,2023-07-21,MEDIUM
2974,Philippe Coulon S.A.,ELECTRONICS,Man,Côte d'Ivoire,2020-02-16,LOW
2975,Lebreton S.A.S.,TELECOM,Man,Côte d'Ivoire,2025-06-06,LOW
2976,Lemoine Bourgeois SA,HOTEL,Abidjan,Côte d'Ivoire,2024-05-01,MEDIUM
2977,Thierry Olivier SARL,CLOTHING,San Pedro,Côte d'Ivoire,2026-05-28,LOW
2978,Besnard,TRANSPORT,Yamoussoukro,Côte d'Ivoire,2022-03-29,LOW
2979,Bousquet S.A.,TELECOM,Man,Côte d'Ivoire,2012-12-06,LOW
2980,Clément,RESTAURANT,Daloa,Côte d'Ivoire,2018-01-01,LOW
2981,Baron SA,SUPERMARKET,Korhogo,Côte d'Ivoire,2017-05-25,LOW
2982,Mary S.A.,E_COMMERCE,Korhogo,Côte d'Ivoire,2019-09-15,LOW
2983,Maillet,ELECTRONICS,Abidjan,Côte d'Ivoire,2024-07-06,LOW
2984,Petit SA,CLOTHING,Korhogo,Côte d'Ivoire,2016-02-07,LOW
2985,Chartier S.A.S.,SUPERMARKET,Korhogo,Côte d'Ivoire,2024-12-31,LOW
2986,Pereira S.A.,TELECOM,Korhogo,Côte d'Ivoire,2020-06-17,MEDIUM
2987,Mallet S.A.S.,RESTAURANT,Man,Côte d'Ivoire,2020-06-03,MEDIUM
2988,Vallée,PHARMACY,Abidjan,Côte d'Ivoire,2019-08-17,LOW
2989,Texier,FUEL_STATION,Bouake,Côte d'Ivoire,2018-11-18,MEDIUM
2990,Lemaître,CLOTHING,San Pedro,Côte d'Ivoire,2023-03-05,LOW
2991,Gomes,ELECTRONICS,Korhogo,Côte d'Ivoire,2025-06-21,LOW
2992,Alves Chartier S.A.R.L.,CLOTHING,Abidjan,Côte d'Ivoire,2018-01-05,LOW
2993,Hamon SARL,SUPERMARKET,Yamoussoukro,Côte d'Ivoire,2025-04-16,LOW
2994,Bernard S.A.R.L.,TRANSPORT,Abidjan,Côte d'Ivoire,2026-05-21,MEDIUM
2995,Pages,HOTEL,San Pedro,Côte d'Ivoire,2025-10-15,LOW
2996,Michel Marion SA,RESTAURANT,Abidjan,Côte d'Ivoire,2026-05-11,LOW
2997,Bonnin,E_COMMERCE,Bouake,Côte d'Ivoire,2024-05-11,LOW
2998,Tessier Sauvage S.A.S.,RESTAURANT,Bouake,Côte d'Ivoire,2023-04-01,LOW
2999,Buisson,TRANSPORT,Man,Côte d'Ivoire,2018-08-09,LOW
3000,Bernard Diaz SARL,CLOTHING,Yamoussoukro,Côte d'Ivoire,2011-11-10,LOW
3001,Lambert,SUPERMARKET,Yamoussoukro,Côte d'Ivoire,2025-04-24,LOW
3002,Potier,HOTEL,Bouake,Côte d'Ivoire,2019-02-18,LOW
3003,Seguin Vallée S.A.R.L.,HOTEL,Yamoussoukro,Côte d'Ivoire,2024-02-25,LOW
3004,Lévêque S.A.R.L.,RESTAURANT,Abidjan,Côte d'Ivoire,2019-09-04,LOW
3005,Peron S.A.R.L.,CLOTHING,Korhogo,Côte d'Ivoire,2016-07-29,LOW
3006,Mendès Meunier S.A.S.,ELECTRONICS,Daloa,Côte d'Ivoire,2026-06-25,LOW
3007,Rodriguez S.A.R.L.,RESTAURANT,Yamoussoukro,Côte d'Ivoire,2025-02-17,LOW
3008,Hernandez et Fils,TELECOM,Korhogo,Côte d'Ivoire,2020-11-28,LOW
3009,Roy,TELECOM,Abidjan,Côte d'Ivoire,2019-03-03,LOW
3010,Leduc et Fils,FUEL_STATION,Abidjan,Côte d'Ivoire,2020-10-09,LOW
3011,Berger Lecomte S.A.,CLOTHING,Man,Côte d'Ivoire,2024-05-22,LOW
3012,Gautier S.A.R.L.,ELECTRONICS,Man,Côte d'Ivoire,2023-10-02,MEDIUM
3013,Renard SARL,E_COMMERCE,Korhogo,Côte d'Ivoire,2018-02-05,LOW
3014,Vasseur,RESTAURANT,Daloa,Côte d'Ivoire,2023-10-23,LOW
3015,Chartier,FUEL_STATION,Daloa,Côte d'Ivoire,2019-09-05,HIGH
3016,Chartier S.A.,HOTEL,Korhogo,Côte d'Ivoire,2020-09-01,HIGH
3017,Robin,FUEL_STATION,Korhogo,Côte d'Ivoire,2025-02-09,HIGH
3018,Hubert,ELECTRONICS,San Pedro,Côte d'Ivoire,2021-05-16,LOW
3019,Weiss SARL,TELECOM,Daloa,Côte d'Ivoire,2017-12-27,LOW
3020,Guibert,PHARMACY,Abidjan,Côte d'Ivoire,2022-07-01,LOW
3021,Rey,TELECOM,Yamoussoukro,Côte d'Ivoire,2015-05-19,LOW
3022,Ferreira,TRANSPORT,Yamoussoukro,Côte d'Ivoire,2016-07-11,MEDIUM
3023,Marie SA,FUEL_STATION,Korhogo,Côte d'Ivoire,2017-05-13,MEDIUM
3024,Vallet Ferreira S.A.S.,E_COMMERCE,Abidjan,Côte d'Ivoire,2017-10-31,LOW
3025,Bouvier Gillet S.A.S.,ELECTRONICS,Korhogo,Côte d'Ivoire,2024-02-11,LOW
3026,Langlois SA,RESTAURANT,San Pedro,Côte d'Ivoire,2021-08-12,LOW
3027,Chevallier Briand SARL,PHARMACY,Man,Côte d'Ivoire,2024-09-11,LOW
3028,Potier,E_COMMERCE,San Pedro,Côte d'Ivoire,2025-02-15,LOW
3029,Dijoux Dupré S.A.S.,ELECTRONICS,Daloa,Côte d'Ivoire,2021-08-16,LOW
3030,Gautier Delaunay SA,HOTEL,Man,Côte d'Ivoire,2020-09-24,LOW
3031,Gomes,TELECOM,Yamoussoukro,Côte d'Ivoire,2014-01-14,LOW
3032,Vasseur,HOTEL,Yamoussoukro,Côte d'Ivoire,2020-01-29,LOW
3033,Caron,CLOTHING,Yamoussoukro,Côte d'Ivoire,2021-10-22,LOW
3034,Rodrigues,PHARMACY,Man,Côte d'Ivoire,2024-04-14,MEDIUM
3035,Joseph SARL,CLOTHING,San Pedro,Côte d'Ivoire,2016-10-30,LOW
3036,Paris et Fils,SUPERMARKET,Man,Côte d'Ivoire,2021-05-04,LOW
3037,Lefort,ELECTRONICS,Man,Côte d'Ivoire,2025-09-03,MEDIUM
3038,Costa Klein et Fils,TRANSPORT,Korhogo,Côte d'Ivoire,2017-12-25,LOW
3039,Le Roux S.A.,RESTAURANT,Korhogo,Côte d'Ivoire,2025-08-29,LOW
3040,Peron Jean et Fils,TELECOM,Man,Côte d'Ivoire,2024-02-03,LOW
3041,Diallo S.A.,TRANSPORT,Daloa,Côte d'Ivoire,2026-02-24,LOW
3042,Petitjean,TRANSPORT,Bouake,Côte d'Ivoire,2018-03-29,MEDIUM
3043,Delmas,SUPERMARKET,Abidjan,Côte d'Ivoire,2026-01-04,LOW
3044,Simon Lévy S.A.R.L.,FUEL_STATION,San Pedro,Côte d'Ivoire,2017-04-25,LOW
3045,Potier,SUPERMARKET,Daloa,Côte d'Ivoire,2019-08-18,LOW
3046,Boulay,HOTEL,Bouake,Côte d'Ivoire,2018-03-26,LOW
3047,Guérin,CLOTHING,Man,Côte d'Ivoire,2020-07-21,LOW
3048,Carre,FUEL_STATION,Bouake,Côte d'Ivoire,2023-06-04,HIGH
3049,Bonnin Lévy S.A.R.L.,HOTEL,Abidjan,Côte d'Ivoire,2013-03-25,LOW
3050,Breton Chrétien S.A.S.,CLOTHING,Bouake,Côte d'Ivoire,2026-04-22,LOW
3051,Lacombe SARL,TRANSPORT,Abidjan,Côte d'Ivoire,2019-05-12,MEDIUM
3052,Verdier Dos Santos S.A.R.L.,CLOTHING,Korhogo,Côte d'Ivoire,2023-06-01,LOW
3053,Klein,ELECTRONICS,Bouake,Côte d'Ivoire,2014-01-14,LOW
3054,Carpentier Bouvet S.A.,CLOTHING,Man,Côte d'Ivoire,2024-02-01,LOW
3055,Étienne et Fils,CLOTHING,Bouake,Côte d'Ivoire,2026-02-20,LOW
3056,Potier S.A.,PHARMACY,Man,Côte d'Ivoire,2017-12-24,LOW
3057,Potier,E_COMMERCE,Korhogo,Côte d'Ivoire,2025-11-22,MEDIUM
3058,Lefèvre Pereira SARL,ELECTRONICS,Man,Côte d'Ivoire,2019-08-21,MEDIUM
3059,Roux Lemaire S.A.S.,FUEL_STATION,Daloa,Côte d'Ivoire,2022-08-20,LOW
3060,Allain,ELECTRONICS,Korhogo,Côte d'Ivoire,2018-12-15,LOW
3061,Techer Mace S.A.R.L.,ELECTRONICS,San Pedro,Côte d'Ivoire,2015-09-29,LOW
3062,Lemaire S.A.,TRANSPORT,Man,Côte d'Ivoire,2018-04-28,LOW
3063,Hernandez,SUPERMARKET,Daloa,Côte d'Ivoire,2023-04-12,MEDIUM
3064,Guibert Vallet S.A.R.L.,TRANSPORT,Daloa,Côte d'Ivoire,2024-10-09,HIGH
3065,Merle S.A.R.L.,E_COMMERCE,Abidjan,Côte d'Ivoire,2026-04-16,LOW
3066,Paris,TELECOM,San Pedro,Côte d'Ivoire,2022-05-02,LOW
3067,Tessier,SUPERMARKET,Man,Côte d'Ivoire,2011-10-10,LOW
3068,Ferreira SA,E_COMMERCE,San Pedro,Côte d'Ivoire,2013-08-26,LOW
3069,Clerc,HOTEL,Abidjan,Côte d'Ivoire,2022-12-14,LOW
3070,Simon Coste S.A.S.,HOTEL,Abidjan,Côte d'Ivoire,2021-04-26,MEDIUM
3071,Paris,SUPERMARKET,Man,Côte d'Ivoire,2023-05-18,LOW
3072,Allain S.A.,TRANSPORT,Abidjan,Côte d'Ivoire,2018-02-08,MEDIUM
3073,Imbert,FUEL_STATION,Bouake,Côte d'Ivoire,2023-07-13,LOW
3074,Léger,RESTAURANT,Man,Côte d'Ivoire,2021-04-18,LOW
3075,Perrin Germain SA,SUPERMARKET,San Pedro,Côte d'Ivoire,2023-09-20,LOW
3076,Lebon Bonnin SA,SUPERMARKET,Korhogo,Côte d'Ivoire,2018-04-10,MEDIUM
3077,Andre,HOTEL,Daloa,Côte d'Ivoire,2020-05-27,LOW
3078,Chrétien S.A.,RESTAURANT,San Pedro,Côte d'Ivoire,2022-10-12,LOW
3079,Arnaud S.A.S.,HOTEL,Daloa,Côte d'Ivoire,2023-05-27,LOW
3080,Thomas Berthelot S.A.R.L.,HOTEL,Korhogo,Côte d'Ivoire,2025-03-12,MEDIUM
3081,Rivière,RESTAURANT,Daloa,Côte d'Ivoire,2012-03-29,LOW
3082,Bruneau Leclerc et Fils,TELECOM,Daloa,Côte d'Ivoire,2014-04-26,LOW
3083,Guilbert SARL,TELECOM,Korhogo,Côte d'Ivoire,2026-01-22,LOW
3084,Clément SA,SUPERMARKET,Abidjan,Côte d'Ivoire,2020-03-09,LOW
3085,Marchal,RESTAURANT,Daloa,Côte d'Ivoire,2020-11-01,LOW
3086,Briand Descamps SA,TELECOM,Abidjan,Côte d'Ivoire,2015-10-20,LOW
3087,Lambert,TRANSPORT,Abidjan,Côte d'Ivoire,2020-05-30,LOW
3088,Delmas,SUPERMARKET,Korhogo,Côte d'Ivoire,2020-08-29,LOW
3089,Joly,TRANSPORT,San Pedro,Côte d'Ivoire,2021-05-23,LOW
3090,Lemonnier,TRANSPORT,Bouake,Côte d'Ivoire,2016-11-24,MEDIUM
3091,Seguin,CLOTHING,Abidjan,Côte d'Ivoire,2020-09-24,LOW
3092,Lagarde Perrin et Fils,TELECOM,Daloa,Côte d'Ivoire,2025-07-09,LOW
3093,Gomez SA,CLOTHING,Korhogo,Côte d'Ivoire,2014-10-10,LOW
3094,Ribeiro Fabre S.A.,SUPERMARKET,San Pedro,Côte d'Ivoire,2021-10-26,LOW
3095,Maury Pelletier SARL,CLOTHING,Bouake,Côte d'Ivoire,2013-10-05,LOW
3096,Sanchez,SUPERMARKET,Korhogo,Côte d'Ivoire,2020-12-05,MEDIUM
3097,Bertin,CLOTHING,Daloa,Côte d'Ivoire,2018-01-26,MEDIUM
3098,Alexandre Pineau SA,CLOTHING,Bouake,Côte d'Ivoire,2015-11-25,LOW
3099,Lemonnier,E_COMMERCE,Yamoussoukro,Côte d'Ivoire,2014-01-05,LOW
3100,Guérin Lombard et Fils,CLOTHING,San Pedro,Côte d'Ivoire,2016-02-27,LOW
3101,Delannoy Guichard S.A.S.,PHARMACY,Daloa,Côte d'Ivoire,2022-10-04,LOW
3102,Humbert Brunet SARL,PHARMACY,Yamoussoukro,Côte d'Ivoire,2024-12-23,LOW
3103,Gillet,ELECTRONICS,Man,Côte d'Ivoire,2012-01-06,MEDIUM
3104,Garnier Dupuy SA,E_COMMERCE,Korhogo,Côte d'Ivoire,2020-08-13,MEDIUM
3105,Pottier S.A.S.,PHARMACY,Bouake,Côte d'Ivoire,2018-06-30,LOW
3106,Boulanger et Fils,CLOTHING,Yamoussoukro,Côte d'Ivoire,2013-02-01,LOW
3107,Le Roux,SUPERMARKET,Korhogo,Côte d'Ivoire,2024-10-23,LOW
3108,Rodrigues,PHARMACY,Abidjan,Côte d'Ivoire,2026-05-10,LOW
3109,Paris Dubois SA,ELECTRONICS,Daloa,Côte d'Ivoire,2017-12-28,LOW
3110,Hoareau Duval SA,HOTEL,Bouake,Côte d'Ivoire,2014-07-25,HIGH
3111,Pruvost,FUEL_STATION,Daloa,Côte d'Ivoire,2025-07-19,LOW
3112,Gauthier,FUEL_STATION,Man,Côte d'Ivoire,2020-07-28,LOW
3113,Bonnin,TELECOM,Korhogo,Côte d'Ivoire,2021-04-23,LOW
3114,Courtois,CLOTHING,Korhogo,Côte d'Ivoire,2016-03-09,HIGH
3115,Rousseau S.A.,CLOTHING,Yamoussoukro,Côte d'Ivoire,2016-12-25,LOW
3116,Arnaud,PHARMACY,Abidjan,Côte d'Ivoire,2017-06-12,LOW
3117,Martel,SUPERMARKET,San Pedro,Côte d'Ivoire,2021-08-26,LOW
3118,Poirier Petit et Fils,SUPERMARKET,Man,Côte d'Ivoire,2020-04-24,LOW
3119,Descamps Marchand S.A.,FUEL_STATION,San Pedro,Côte d'Ivoire,2018-01-07,LOW
3120,Vincent,FUEL_STATION,San Pedro,Côte d'Ivoire,2023-12-01,MEDIUM
3121,Neveu,HOTEL,Daloa,Côte d'Ivoire,2024-10-20,MEDIUM
3122,Potier Raynaud S.A.R.L.,FUEL_STATION,San Pedro,Côte d'Ivoire,2023-08-07,LOW
3123,Vidal,SUPERMARKET,Yamoussoukro,Côte d'Ivoire,2019-01-16,LOW
3124,Bigot,HOTEL,Abidjan,Côte d'Ivoire,2020-02-13,LOW
3125,Baron,PHARMACY,Yamoussoukro,Côte d'Ivoire,2018-11-08,LOW
3126,Schneider Bousquet SA,CLOTHING,Daloa,Côte d'Ivoire,2016-10-10,LOW
3127,Pires,SUPERMARKET,Bouake,Côte d'Ivoire,2016-11-23,LOW
3128,Couturier SA,PHARMACY,Bouake,Côte d'Ivoire,2012-11-17,MEDIUM
3129,Morin Gaillard S.A.S.,PHARMACY,Yamoussoukro,Côte d'Ivoire,2012-07-20,MEDIUM
3130,Bernier SARL,FUEL_STATION,Bouake,Côte d'Ivoire,2021-01-01,LOW
3131,Dubois,PHARMACY,Daloa,Côte d'Ivoire,2018-10-15,LOW
3132,Voisin Mahe S.A.S.,RESTAURANT,Abidjan,Côte d'Ivoire,2023-03-26,MEDIUM
3133,Lebon SA,PHARMACY,San Pedro,Côte d'Ivoire,2022-01-22,LOW
3134,Vallet Robert et Fils,RESTAURANT,Yamoussoukro,Côte d'Ivoire,2018-10-21,MEDIUM
3135,Moulin,E_COMMERCE,San Pedro,Côte d'Ivoire,2024-02-23,LOW
3136,Seguin S.A.R.L.,HOTEL,Man,Côte d'Ivoire,2014-06-11,LOW
3137,Roger Sanchez SARL,ELECTRONICS,Daloa,Côte d'Ivoire,2025-11-08,HIGH
3138,Buisson Benard SA,TRANSPORT,Man,Côte d'Ivoire,2018-10-07,LOW
3139,Gillet,PHARMACY,Bouake,Côte d'Ivoire,2014-06-23,MEDIUM
3140,Marie,FUEL_STATION,Korhogo,Côte d'Ivoire,2017-04-29,LOW
3141,Gimenez Gosselin SA,HOTEL,Yamoussoukro,Côte d'Ivoire,2016-07-05,LOW
3142,Guillet,FUEL_STATION,Abidjan,Côte d'Ivoire,2016-07-27,MEDIUM
3143,Benoit,CLOTHING,Bouake,Côte d'Ivoire,2011-08-12,MEDIUM
3144,Carpentier,E_COMMERCE,Daloa,Côte d'Ivoire,2016-10-05,LOW
3145,Barthelemy S.A.S.,FUEL_STATION,Abidjan,Côte d'Ivoire,2026-01-03,LOW
3146,Boyer,E_COMMERCE,Daloa,Côte d'Ivoire,2017-08-17,LOW
3147,Chauvet S.A.R.L.,ELECTRONICS,Korhogo,Côte d'Ivoire,2017-03-01,MEDIUM
3148,Monnier,FUEL_STATION,Man,Côte d'Ivoire,2013-05-25,LOW
3149,Marty et Fils,TELECOM,Daloa,Côte d'Ivoire,2014-09-28,LOW
3150,Monnier,RESTAURANT,Bouake,Côte d'Ivoire,2011-09-23,LOW
3151,Perret S.A.R.L.,ELECTRONICS,Yamoussoukro,Côte d'Ivoire,2014-12-08,LOW
3152,Evrard S.A.S.,TELECOM,Bouake,Côte d'Ivoire,2014-03-11,LOW
3153,Denis,HOTEL,Korhogo,Côte d'Ivoire,2019-11-13,LOW
3154,Meyer et Fils,TELECOM,San Pedro,Côte d'Ivoire,2015-10-31,LOW
3155,Lelièvre Delaunay SARL,TRANSPORT,Man,Côte d'Ivoire,2016-08-31,MEDIUM
3156,Gilbert,CLOTHING,Man,Côte d'Ivoire,2014-09-04,LOW
3157,Nicolas,FUEL_STATION,Bouake,Côte d'Ivoire,2019-01-14,LOW
3158,Renard,FUEL_STATION,San Pedro,Côte d'Ivoire,2013-12-15,LOW
3159,Letellier,TRANSPORT,San Pedro,Côte d'Ivoire,2018-12-16,LOW
3160,Pelletier et Fils,HOTEL,Yamoussoukro,Côte d'Ivoire,2014-12-14,LOW
3161,Aubert SARL,PHARMACY,Daloa,Côte d'Ivoire,2012-04-05,LOW
3162,Delaunay De Oliveira et Fils,TELECOM,Korhogo,Côte d'Ivoire,2017-03-18,LOW
3163,Renard et Fils,CLOTHING,Abidjan,Côte d'Ivoire,2014-12-17,LOW
3164,Chartier,CLOTHING,Yamoussoukro,Côte d'Ivoire,2016-02-05,LOW
3165,De Oliveira S.A.R.L.,TELECOM,San Pedro,Côte d'Ivoire,2020-12-07,LOW
3166,Normand,TELECOM,Yamoussoukro,Côte d'Ivoire,2023-09-23,LOW
3167,Germain Hamel S.A.R.L.,SUPERMARKET,Bouake,Côte d'Ivoire,2020-02-11,LOW
3168,Payet,E_COMMERCE,Man,Côte d'Ivoire,2013-06-10,LOW
3169,Lefebvre S.A.,RESTAURANT,Yamoussoukro,Côte d'Ivoire,2014-03-22,MEDIUM
3170,Charrier,ELECTRONICS,Korhogo,Côte d'Ivoire,2011-10-22,LOW
3171,Roux Potier SARL,E_COMMERCE,Bouake,Côte d'Ivoire,2018-11-19,LOW
3172,Gay S.A.R.L.,RESTAURANT,Yamoussoukro,Côte d'Ivoire,2016-07-01,LOW
3173,Vallée,FUEL_STATION,Yamoussoukro,Côte d'Ivoire,2012-12-24,LOW
3174,Hoarau,HOTEL,Yamoussoukro,Côte d'Ivoire,2022-01-30,LOW
3175,Chauveau Gros S.A.,E_COMMERCE,Bouake,Côte d'Ivoire,2015-10-27,MEDIUM
3176,Gosselin,PHARMACY,Daloa,Côte d'Ivoire,2013-07-13,MEDIUM
3177,Bonnin,ELECTRONICS,Yamoussoukro,Côte d'Ivoire,2015-10-14,LOW
3178,Philippe,E_COMMERCE,Yamoussoukro,Côte d'Ivoire,2019-08-21,MEDIUM
3179,Bonnin et Fils,TRANSPORT,San Pedro,Côte d'Ivoire,2020-02-14,MEDIUM
3180,Roche Maury et Fils,SUPERMARKET,San Pedro,Côte d'Ivoire,2022-05-15,LOW
3181,Rolland Mathieu S.A.,PHARMACY,Daloa,Côte d'Ivoire,2018-05-27,LOW
3182,Paris S.A.,FUEL_STATION,Man,Côte d'Ivoire,2014-01-23,MEDIUM
3183,Moreau,TELECOM,Bouake,Côte d'Ivoire,2022-01-23,LOW
3184,Robin Roux S.A.R.L.,ELECTRONICS,Daloa,Côte d'Ivoire,2018-07-03,LOW
3185,Bonnin,TELECOM,Yamoussoukro,Côte d'Ivoire,2022-05-08,MEDIUM
3186,Louis Marques S.A.R.L.,HOTEL,Daloa,Côte d'Ivoire,2019-09-23,LOW
3187,Gros S.A.R.L.,TRANSPORT,Bouake,Côte d'Ivoire,2022-07-12,LOW
3188,Bailly SA,ELECTRONICS,Abidjan,Côte d'Ivoire,2016-02-27,LOW
3189,Guyot,CLOTHING,Daloa,Côte d'Ivoire,2017-07-19,LOW
3190,Hoarau,SUPERMARKET,San Pedro,Côte d'Ivoire,2017-01-06,MEDIUM
3191,Vidal SA,HOTEL,Yamoussoukro,Côte d'Ivoire,2011-08-02,LOW
3192,Peltier et Fils,TRANSPORT,Man,Côte d'Ivoire,2017-01-17,MEDIUM
3193,Renault Georges SARL,ELECTRONICS,Yamoussoukro,Côte d'Ivoire,2021-11-22,LOW
3194,Perret S.A.,SUPERMARKET,Korhogo,Côte d'Ivoire,2015-11-13,MEDIUM
3195,Marchal,PHARMACY,Bouake,Côte d'Ivoire,2017-04-06,HIGH
3196,Marie,HOTEL,Korhogo,Côte d'Ivoire,2013-03-23,LOW
3197,Normand S.A.S.,CLOTHING,Korhogo,Côte d'Ivoire,2024-09-06,LOW
3198,Rémy Alves et Fils,TRANSPORT,San Pedro,Côte d'Ivoire,2025-05-10,LOW
3199,Bernier,TRANSPORT,Abidjan,Côte d'Ivoire,2024-10-28,LOW
3200,Gomez,FUEL_STATION,San Pedro,Côte d'Ivoire,2022-08-21,LOW
3201,Lacroix,CLOTHING,San Pedro,Côte d'Ivoire,2021-07-07,LOW
3202,Fernandez,E_COMMERCE,Abidjan,Côte d'Ivoire,2013-05-20,LOW
3203,Lombard Bernier S.A.S.,ELECTRONICS,Bouake,Côte d'Ivoire,2013-08-15,LOW
3204,Coste et Fils,CLOTHING,San Pedro,Côte d'Ivoire,2025-06-25,LOW
3205,Olivier Fischer S.A.R.L.,FUEL_STATION,Abidjan,Côte d'Ivoire,2013-04-02,MEDIUM
3206,Morvan S.A.S.,TRANSPORT,Yamoussoukro,Côte d'Ivoire,2017-05-29,LOW
3207,Pages,E_COMMERCE,Man,Côte d'Ivoire,2019-08-23,LOW
3208,Joubert Mace S.A.,TELECOM,Abidjan,Côte d'Ivoire,2012-04-27,LOW
3209,Olivier Humbert S.A.S.,SUPERMARKET,Bouake,Côte d'Ivoire,2023-09-06,LOW
3210,Thierry,TRANSPORT,San Pedro,Côte d'Ivoire,2026-02-04,LOW
3211,Poulain,RESTAURANT,Bouake,Côte d'Ivoire,2019-03-16,LOW
3212,Nguyen SA,TELECOM,Man,Côte d'Ivoire,2019-10-16,LOW
3213,Hardy,FUEL_STATION,Bouake,Côte d'Ivoire,2020-02-23,MEDIUM
3214,Brun S.A.S.,E_COMMERCE,San Pedro,Côte d'Ivoire,2016-03-28,MEDIUM
3215,Charpentier Lambert S.A.S.,TELECOM,Bouake,Côte d'Ivoire,2012-08-10,LOW
3216,Traore Chauvin S.A.R.L.,E_COMMERCE,Korhogo,Côte d'Ivoire,2023-03-23,LOW
3217,Gaillard S.A.R.L.,TELECOM,Yamoussoukro,Côte d'Ivoire,2024-05-06,LOW
3218,Guilbert,PHARMACY,San Pedro,Côte d'Ivoire,2024-10-31,LOW
3219,Maréchal,TRANSPORT,Korhogo,Côte d'Ivoire,2021-11-27,MEDIUM
3220,Leclerc,ELECTRONICS,Yamoussoukro,Côte d'Ivoire,2014-09-15,MEDIUM
3221,Leroux S.A.S.,TELECOM,San Pedro,Côte d'Ivoire,2015-04-13,LOW
3222,Blanchet S.A.R.L.,SUPERMARKET,Man,Côte d'Ivoire,2020-02-23,LOW
3223,Bailly,TELECOM,Yamoussoukro,Côte d'Ivoire,2026-01-29,MEDIUM
3224,Collet Neveu SARL,E_COMMERCE,San Pedro,Côte d'Ivoire,2020-12-19,LOW
3225,Picard S.A.,PHARMACY,San Pedro,Côte d'Ivoire,2012-05-08,LOW
3226,Klein Fournier et Fils,CLOTHING,Man,Côte d'Ivoire,2014-02-04,LOW
3227,Lucas,TRANSPORT,Man,Côte d'Ivoire,2016-03-05,LOW
3228,Clerc S.A.,CLOTHING,Abidjan,Côte d'Ivoire,2025-08-01,LOW
3229,Joubert Ferreira SA,SUPERMARKET,Bouake,Côte d'Ivoire,2022-08-11,MEDIUM
3230,Lefort,PHARMACY,Yamoussoukro,Côte d'Ivoire,2021-11-14,MEDIUM
3231,Germain,ELECTRONICS,Yamoussoukro,Côte d'Ivoire,2012-12-28,LOW
3232,Mace,RESTAURANT,Man,Côte d'Ivoire,2013-11-06,MEDIUM
3233,Raymond,FUEL_STATION,San Pedro,Côte d'Ivoire,2016-08-04,LOW
3234,Boyer,ELECTRONICS,Abidjan,Côte d'Ivoire,2022-03-23,HIGH
3235,Hamon S.A.,RESTAURANT,Daloa,Côte d'Ivoire,2024-01-02,LOW
3236,Schmitt,HOTEL,San Pedro,Côte d'Ivoire,2015-12-06,LOW
3237,Tanguy et Fils,E_COMMERCE,Bouake,Côte d'Ivoire,2026-05-05,LOW
3238,Mace et Fils,TELECOM,Abidjan,Côte d'Ivoire,2023-04-13,LOW
3239,Guibert,TELECOM,San Pedro,Côte d'Ivoire,2015-12-15,LOW
3240,Pichon Vasseur SARL,TRANSPORT,Daloa,Côte d'Ivoire,2016-02-24,LOW
3241,Blin Lombard S.A.R.L.,SUPERMARKET,Abidjan,Côte d'Ivoire,2014-03-23,LOW
3242,Grondin,PHARMACY,Yamoussoukro,Côte d'Ivoire,2023-12-28,LOW
3243,Tessier,TELECOM,San Pedro,Côte d'Ivoire,2014-02-05,LOW
3244,Morin,RESTAURANT,Korhogo,Côte d'Ivoire,2020-01-05,LOW
3245,Jacques Gonzalez S.A.,TELECOM,Bouake,Côte d'Ivoire,2014-10-15,LOW
3246,Chauveau,E_COMMERCE,Daloa,Côte d'Ivoire,2014-08-24,LOW
3247,Lefebvre,SUPERMARKET,Korhogo,Côte d'Ivoire,2016-11-07,LOW
3248,Schmitt Carlier et Fils,E_COMMERCE,Abidjan,Côte d'Ivoire,2021-11-30,LOW
3249,Muller Meunier SA,TRANSPORT,Bouake,Côte d'Ivoire,2018-10-30,LOW
3250,De Sousa Imbert S.A.R.L.,SUPERMARKET,Man,Côte d'Ivoire,2013-04-12,LOW
3251,Petitjean Hamel SA,TELECOM,Yamoussoukro,Côte d'Ivoire,2021-11-02,LOW
3252,Hoareau S.A.R.L.,SUPERMARKET,Man,Côte d'Ivoire,2011-12-05,LOW
3253,Richard et Fils,TELECOM,Man,Côte d'Ivoire,2012-04-26,LOW
3254,Menard Pires SA,ELECTRONICS,Man,Côte d'Ivoire,2016-02-17,LOW
3255,Techer Brunel SA,RESTAURANT,San Pedro,Côte d'Ivoire,2025-01-20,LOW
3256,Gautier S.A.S.,TELECOM,Abidjan,Côte d'Ivoire,2024-02-06,LOW
3257,Neveu,SUPERMARKET,Daloa,Côte d'Ivoire,2013-01-07,LOW
3258,Joly Voisin S.A.S.,FUEL_STATION,Bouake,Côte d'Ivoire,2019-02-18,LOW
3259,Le Gall Rémy S.A.R.L.,FUEL_STATION,Bouake,Côte d'Ivoire,2014-03-16,LOW
3260,Lefèvre Devaux et Fils,TRANSPORT,Abidjan,Côte d'Ivoire,2016-02-15,HIGH
3261,Lefebvre SA,HOTEL,Daloa,Côte d'Ivoire,2013-04-28,LOW
3262,Henry,RESTAURANT,Bouake,Côte d'Ivoire,2020-04-11,HIGH
3263,Blanchard,RESTAURANT,Daloa,Côte d'Ivoire,2011-08-06,MEDIUM
3264,Laurent Dumas S.A.R.L.,PHARMACY,Man,Côte d'Ivoire,2018-02-17,LOW
3265,Benard Bègue SARL,TRANSPORT,Korhogo,Côte d'Ivoire,2015-06-02,LOW
3266,Torres,HOTEL,Yamoussoukro,Côte d'Ivoire,2023-09-26,LOW
3267,Marin S.A.,FUEL_STATION,Korhogo,Côte d'Ivoire,2013-06-13,LOW
3268,Henry Carre SARL,ELECTRONICS,San Pedro,Côte d'Ivoire,2012-11-15,MEDIUM
3269,Lemaire,RESTAURANT,Bouake,Côte d'Ivoire,2017-09-16,LOW
3270,Bertrand S.A.S.,HOTEL,Yamoussoukro,Côte d'Ivoire,2014-02-22,LOW
3271,Gilbert Laporte SARL,TRANSPORT,Man,Côte d'Ivoire,2021-10-10,LOW
3272,Potier Lamy S.A.,TRANSPORT,Bouake,Côte d'Ivoire,2022-12-05,LOW
3273,Ferrand,RESTAURANT,Man,Côte d'Ivoire,2025-06-26,MEDIUM
3274,Lévêque,CLOTHING,Yamoussoukro,Côte d'Ivoire,2026-06-20,LOW
3275,Dupuy S.A.R.L.,FUEL_STATION,San Pedro,Côte d'Ivoire,2022-10-31,LOW
3276,Aubry,CLOTHING,San Pedro,Côte d'Ivoire,2025-05-14,HIGH
3277,Bernard S.A.,RESTAURANT,Man,Côte d'Ivoire,2024-10-21,LOW
3278,Julien Caron S.A.R.L.,CLOTHING,Bouake,Côte d'Ivoire,2019-03-05,LOW
3279,Mercier,RESTAURANT,Korhogo,Côte d'Ivoire,2013-07-02,LOW
3280,Petitjean,TRANSPORT,Man,Côte d'Ivoire,2016-04-24,MEDIUM
3281,Robin Breton S.A.,PHARMACY,Yamoussoukro,Côte d'Ivoire,2014-09-02,LOW
3282,Benard,HOTEL,Daloa,Côte d'Ivoire,2017-01-03,LOW
3283,Lamy,RESTAURANT,Yamoussoukro,Côte d'Ivoire,2019-10-06,LOW
3284,Marion,CLOTHING,San Pedro,Côte d'Ivoire,2025-01-27,LOW
3285,Dos Santos,FUEL_STATION,Korhogo,Côte d'Ivoire,2025-03-22,LOW
3286,Jacob Humbert S.A.S.,SUPERMARKET,Bouake,Côte d'Ivoire,2020-01-12,LOW
3287,Rossi,RESTAURANT,Yamoussoukro,Côte d'Ivoire,2020-09-11,LOW
3288,Jacob Perez S.A.S.,TRANSPORT,Daloa,Côte d'Ivoire,2023-09-27,LOW
3289,Laine,RESTAURANT,Abidjan,Côte d'Ivoire,2021-05-28,LOW
3290,Boutin Fernandez S.A.,TELECOM,Yamoussoukro,Côte d'Ivoire,2017-09-23,LOW
3291,Martins SA,TRANSPORT,Bouake,Côte d'Ivoire,2017-09-27,LOW
3292,Lucas,FUEL_STATION,Man,Côte d'Ivoire,2013-06-13,LOW
3293,Lévêque SARL,TELECOM,Man,Côte d'Ivoire,2026-01-05,MEDIUM
3294,Cousin Jacques S.A.,PHARMACY,Yamoussoukro,Côte d'Ivoire,2025-10-14,LOW
3295,Berger,SUPERMARKET,Korhogo,Côte d'Ivoire,2015-02-28,MEDIUM
3296,Lefèvre Letellier S.A.,TRANSPORT,Man,Côte d'Ivoire,2013-07-27,MEDIUM
3297,Hoareau Peron SA,SUPERMARKET,Bouake,Côte d'Ivoire,2023-06-02,MEDIUM
3298,Guichard,HOTEL,Yamoussoukro,Côte d'Ivoire,2012-06-30,LOW
3299,Dupré S.A.S.,ELECTRONICS,Abidjan,Côte d'Ivoire,2012-10-30,MEDIUM
3300,Valentin,FUEL_STATION,Daloa,Côte d'Ivoire,2026-05-20,LOW
3301,Martinez Caron SARL,FUEL_STATION,Korhogo,Côte d'Ivoire,2013-12-23,MEDIUM
3302,Moulin SA,ELECTRONICS,Yamoussoukro,Côte d'Ivoire,2011-10-15,LOW
3303,Gérard,SUPERMARKET,Abidjan,Côte d'Ivoire,2024-08-06,MEDIUM
3304,Lelièvre Bernier S.A.,RESTAURANT,Bouake,Côte d'Ivoire,2024-04-20,LOW
3305,Lelièvre,PHARMACY,Bouake,Côte d'Ivoire,2018-07-30,LOW
3306,Hebert,PHARMACY,Korhogo,Côte d'Ivoire,2024-11-13,LOW
3307,Renault SA,FUEL_STATION,Bouake,Côte d'Ivoire,2014-03-24,LOW
3308,Clerc SA,TRANSPORT,Man,Côte d'Ivoire,2021-11-08,LOW
3309,Gaudin Renard SA,PHARMACY,Man,Côte d'Ivoire,2018-04-27,LOW
3310,Bazin,TRANSPORT,Bouake,Côte d'Ivoire,2026-06-24,LOW
3311,Lenoir,E_COMMERCE,Yamoussoukro,Côte d'Ivoire,2023-09-05,LOW
3312,Masse,FUEL_STATION,Yamoussoukro,Côte d'Ivoire,2020-02-11,MEDIUM
3313,Lacombe,TELECOM,Abidjan,Côte d'Ivoire,2015-06-11,HIGH
3314,Barbier,HOTEL,San Pedro,Côte d'Ivoire,2016-03-14,LOW
3315,Barbe S.A.R.L.,TELECOM,San Pedro,Côte d'Ivoire,2013-09-14,LOW
3316,Maréchal Maurice SA,CLOTHING,Man,Côte d'Ivoire,2015-04-20,LOW
3317,Gonzalez,PHARMACY,Daloa,Côte d'Ivoire,2025-07-26,HIGH
3318,Jacquot S.A.R.L.,TELECOM,Abidjan,Côte d'Ivoire,2019-09-12,MEDIUM
3319,Guibert,TRANSPORT,Daloa,Côte d'Ivoire,2022-06-30,LOW
3320,Gillet,E_COMMERCE,Korhogo,Côte d'Ivoire,2014-05-19,LOW
3321,Guichard et Fils,ELECTRONICS,Man,Côte d'Ivoire,2018-10-17,LOW
3322,Dupuy Nicolas SA,TRANSPORT,San Pedro,Côte d'Ivoire,2012-11-24,LOW
3323,Marion,E_COMMERCE,San Pedro,Côte d'Ivoire,2024-10-28,LOW
3324,Leroy,TELECOM,Abidjan,Côte d'Ivoire,2015-08-26,LOW
3325,Goncalves,TELECOM,Bouake,Côte d'Ivoire,2020-10-15,LOW
3326,François S.A.,FUEL_STATION,Abidjan,Côte d'Ivoire,2021-09-25,LOW
3327,Boulay SARL,ELECTRONICS,Man,Côte d'Ivoire,2014-10-08,MEDIUM
3328,Diaz David S.A.,TELECOM,San Pedro,Côte d'Ivoire,2016-02-26,MEDIUM
3329,Colas S.A.S.,TRANSPORT,Man,Côte d'Ivoire,2012-05-03,LOW
3330,Lambert,TELECOM,Yamoussoukro,Côte d'Ivoire,2012-05-23,LOW
3331,Morin,CLOTHING,Abidjan,Côte d'Ivoire,2016-10-28,LOW
3332,Hamon SARL,SUPERMARKET,Abidjan,Côte d'Ivoire,2018-05-07,LOW
3333,Gomes Hamel S.A.R.L.,CLOTHING,Bouake,Côte d'Ivoire,2023-12-03,LOW
3334,Dumont,TRANSPORT,Yamoussoukro,Côte d'Ivoire,2023-07-13,MEDIUM
3335,Rémy S.A.R.L.,HOTEL,Korhogo,Côte d'Ivoire,2024-03-10,MEDIUM
3336,Gaudin S.A.,HOTEL,Man,Côte d'Ivoire,2011-12-24,LOW
3337,Martel,TRANSPORT,San Pedro,Côte d'Ivoire,2021-07-20,MEDIUM
3338,Charpentier S.A.,FUEL_STATION,San Pedro,Côte d'Ivoire,2014-02-25,LOW
3339,Chevalier,HOTEL,Man,Côte d'Ivoire,2022-03-23,MEDIUM
3340,Wagner S.A.,SUPERMARKET,Man,Côte d'Ivoire,2015-03-30,LOW
3341,Lecoq Wagner S.A.,PHARMACY,Yamoussoukro,Côte d'Ivoire,2020-02-09,LOW
3342,Pons,PHARMACY,Yamoussoukro,Côte d'Ivoire,2024-12-08,LOW
3343,Maillot Charpentier SARL,CLOTHING,Man,Côte d'Ivoire,2022-03-08,MEDIUM
3344,Fournier,SUPERMARKET,Abidjan,Côte d'Ivoire,2023-09-13,MEDIUM
3345,Dupuis,TRANSPORT,San Pedro,Côte d'Ivoire,2015-02-16,MEDIUM
3346,Brunet S.A.S.,RESTAURANT,Korhogo,Côte d'Ivoire,2022-04-03,MEDIUM
3347,Pereira,TRANSPORT,Bouake,Côte d'Ivoire,2025-04-07,MEDIUM
3348,Meunier SARL,E_COMMERCE,Man,Côte d'Ivoire,2020-11-18,LOW
3349,Didier SA,ELECTRONICS,Man,Côte d'Ivoire,2019-04-25,MEDIUM
3350,Roy,CLOTHING,Yamoussoukro,Côte d'Ivoire,2016-08-08,MEDIUM
3351,Mercier Guyot S.A.S.,RESTAURANT,Abidjan,Côte d'Ivoire,2017-10-03,LOW
3352,Blanc,HOTEL,Daloa,Côte d'Ivoire,2012-10-14,LOW
3353,Lacombe Leleu S.A.R.L.,FUEL_STATION,Man,Côte d'Ivoire,2015-12-18,LOW
3354,Boucher,E_COMMERCE,Abidjan,Côte d'Ivoire,2024-07-23,HIGH
3355,Delahaye,TELECOM,Abidjan,Côte d'Ivoire,2013-12-18,LOW
3356,Colas S.A.R.L.,TRANSPORT,Korhogo,Côte d'Ivoire,2012-04-01,LOW
3357,Renault,E_COMMERCE,Man,Côte d'Ivoire,2018-05-25,LOW
3358,Legendre,PHARMACY,Yamoussoukro,Côte d'Ivoire,2023-02-26,LOW
3359,Besnard Poulain S.A.S.,PHARMACY,Bouake,Côte d'Ivoire,2025-12-12,LOW
3360,Besson,ELECTRONICS,Abidjan,Côte d'Ivoire,2012-12-29,LOW
3361,Guillou,FUEL_STATION,Bouake,Côte d'Ivoire,2019-03-26,LOW
3362,Normand,PHARMACY,Daloa,Côte d'Ivoire,2012-04-20,MEDIUM
3363,Traore S.A.,E_COMMERCE,Daloa,Côte d'Ivoire,2023-06-25,LOW
3364,Meyer SA,CLOTHING,Abidjan,Côte d'Ivoire,2016-07-09,MEDIUM
3365,Leroux,PHARMACY,Abidjan,Côte d'Ivoire,2021-04-10,LOW
3366,Legrand,TRANSPORT,Abidjan,Côte d'Ivoire,2015-05-15,LOW
3367,Pinto,HOTEL,Abidjan,Côte d'Ivoire,2022-12-16,LOW
3368,Lévêque S.A.R.L.,TELECOM,San Pedro,Côte d'Ivoire,2019-07-19,LOW
3369,Nicolas,RESTAURANT,Abidjan,Côte d'Ivoire,2013-01-13,LOW
3370,Foucher Nicolas S.A.R.L.,SUPERMARKET,Man,Côte d'Ivoire,2024-08-23,LOW
3371,Bourgeois,SUPERMARKET,Abidjan,Côte d'Ivoire,2018-05-28,LOW
3372,François,SUPERMARKET,San Pedro,Côte d'Ivoire,2016-12-21,LOW
3373,Texier,E_COMMERCE,San Pedro,Côte d'Ivoire,2019-11-06,LOW
3374,Boutin Traore S.A.R.L.,HOTEL,Korhogo,Côte d'Ivoire,2013-07-09,LOW
3375,De Sousa,HOTEL,Man,Côte d'Ivoire,2012-03-23,MEDIUM
3376,Lelièvre Rodrigues et Fils,HOTEL,Daloa,Côte d'Ivoire,2015-03-17,LOW
3377,Duhamel,HOTEL,Man,Côte d'Ivoire,2012-02-09,LOW
3378,Bonnet,CLOTHING,Abidjan,Côte d'Ivoire,2025-05-01,HIGH
3379,Perret,HOTEL,Daloa,Côte d'Ivoire,2019-08-18,LOW
3380,Vincent Lecomte SA,TELECOM,Daloa,Côte d'Ivoire,2024-06-24,LOW
3381,Dupuy,PHARMACY,Abidjan,Côte d'Ivoire,2015-11-12,LOW
3382,Perez Blanchard SA,ELECTRONICS,Yamoussoukro,Côte d'Ivoire,2016-03-26,HIGH
3383,Faure,FUEL_STATION,Yamoussoukro,Côte d'Ivoire,2016-08-25,LOW
3384,Humbert,TELECOM,Korhogo,Côte d'Ivoire,2020-07-02,LOW
3385,Laroche Poirier S.A.,FUEL_STATION,Abidjan,Côte d'Ivoire,2025-09-14,HIGH
3386,Morin S.A.R.L.,HOTEL,Abidjan,Côte d'Ivoire,2017-05-24,LOW
3387,Gaillard,SUPERMARKET,Daloa,Côte d'Ivoire,2014-12-15,MEDIUM
3388,Humbert,TELECOM,Bouake,Côte d'Ivoire,2019-10-08,LOW
3389,Regnier,TRANSPORT,Man,Côte d'Ivoire,2023-04-18,LOW
3390,Grenier Nguyen SARL,RESTAURANT,Yamoussoukro,Côte d'Ivoire,2023-05-13,LOW
3391,Dubois,TELECOM,Man,Côte d'Ivoire,2021-02-12,MEDIUM
3392,Garnier Ramos et Fils,RESTAURANT,Man,Côte d'Ivoire,2021-06-01,LOW
3393,Breton Chartier et Fils,CLOTHING,Bouake,Côte d'Ivoire,2024-03-18,MEDIUM
3394,Garcia,ELECTRONICS,Korhogo,Côte d'Ivoire,2014-02-19,MEDIUM
3395,Caron,ELECTRONICS,Abidjan,Côte d'Ivoire,2020-01-27,LOW
3396,Noël,RESTAURANT,Yamoussoukro,Côte d'Ivoire,2025-01-18,MEDIUM
3397,Charles,ELECTRONICS,Daloa,Côte d'Ivoire,2020-06-07,LOW
3398,Lebreton S.A.,TELECOM,Abidjan,Côte d'Ivoire,2022-05-14,LOW
3399,Riou,ELECTRONICS,Bouake,Côte d'Ivoire,2021-05-31,LOW
3400,Da Silva S.A.,PHARMACY,Daloa,Côte d'Ivoire,2024-04-05,MEDIUM
3401,De Oliveira Grenier S.A.S.,RESTAURANT,Abidjan,Côte d'Ivoire,2024-09-30,LOW
3402,Brunel Hoareau S.A.,SUPERMARKET,Bouake,Côte d'Ivoire,2017-06-30,MEDIUM
3403,Aubert Potier S.A.S.,HOTEL,San Pedro,Côte d'Ivoire,2011-10-27,MEDIUM
3404,Marchal,FUEL_STATION,Man,Côte d'Ivoire,2011-11-07,LOW
3405,Le Gall,TELECOM,Man,Côte d'Ivoire,2020-02-12,LOW
3406,Bonnin S.A.R.L.,PHARMACY,Korhogo,Côte d'Ivoire,2022-08-13,LOW
3407,Pasquier,TELECOM,Abidjan,Côte d'Ivoire,2018-07-23,MEDIUM
3408,Benard,HOTEL,Daloa,Côte d'Ivoire,2025-08-31,LOW
3409,Barbe,CLOTHING,Daloa,Côte d'Ivoire,2024-08-04,MEDIUM
3410,Noël,RESTAURANT,Man,Côte d'Ivoire,2014-07-26,LOW
3411,Gilbert,TRANSPORT,Man,Côte d'Ivoire,2017-12-03,LOW
3412,Lenoir Valentin S.A.,ELECTRONICS,Daloa,Côte d'Ivoire,2020-10-22,LOW
3413,Weber,FUEL_STATION,Bouake,Côte d'Ivoire,2016-06-04,LOW
3414,Couturier,E_COMMERCE,Abidjan,Côte d'Ivoire,2016-05-24,LOW
3415,Fernandez SA,HOTEL,Man,Côte d'Ivoire,2013-02-05,LOW
3416,Chauvet S.A.R.L.,FUEL_STATION,Man,Côte d'Ivoire,2013-05-04,MEDIUM
3417,Bouvet,CLOTHING,Yamoussoukro,Côte d'Ivoire,2024-05-13,LOW
3418,Couturier S.A.R.L.,HOTEL,San Pedro,Côte d'Ivoire,2020-02-20,LOW
3419,Martineau SARL,SUPERMARKET,Yamoussoukro,Côte d'Ivoire,2026-01-24,LOW
3420,Lecomte,ELECTRONICS,Bouake,Côte d'Ivoire,2015-05-14,MEDIUM
3421,Courtois,TRANSPORT,Yamoussoukro,Côte d'Ivoire,2018-01-21,MEDIUM
3422,Pierre S.A.R.L.,PHARMACY,Korhogo,Côte d'Ivoire,2013-09-10,LOW
3423,Barthelemy,CLOTHING,Bouake,Côte d'Ivoire,2018-08-07,LOW
3424,Robert,SUPERMARKET,Korhogo,Côte d'Ivoire,2017-12-12,MEDIUM
3425,Guillou Jacquet SARL,HOTEL,Bouake,Côte d'Ivoire,2026-07-16,MEDIUM
3426,Le Gall,E_COMMERCE,Daloa,Côte d'Ivoire,2025-11-03,LOW
3427,Maillet,TELECOM,Bouake,Côte d'Ivoire,2015-09-07,LOW
3428,Legros SA,PHARMACY,Man,Côte d'Ivoire,2011-11-03,LOW
3429,Brunet SARL,SUPERMARKET,Korhogo,Côte d'Ivoire,2025-11-17,LOW
3430,Daniel,ELECTRONICS,Man,Côte d'Ivoire,2014-06-22,LOW
3431,Guillot,CLOTHING,San Pedro,Côte d'Ivoire,2021-01-11,LOW
3432,Olivier,FUEL_STATION,San Pedro,Côte d'Ivoire,2022-01-22,LOW
3433,Roux,TRANSPORT,Abidjan,Côte d'Ivoire,2025-03-17,HIGH
3434,Rodriguez,HOTEL,Bouake,Côte d'Ivoire,2022-05-26,MEDIUM
3435,Petitjean,FUEL_STATION,Daloa,Côte d'Ivoire,2014-07-13,MEDIUM
3436,Prévost,FUEL_STATION,Man,Côte d'Ivoire,2020-05-17,MEDIUM
3437,Nguyen Grondin SA,PHARMACY,Daloa,Côte d'Ivoire,2023-08-27,LOW
3438,Bodin Lemaire et Fils,TRANSPORT,Yamoussoukro,Côte d'Ivoire,2021-05-22,HIGH
3439,Ledoux,PHARMACY,Abidjan,Côte d'Ivoire,2022-04-01,LOW
3440,Lenoir,HOTEL,San Pedro,Côte d'Ivoire,2014-04-13,LOW
3441,Martins,HOTEL,Daloa,Côte d'Ivoire,2013-02-28,LOW
3442,Michel S.A.R.L.,RESTAURANT,Korhogo,Côte d'Ivoire,2011-10-09,MEDIUM
3443,Leroy Maurice et Fils,E_COMMERCE,Man,Côte d'Ivoire,2020-10-28,MEDIUM
3444,Masse S.A.R.L.,ELECTRONICS,San Pedro,Côte d'Ivoire,2012-01-03,LOW
3445,De Sousa Couturier et Fils,HOTEL,Daloa,Côte d'Ivoire,2024-10-20,MEDIUM
3446,Lemoine,SUPERMARKET,Daloa,Côte d'Ivoire,2015-08-27,MEDIUM
3447,Léger Leclercq S.A.S.,E_COMMERCE,San Pedro,Côte d'Ivoire,2025-11-15,LOW
3448,Pages Valette S.A.R.L.,CLOTHING,Bouake,Côte d'Ivoire,2024-09-06,LOW
3449,Delmas,TELECOM,Yamoussoukro,Côte d'Ivoire,2012-06-15,MEDIUM
3450,Perez,FUEL_STATION,Bouake,Côte d'Ivoire,2014-01-08,MEDIUM
3451,Diaz S.A.S.,FUEL_STATION,Man,Côte d'Ivoire,2026-04-28,LOW
3452,Masson S.A.R.L.,HOTEL,Man,Côte d'Ivoire,2021-09-17,MEDIUM
3453,Gautier S.A.,RESTAURANT,Man,Côte d'Ivoire,2016-05-19,MEDIUM
3454,Arnaud,PHARMACY,San Pedro,Côte d'Ivoire,2013-02-25,HIGH
3455,Costa SARL,TRANSPORT,Man,Côte d'Ivoire,2025-11-02,MEDIUM
3456,Michaud Roussel S.A.R.L.,SUPERMARKET,Abidjan,Côte d'Ivoire,2025-02-08,LOW
3457,Pasquier SA,TELECOM,Bouake,Côte d'Ivoire,2019-11-08,MEDIUM
3458,Lacroix et Fils,RESTAURANT,Korhogo,Côte d'Ivoire,2018-09-20,LOW
3459,Bouvier,CLOTHING,San Pedro,Côte d'Ivoire,2022-05-09,HIGH
3460,Renard,TRANSPORT,Bouake,Côte d'Ivoire,2014-08-20,LOW
3461,Dubois,FUEL_STATION,San Pedro,Côte d'Ivoire,2014-08-13,LOW
3462,Lemaire SARL,CLOTHING,Bouake,Côte d'Ivoire,2017-06-22,LOW
3463,Bonneau,TRANSPORT,Daloa,Côte d'Ivoire,2021-10-13,LOW
3464,Leroux S.A.S.,RESTAURANT,Daloa,Côte d'Ivoire,2024-03-11,LOW
3465,Rivière,TRANSPORT,Yamoussoukro,Côte d'Ivoire,2014-11-09,LOW
3466,Regnier SA,TELECOM,Yamoussoukro,Côte d'Ivoire,2020-05-21,LOW
3467,Fabre Marchal SA,RESTAURANT,Abidjan,Côte d'Ivoire,2015-04-08,LOW
3468,Millet S.A.,ELECTRONICS,Bouake,Côte d'Ivoire,2015-04-25,LOW
3469,Petitjean et Fils,CLOTHING,Korhogo,Côte d'Ivoire,2013-09-23,LOW
3470,Paris,RESTAURANT,Daloa,Côte d'Ivoire,2019-10-08,LOW
3471,Morin Lévêque et Fils,TRANSPORT,San Pedro,Côte d'Ivoire,2020-12-15,HIGH
3472,Bigot,TRANSPORT,Yamoussoukro,Côte d'Ivoire,2024-04-02,LOW
3473,Nguyen,RESTAURANT,Yamoussoukro,Côte d'Ivoire,2020-04-18,LOW
3474,Olivier,ELECTRONICS,Bouake,Côte d'Ivoire,2015-10-31,LOW
3475,Philippe Torres et Fils,SUPERMARKET,San Pedro,Côte d'Ivoire,2016-05-10,LOW
3476,Henry,ELECTRONICS,Daloa,Côte d'Ivoire,2021-07-03,MEDIUM
3477,Gaillard,TELECOM,Abidjan,Côte d'Ivoire,2025-01-31,LOW
3478,Mace Coulon S.A.R.L.,CLOTHING,Korhogo,Côte d'Ivoire,2019-03-02,MEDIUM
3479,Godard,RESTAURANT,Daloa,Côte d'Ivoire,2024-04-14,MEDIUM
3480,Julien,RESTAURANT,Bouake,Côte d'Ivoire,2022-03-04,MEDIUM
3481,Seguin S.A.R.L.,PHARMACY,Abidjan,Côte d'Ivoire,2018-11-17,LOW
3482,Duhamel Benard SARL,HOTEL,Abidjan,Côte d'Ivoire,2022-05-04,LOW
3483,Lebreton S.A.,CLOTHING,Bouake,Côte d'Ivoire,2012-02-24,LOW
3484,Coste,RESTAURANT,Korhogo,Côte d'Ivoire,2018-07-19,LOW
3485,Texier,SUPERMARKET,Abidjan,Côte d'Ivoire,2025-08-21,HIGH
3486,Chauvin,ELECTRONICS,Yamoussoukro,Côte d'Ivoire,2012-02-01,LOW
3487,Arnaud SARL,ELECTRONICS,Bouake,Côte d'Ivoire,2018-11-18,LOW
3488,Pelletier Moulin SA,SUPERMARKET,Bouake,Côte d'Ivoire,2015-03-28,LOW
3489,Guichard,ELECTRONICS,Daloa,Côte d'Ivoire,2014-01-16,LOW
3490,Rivière,ELECTRONICS,San Pedro,Côte d'Ivoire,2011-09-27,LOW
3491,Lagarde,TELECOM,Man,Côte d'Ivoire,2011-10-05,LOW
3492,Benoit,HOTEL,Korhogo,Côte d'Ivoire,2019-06-29,LOW
3493,Rey,FUEL_STATION,Man,Côte d'Ivoire,2021-02-16,LOW
3494,Collin SARL,SUPERMARKET,Bouake,Côte d'Ivoire,2021-10-24,LOW
3495,Laine Carpentier SA,PHARMACY,Yamoussoukro,Côte d'Ivoire,2021-02-12,MEDIUM
3496,Auger,FUEL_STATION,Bouake,Côte d'Ivoire,2021-12-01,LOW
3497,Baudry et Fils,FUEL_STATION,Korhogo,Côte d'Ivoire,2018-10-01,LOW
3498,Prévost,PHARMACY,Man,Côte d'Ivoire,2025-05-31,LOW
3499,Philippe,RESTAURANT,Korhogo,Côte d'Ivoire,2014-12-05,LOW
3500,Teixeira S.A.R.L.,TRANSPORT,Man,Côte d'Ivoire,2012-05-15,MEDIUM
3501,De Oliveira,TRANSPORT,San Pedro,Côte d'Ivoire,2013-08-09,LOW
3502,Sauvage S.A.,E_COMMERCE,Man,Côte d'Ivoire,2021-10-22,LOW
3503,Maury,PHARMACY,Korhogo,Côte d'Ivoire,2018-02-01,LOW
3504,Verdier Lefebvre SARL,E_COMMERCE,Man,Côte d'Ivoire,2011-11-17,LOW
3505,Pinto SARL,FUEL_STATION,Man,Côte d'Ivoire,2013-10-21,LOW
3506,Da Silva,ELECTRONICS,Korhogo,Côte d'Ivoire,2020-08-25,LOW
3507,Marques et Fils,PHARMACY,Yamoussoukro,Côte d'Ivoire,2011-11-08,HIGH
3508,Lelièvre SA,TRANSPORT,San Pedro,Côte d'Ivoire,2025-09-10,LOW
3509,Ramos,CLOTHING,Bouake,Côte d'Ivoire,2016-09-11,LOW
3510,Prévost,RESTAURANT,Korhogo,Côte d'Ivoire,2024-05-25,LOW
3511,Alexandre,ELECTRONICS,San Pedro,Côte d'Ivoire,2012-12-06,LOW
3512,Teixeira,RESTAURANT,Yamoussoukro,Côte d'Ivoire,2021-12-28,MEDIUM
3513,Carlier SARL,E_COMMERCE,Bouake,Côte d'Ivoire,2023-06-04,MEDIUM
3514,Teixeira,FUEL_STATION,Yamoussoukro,Côte d'Ivoire,2026-01-05,LOW
3515,Besson S.A.S.,TRANSPORT,Bouake,Côte d'Ivoire,2013-04-28,LOW
3516,Hubert SA,RESTAURANT,Daloa,Côte d'Ivoire,2025-08-14,MEDIUM
3517,Joly SA,PHARMACY,Korhogo,Côte d'Ivoire,2017-01-25,MEDIUM
3518,Jean,E_COMMERCE,Korhogo,Côte d'Ivoire,2014-06-21,MEDIUM
3519,Aubert et Fils,TELECOM,Abidjan,Côte d'Ivoire,2025-05-24,LOW
3520,Tanguy,CLOTHING,Daloa,Côte d'Ivoire,2011-08-29,LOW
3521,Poirier SA,E_COMMERCE,Korhogo,Côte d'Ivoire,2013-06-17,LOW
3522,Bailly SA,SUPERMARKET,Bouake,Côte d'Ivoire,2016-01-23,LOW
3523,Lagarde,TRANSPORT,Bouake,Côte d'Ivoire,2021-12-31,LOW
3524,Dupuy,ELECTRONICS,Korhogo,Côte d'Ivoire,2023-06-18,LOW
3525,Dos Santos Guillon S.A.R.L.,TRANSPORT,San Pedro,Côte d'Ivoire,2013-08-13,LOW
3526,Julien Caron S.A.S.,E_COMMERCE,Abidjan,Côte d'Ivoire,2026-01-14,LOW
3527,Diaz,PHARMACY,Man,Côte d'Ivoire,2019-03-06,LOW
3528,Barbe S.A.S.,TRANSPORT,Korhogo,Côte d'Ivoire,2015-09-01,MEDIUM
3529,Peltier,SUPERMARKET,Man,Côte d'Ivoire,2019-11-30,LOW
3530,Lebrun,HOTEL,Man,Côte d'Ivoire,2024-09-20,MEDIUM
3531,Jean,CLOTHING,San Pedro,Côte d'Ivoire,2013-02-19,MEDIUM
3532,Gosselin,PHARMACY,San Pedro,Côte d'Ivoire,2016-08-12,HIGH
3533,Benard S.A.S.,TELECOM,Korhogo,Côte d'Ivoire,2025-10-15,LOW
3534,Delmas Jourdan et Fils,TRANSPORT,Korhogo,Côte d'Ivoire,2026-02-19,MEDIUM
3535,Lemonnier Garnier SA,FUEL_STATION,Yamoussoukro,Côte d'Ivoire,2019-12-28,LOW
3536,Lecomte SA,RESTAURANT,Yamoussoukro,Côte d'Ivoire,2022-12-25,LOW
3537,Bigot Collin S.A.,HOTEL,Daloa,Côte d'Ivoire,2019-11-15,LOW
3538,Leblanc S.A.,RESTAURANT,Abidjan,Côte d'Ivoire,2025-06-03,MEDIUM
3539,Samson,RESTAURANT,Bouake,Côte d'Ivoire,2016-11-17,LOW
3540,Bègue,RESTAURANT,Man,Côte d'Ivoire,2014-03-12,LOW
3541,Dumont S.A.,TELECOM,Daloa,Côte d'Ivoire,2017-10-05,MEDIUM
3542,Sauvage,TRANSPORT,Man,Côte d'Ivoire,2026-05-04,LOW
3543,Valette Alexandre S.A.,PHARMACY,San Pedro,Côte d'Ivoire,2012-09-28,LOW
3544,Briand,ELECTRONICS,Man,Côte d'Ivoire,2014-05-15,LOW
3545,Verdier,SUPERMARKET,Korhogo,Côte d'Ivoire,2022-08-09,LOW
3546,Caron S.A.R.L.,SUPERMARKET,Man,Côte d'Ivoire,2026-06-25,LOW
3547,Vallet SA,ELECTRONICS,Man,Côte d'Ivoire,2015-09-01,LOW
3548,Jacques S.A.,ELECTRONICS,Man,Côte d'Ivoire,2016-02-11,LOW
3549,Ollivier et Fils,CLOTHING,San Pedro,Côte d'Ivoire,2020-08-09,HIGH
3550,Benard,ELECTRONICS,Bouake,Côte d'Ivoire,2016-02-04,LOW
3551,Dias SA,HOTEL,Daloa,Côte d'Ivoire,2017-08-09,LOW
3552,Lecomte,HOTEL,Abidjan,Côte d'Ivoire,2014-02-19,LOW
3553,Gaudin,TRANSPORT,Bouake,Côte d'Ivoire,2018-11-27,LOW
3554,Vincent,RESTAURANT,Yamoussoukro,Côte d'Ivoire,2019-01-31,MEDIUM
3555,Lemaître,FUEL_STATION,Daloa,Côte d'Ivoire,2013-03-28,LOW
3556,Delahaye S.A.R.L.,RESTAURANT,Yamoussoukro,Côte d'Ivoire,2024-01-11,LOW
3557,Leclercq,E_COMMERCE,Yamoussoukro,Côte d'Ivoire,2016-07-29,LOW
3558,Antoine Schmitt S.A.S.,CLOTHING,San Pedro,Côte d'Ivoire,2016-04-08,LOW
3559,Paul,E_COMMERCE,Man,Côte d'Ivoire,2018-12-14,LOW
3560,Bazin SA,SUPERMARKET,San Pedro,Côte d'Ivoire,2022-07-28,MEDIUM
3561,Masson Vasseur SA,TELECOM,Abidjan,Côte d'Ivoire,2012-06-24,LOW
3562,Bruneau SARL,CLOTHING,San Pedro,Côte d'Ivoire,2015-08-21,LOW
3563,Rossi SA,HOTEL,Abidjan,Côte d'Ivoire,2016-04-05,LOW
3564,Legendre Bonnin et Fils,PHARMACY,San Pedro,Côte d'Ivoire,2018-06-16,LOW
3565,Carlier,RESTAURANT,San Pedro,Côte d'Ivoire,2013-04-19,LOW
3566,Peron Jacquot SARL,RESTAURANT,Korhogo,Côte d'Ivoire,2019-12-31,LOW
3567,Picard Martins SARL,PHARMACY,San Pedro,Côte d'Ivoire,2022-05-30,LOW
3568,Munoz,TELECOM,Abidjan,Côte d'Ivoire,2021-09-20,LOW
3569,Peron,E_COMMERCE,Bouake,Côte d'Ivoire,2011-08-18,LOW
3570,Gonzalez S.A.S.,HOTEL,Yamoussoukro,Côte d'Ivoire,2023-06-29,LOW
3571,Rousset,PHARMACY,Korhogo,Côte d'Ivoire,2016-10-08,MEDIUM
3572,Picard Gomes et Fils,RESTAURANT,San Pedro,Côte d'Ivoire,2012-10-03,LOW
3573,Lemoine Le Roux S.A.R.L.,TELECOM,Bouake,Côte d'Ivoire,2013-12-27,LOW
3574,Martineau S.A.R.L.,TRANSPORT,Abidjan,Côte d'Ivoire,2018-11-09,LOW
3575,Lefebvre,FUEL_STATION,Abidjan,Côte d'Ivoire,2014-08-06,LOW
3576,Garnier,SUPERMARKET,Bouake,Côte d'Ivoire,2014-06-24,LOW
3577,Valentin SARL,HOTEL,Abidjan,Côte d'Ivoire,2019-08-21,LOW
3578,Camus S.A.,FUEL_STATION,San Pedro,Côte d'Ivoire,2019-08-13,HIGH
3579,Lambert SA,E_COMMERCE,Abidjan,Côte d'Ivoire,2021-03-23,LOW
3580,Dumas,ELECTRONICS,San Pedro,Côte d'Ivoire,2020-07-05,MEDIUM
3581,Faivre Caron SA,PHARMACY,Yamoussoukro,Côte d'Ivoire,2013-04-11,MEDIUM
3582,Guyon,TRANSPORT,Korhogo,Côte d'Ivoire,2017-04-14,MEDIUM
3583,Marin,TRANSPORT,Bouake,Côte d'Ivoire,2024-01-28,LOW
3584,Morvan,RESTAURANT,Daloa,Côte d'Ivoire,2015-12-15,LOW
3585,Fleury,PHARMACY,Yamoussoukro,Côte d'Ivoire,2017-10-09,LOW
3586,Richard,FUEL_STATION,Abidjan,Côte d'Ivoire,2025-08-28,LOW
3587,Hernandez,HOTEL,San Pedro,Côte d'Ivoire,2023-08-28,HIGH
3588,Paul,SUPERMARKET,San Pedro,Côte d'Ivoire,2024-10-01,LOW
3589,Marie,E_COMMERCE,San Pedro,Côte d'Ivoire,2016-03-02,LOW
3590,Caron S.A.R.L.,TRANSPORT,Bouake,Côte d'Ivoire,2026-02-21,LOW
3591,Delmas Blanchard SARL,ELECTRONICS,Bouake,Côte d'Ivoire,2020-01-17,LOW
3592,Moulin S.A.S.,RESTAURANT,Daloa,Côte d'Ivoire,2024-03-07,LOW
3593,Alves,FUEL_STATION,Man,Côte d'Ivoire,2015-01-31,MEDIUM
3594,Leclercq S.A.R.L.,FUEL_STATION,San Pedro,Côte d'Ivoire,2022-06-10,MEDIUM
3595,Paris et Fils,RESTAURANT,Man,Côte d'Ivoire,2023-02-14,MEDIUM
3596,Laine,CLOTHING,Bouake,Côte d'Ivoire,2014-07-21,LOW
3597,Potier,CLOTHING,Man,Côte d'Ivoire,2017-07-05,LOW
3598,Michaud,FUEL_STATION,Abidjan,Côte d'Ivoire,2021-08-06,LOW
3599,Baron,SUPERMARKET,Yamoussoukro,Côte d'Ivoire,2016-11-02,HIGH
3600,Dupont Delorme S.A.S.,PHARMACY,San Pedro,Côte d'Ivoire,2023-07-08,LOW
3601,Raymond,FUEL_STATION,Abidjan,Côte d'Ivoire,2013-09-01,MEDIUM
3602,De Sousa,TRANSPORT,San Pedro,Côte d'Ivoire,2021-03-20,LOW
3603,Hervé,FUEL_STATION,Bouake,Côte d'Ivoire,2013-06-13,LOW
3604,Didier et Fils,TELECOM,Abidjan,Côte d'Ivoire,2014-01-29,LOW
3605,Bazin,SUPERMARKET,Yamoussoukro,Côte d'Ivoire,2014-02-17,LOW
3606,Ferrand,HOTEL,Yamoussoukro,Côte d'Ivoire,2021-01-26,MEDIUM
3607,Bailly Coulon SARL,TRANSPORT,Bouake,Côte d'Ivoire,2012-09-03,LOW
3608,Garcia,SUPERMARKET,Bouake,Côte d'Ivoire,2019-04-19,LOW
3609,Carpentier SARL,SUPERMARKET,Man,Côte d'Ivoire,2025-08-14,MEDIUM
3610,Vincent S.A.R.L.,FUEL_STATION,Yamoussoukro,Côte d'Ivoire,2016-10-11,LOW
3611,Perret SARL,CLOTHING,Abidjan,Côte d'Ivoire,2022-10-22,LOW
3612,Girard SARL,E_COMMERCE,San Pedro,Côte d'Ivoire,2013-12-01,LOW
3613,Jacquet,E_COMMERCE,Abidjan,Côte d'Ivoire,2024-12-07,LOW
3614,Fernandez Delannoy SARL,SUPERMARKET,Man,Côte d'Ivoire,2014-01-01,LOW
3615,Lesage Mary SA,PHARMACY,Yamoussoukro,Côte d'Ivoire,2016-07-09,LOW
3616,David Reynaud SARL,HOTEL,Man,Côte d'Ivoire,2015-10-22,MEDIUM
3617,Briand,ELECTRONICS,Korhogo,Côte d'Ivoire,2018-05-14,LOW
3618,Bertin SARL,E_COMMERCE,Bouake,Côte d'Ivoire,2021-09-24,LOW
3619,Giraud,RESTAURANT,Abidjan,Côte d'Ivoire,2021-03-02,LOW
3620,Potier,CLOTHING,Abidjan,Côte d'Ivoire,2026-06-23,LOW
3621,Delorme,FUEL_STATION,Bouake,Côte d'Ivoire,2013-12-10,MEDIUM
3622,Deschamps Dufour S.A.R.L.,RESTAURANT,Abidjan,Côte d'Ivoire,2021-01-02,MEDIUM
3623,Hernandez Schneider SA,CLOTHING,Yamoussoukro,Côte d'Ivoire,2016-08-19,LOW
3624,Morvan,TELECOM,Daloa,Côte d'Ivoire,2014-09-11,LOW
3625,Nguyen,PHARMACY,Abidjan,Côte d'Ivoire,2013-03-17,LOW
3626,Laine Pichon et Fils,TRANSPORT,Korhogo,Côte d'Ivoire,2016-11-26,MEDIUM
3627,Bigot,ELECTRONICS,Yamoussoukro,Côte d'Ivoire,2017-08-07,MEDIUM
3628,Turpin,TELECOM,Man,Côte d'Ivoire,2018-09-23,MEDIUM
3629,Pinto,TRANSPORT,Abidjan,Côte d'Ivoire,2012-01-17,LOW
3630,Gosselin S.A.R.L.,ELECTRONICS,Korhogo,Côte d'Ivoire,2013-01-29,MEDIUM
3631,Bonneau Hernandez S.A.,PHARMACY,Korhogo,Côte d'Ivoire,2021-06-12,LOW
3632,Rodriguez,PHARMACY,Yamoussoukro,Côte d'Ivoire,2022-02-20,LOW
3633,Vincent,CLOTHING,Abidjan,Côte d'Ivoire,2024-06-04,MEDIUM
3634,Marchand,FUEL_STATION,Man,Côte d'Ivoire,2018-06-06,MEDIUM
3635,Pinto S.A.S.,TELECOM,Man,Côte d'Ivoire,2019-05-28,LOW
3636,Clément SA,ELECTRONICS,Abidjan,Côte d'Ivoire,2016-03-03,LOW
3637,Le Roux S.A.S.,ELECTRONICS,San Pedro,Côte d'Ivoire,2013-03-26,LOW
3638,Moreno,TRANSPORT,San Pedro,Côte d'Ivoire,2019-10-07,LOW
3639,Bonnet,FUEL_STATION,Bouake,Côte d'Ivoire,2013-08-22,LOW
3640,Boutin S.A.,CLOTHING,Bouake,Côte d'Ivoire,2020-05-10,LOW
3641,Guilbert Traore S.A.R.L.,SUPERMARKET,Daloa,Côte d'Ivoire,2013-11-23,LOW
3642,Parent Riou S.A.,ELECTRONICS,Man,Côte d'Ivoire,2016-09-10,MEDIUM
3643,Fouquet,E_COMMERCE,Yamoussoukro,Côte d'Ivoire,2011-09-08,MEDIUM
3644,Ferrand,E_COMMERCE,Man,Côte d'Ivoire,2023-04-11,LOW
3645,Noël Mercier SA,RESTAURANT,Bouake,Côte d'Ivoire,2014-03-06,LOW
3646,Dijoux SA,ELECTRONICS,Bouake,Côte d'Ivoire,2015-10-13,LOW
3647,Duval Reynaud SA,PHARMACY,Yamoussoukro,Côte d'Ivoire,2025-09-28,MEDIUM
3648,Michaud,E_COMMERCE,Daloa,Côte d'Ivoire,2012-07-09,MEDIUM
3649,Ribeiro S.A.R.L.,FUEL_STATION,Daloa,Côte d'Ivoire,2019-10-21,LOW
3650,Huet Morvan SARL,RESTAURANT,Abidjan,Côte d'Ivoire,2025-07-21,LOW
3651,Descamps,CLOTHING,Yamoussoukro,Côte d'Ivoire,2022-01-27,LOW
3652,Lesage S.A.,ELECTRONICS,Yamoussoukro,Côte d'Ivoire,2022-05-26,MEDIUM
3653,Gonzalez S.A.,TRANSPORT,Korhogo,Côte d'Ivoire,2025-07-02,LOW
3654,Picard Gros et Fils,SUPERMARKET,Man,Côte d'Ivoire,2023-06-24,MEDIUM
3655,Ollivier Voisin SARL,HOTEL,Bouake,Côte d'Ivoire,2016-07-01,MEDIUM
3656,Pruvost S.A.R.L.,E_COMMERCE,Bouake,Côte d'Ivoire,2017-10-28,LOW
3657,Michaud,SUPERMARKET,Korhogo,Côte d'Ivoire,2018-02-20,LOW
3658,Barthelemy S.A.R.L.,CLOTHING,Abidjan,Côte d'Ivoire,2025-05-31,MEDIUM
3659,Caron,TRANSPORT,Man,Côte d'Ivoire,2012-01-19,LOW
3660,Albert,CLOTHING,Korhogo,Côte d'Ivoire,2013-08-14,LOW
3661,Dubois,TELECOM,Bouake,Côte d'Ivoire,2021-06-14,LOW
3662,Fontaine,FUEL_STATION,Korhogo,Côte d'Ivoire,2022-07-20,LOW
3663,Dupont,TRANSPORT,Bouake,Côte d'Ivoire,2017-08-11,LOW
3664,Bigot Ramos S.A.R.L.,TRANSPORT,Yamoussoukro,Côte d'Ivoire,2016-04-14,LOW
3665,Leroux SARL,TELECOM,Abidjan,Côte d'Ivoire,2020-02-03,LOW
3666,Lévêque Munoz S.A.S.,TELECOM,Bouake,Côte d'Ivoire,2018-03-22,MEDIUM
3667,Roger et Fils,PHARMACY,Bouake,Côte d'Ivoire,2014-02-24,LOW
3668,Bègue,PHARMACY,Man,Côte d'Ivoire,2023-10-24,LOW
3669,Jacques,E_COMMERCE,Bouake,Côte d'Ivoire,2023-09-28,MEDIUM
3670,Lopes Ledoux et Fils,TRANSPORT,Man,Côte d'Ivoire,2016-09-23,LOW
3671,Mercier,RESTAURANT,Bouake,Côte d'Ivoire,2025-11-08,LOW
3672,Mallet,FUEL_STATION,San Pedro,Côte d'Ivoire,2019-08-08,MEDIUM
3673,Bruneau Neveu S.A.S.,TRANSPORT,Abidjan,Côte d'Ivoire,2024-10-07,MEDIUM
3674,Dumont,PHARMACY,Man,Côte d'Ivoire,2023-06-12,MEDIUM
3675,Pruvost,SUPERMARKET,Korhogo,Côte d'Ivoire,2021-06-15,LOW
3676,Mary,TRANSPORT,Abidjan,Côte d'Ivoire,2022-01-29,LOW
3677,Mercier,SUPERMARKET,Daloa,Côte d'Ivoire,2012-05-04,MEDIUM
3678,Peron S.A.,SUPERMARKET,Bouake,Côte d'Ivoire,2015-07-08,LOW
3679,Chartier SA,RESTAURANT,Yamoussoukro,Côte d'Ivoire,2020-01-27,LOW
3680,Breton,CLOTHING,Abidjan,Côte d'Ivoire,2024-07-02,MEDIUM
3681,Leleu Peron S.A.,SUPERMARKET,Daloa,Côte d'Ivoire,2013-05-15,LOW
3682,Petitjean Jacob S.A.R.L.,HOTEL,Daloa,Côte d'Ivoire,2012-09-01,MEDIUM
3683,Raymond SARL,FUEL_STATION,Bouake,Côte d'Ivoire,2013-07-10,LOW
3684,Bouvet SA,CLOTHING,San Pedro,Côte d'Ivoire,2019-02-01,MEDIUM
3685,Seguin,E_COMMERCE,Yamoussoukro,Côte d'Ivoire,2022-04-25,LOW
3686,Roger SARL,FUEL_STATION,Abidjan,Côte d'Ivoire,2013-05-28,LOW
3687,Hoareau,E_COMMERCE,Man,Côte d'Ivoire,2013-11-03,LOW
3688,Pierre Fleury S.A.R.L.,SUPERMARKET,Daloa,Côte d'Ivoire,2019-01-07,LOW
3689,Jean,ELECTRONICS,Yamoussoukro,Côte d'Ivoire,2014-12-31,LOW
3690,Gay Evrard S.A.,TRANSPORT,Bouake,Côte d'Ivoire,2013-01-14,LOW
3691,Lombard et Fils,FUEL_STATION,Abidjan,Côte d'Ivoire,2013-03-18,LOW
3692,Fontaine Joly SA,TRANSPORT,Bouake,Côte d'Ivoire,2017-09-10,LOW
3693,Duhamel,E_COMMERCE,Bouake,Côte d'Ivoire,2020-11-15,MEDIUM
3694,Leblanc S.A.,TRANSPORT,Man,Côte d'Ivoire,2023-03-09,MEDIUM
3695,Aubert,RESTAURANT,San Pedro,Côte d'Ivoire,2025-09-26,LOW
3696,Masse Reynaud S.A.S.,RESTAURANT,Bouake,Côte d'Ivoire,2017-07-25,LOW
3697,Maurice,E_COMMERCE,Yamoussoukro,Côte d'Ivoire,2021-01-29,LOW
3698,Mercier Navarro S.A.R.L.,HOTEL,Abidjan,Côte d'Ivoire,2022-03-20,LOW
3699,Guérin,RESTAURANT,Abidjan,Côte d'Ivoire,2021-04-04,LOW
3700,Rodriguez S.A.S.,PHARMACY,San Pedro,Côte d'Ivoire,2016-08-25,LOW
3701,Lemaire S.A.R.L.,CLOTHING,Bouake,Côte d'Ivoire,2015-07-01,LOW
3702,Brunel S.A.S.,PHARMACY,Man,Côte d'Ivoire,2017-03-16,LOW
3703,Hubert SARL,CLOTHING,Daloa,Côte d'Ivoire,2025-08-30,LOW
3704,Perrier,RESTAURANT,Yamoussoukro,Côte d'Ivoire,2023-07-16,MEDIUM
3705,Mercier,HOTEL,Yamoussoukro,Côte d'Ivoire,2026-06-02,MEDIUM
3706,Hervé Sanchez S.A.S.,RESTAURANT,Daloa,Côte d'Ivoire,2021-05-13,LOW
3707,Paul Bourdon S.A.S.,PHARMACY,Daloa,Côte d'Ivoire,2016-11-20,LOW
3708,Maurice,HOTEL,Bouake,Côte d'Ivoire,2012-07-15,LOW
3709,Guillon S.A.R.L.,TELECOM,Daloa,Côte d'Ivoire,2016-01-19,LOW
3710,David SARL,CLOTHING,San Pedro,Côte d'Ivoire,2018-09-29,HIGH
3711,Bourgeois,E_COMMERCE,Bouake,Côte d'Ivoire,2017-04-07,LOW
3712,Joly S.A.,PHARMACY,Bouake,Côte d'Ivoire,2020-11-18,MEDIUM
3713,Boulay,HOTEL,Yamoussoukro,Côte d'Ivoire,2022-11-10,LOW
3714,Huet S.A.R.L.,TELECOM,Man,Côte d'Ivoire,2012-10-25,HIGH
3715,Perrot SA,CLOTHING,Daloa,Côte d'Ivoire,2018-08-28,LOW
3716,Courtois S.A.R.L.,PHARMACY,Daloa,Côte d'Ivoire,2013-10-11,MEDIUM
3717,Ramos,FUEL_STATION,San Pedro,Côte d'Ivoire,2012-04-14,LOW
3718,Da Silva S.A.R.L.,TELECOM,Korhogo,Côte d'Ivoire,2020-03-18,LOW
3719,Delahaye Marty S.A.R.L.,ELECTRONICS,Korhogo,Côte d'Ivoire,2019-09-13,MEDIUM
3720,Dumas,TRANSPORT,Abidjan,Côte d'Ivoire,2011-12-10,LOW
3721,Michel S.A.,TRANSPORT,Korhogo,Côte d'Ivoire,2020-08-30,LOW
3722,Normand,FUEL_STATION,Man,Côte d'Ivoire,2023-03-16,LOW
3723,Courtois S.A.R.L.,HOTEL,Abidjan,Côte d'Ivoire,2012-06-17,LOW
3724,Gosselin,SUPERMARKET,Yamoussoukro,Côte d'Ivoire,2017-12-29,LOW
3725,Perret Boutin S.A.R.L.,PHARMACY,Abidjan,Côte d'Ivoire,2020-12-03,LOW
3726,Ferreira Navarro SA,HOTEL,Yamoussoukro,Côte d'Ivoire,2022-01-18,MEDIUM
3727,Benard,PHARMACY,Yamoussoukro,Côte d'Ivoire,2014-11-14,LOW
3728,Nguyen,ELECTRONICS,San Pedro,Côte d'Ivoire,2012-07-23,LOW
3729,Grondin Morin S.A.S.,FUEL_STATION,Abidjan,Côte d'Ivoire,2011-09-30,MEDIUM
3730,Pasquier Letellier S.A.S.,RESTAURANT,Man,Côte d'Ivoire,2021-03-28,MEDIUM
3731,Garcia et Fils,TRANSPORT,Man,Côte d'Ivoire,2015-10-29,LOW
3732,Garnier SA,TRANSPORT,Yamoussoukro,Côte d'Ivoire,2013-09-24,LOW
3733,Arnaud,RESTAURANT,Man,Côte d'Ivoire,2016-05-19,LOW
3734,Bouvier SARL,TELECOM,Daloa,Côte d'Ivoire,2021-10-28,LOW
3735,Klein Dumont S.A.S.,PHARMACY,Abidjan,Côte d'Ivoire,2018-05-05,LOW
3736,Descamps,PHARMACY,Abidjan,Côte d'Ivoire,2013-08-28,LOW
3737,Garnier SARL,SUPERMARKET,Korhogo,Côte d'Ivoire,2020-10-28,MEDIUM
3738,Costa Munoz et Fils,TRANSPORT,Bouake,Côte d'Ivoire,2025-05-31,MEDIUM
3739,Vasseur,TELECOM,Man,Côte d'Ivoire,2019-02-14,LOW
3740,Poulain,ELECTRONICS,Man,Côte d'Ivoire,2024-11-06,MEDIUM
3741,Guibert,TELECOM,San Pedro,Côte d'Ivoire,2015-09-24,MEDIUM
3742,Julien,TELECOM,Daloa,Côte d'Ivoire,2023-06-12,LOW
3743,Vincent SARL,SUPERMARKET,Yamoussoukro,Côte d'Ivoire,2018-07-25,LOW
3744,Guyot,SUPERMARKET,Man,Côte d'Ivoire,2012-11-28,LOW
3745,Dos Santos Dijoux S.A.,PHARMACY,Korhogo,Côte d'Ivoire,2016-10-05,LOW
3746,Rivière Guichard et Fils,TRANSPORT,Daloa,Côte d'Ivoire,2025-06-18,LOW
3747,Da Silva Huet et Fils,TELECOM,Korhogo,Côte d'Ivoire,2019-01-24,MEDIUM
3748,Noël,E_COMMERCE,Korhogo,Côte d'Ivoire,2011-12-09,LOW
3749,Fontaine,FUEL_STATION,San Pedro,Côte d'Ivoire,2016-03-04,MEDIUM
3750,Pruvost,E_COMMERCE,Abidjan,Côte d'Ivoire,2018-02-10,LOW
3751,Clément,PHARMACY,Man,Côte d'Ivoire,2012-08-04,LOW
3752,Bourdon,CLOTHING,Abidjan,Côte d'Ivoire,2018-02-08,LOW
3753,Moreau,PHARMACY,Daloa,Côte d'Ivoire,2026-04-03,MEDIUM
3754,Jacob,ELECTRONICS,Korhogo,Côte d'Ivoire,2019-02-17,MEDIUM
3755,Hubert S.A.,TELECOM,San Pedro,Côte d'Ivoire,2018-01-11,LOW
3756,Delmas Perret S.A.S.,TRANSPORT,Daloa,Côte d'Ivoire,2012-06-18,LOW
3757,David,SUPERMARKET,Daloa,Côte d'Ivoire,2020-10-15,LOW
3758,Michel,TRANSPORT,Bouake,Côte d'Ivoire,2021-12-06,LOW
3759,Charles,RESTAURANT,Abidjan,Côte d'Ivoire,2025-05-11,LOW
3760,Boulay Leroy SARL,HOTEL,Abidjan,Côte d'Ivoire,2023-12-03,LOW
3761,Launay,PHARMACY,Korhogo,Côte d'Ivoire,2024-11-20,LOW
3762,Nicolas S.A.S.,FUEL_STATION,Korhogo,Côte d'Ivoire,2018-03-06,LOW
3763,Joubert,E_COMMERCE,Bouake,Côte d'Ivoire,2019-06-18,LOW
3764,Baudry,SUPERMARKET,Bouake,Côte d'Ivoire,2023-10-24,LOW
3765,Goncalves,CLOTHING,Korhogo,Côte d'Ivoire,2018-01-23,LOW
3766,Vallet,TELECOM,Abidjan,Côte d'Ivoire,2015-08-18,LOW
3767,Garcia Guyot et Fils,RESTAURANT,Yamoussoukro,Côte d'Ivoire,2016-03-30,LOW
3768,Menard S.A.S.,HOTEL,Daloa,Côte d'Ivoire,2016-08-10,LOW
3769,Masse,TRANSPORT,Korhogo,Côte d'Ivoire,2018-04-15,LOW
3770,Chauvet SARL,TRANSPORT,Man,Côte d'Ivoire,2017-09-23,LOW
3771,Delmas,PHARMACY,Man,Côte d'Ivoire,2015-11-02,LOW
3772,Denis SARL,HOTEL,San Pedro,Côte d'Ivoire,2021-03-31,MEDIUM
3773,Aubry,ELECTRONICS,Abidjan,Côte d'Ivoire,2025-12-29,LOW
3774,Hebert Pinto SA,PHARMACY,Abidjan,Côte d'Ivoire,2019-01-22,LOW
3775,Turpin SA,TRANSPORT,San Pedro,Côte d'Ivoire,2017-09-05,LOW
3776,Diaz,SUPERMARKET,Yamoussoukro,Côte d'Ivoire,2025-12-09,LOW
3777,Lejeune Boyer S.A.S.,TELECOM,Abidjan,Côte d'Ivoire,2012-12-05,MEDIUM
3778,Bourdon,RESTAURANT,Man,Côte d'Ivoire,2020-12-15,LOW
3779,Andre,FUEL_STATION,Daloa,Côte d'Ivoire,2019-01-25,LOW
3780,Poirier Gosselin SARL,PHARMACY,Daloa,Côte d'Ivoire,2015-12-28,MEDIUM
3781,Rodriguez,ELECTRONICS,Korhogo,Côte d'Ivoire,2015-06-12,HIGH
3782,Caron Maurice et Fils,CLOTHING,Man,Côte d'Ivoire,2012-06-02,LOW
3783,Noël Bègue SA,HOTEL,San Pedro,Côte d'Ivoire,2014-09-16,MEDIUM
3784,Delorme,HOTEL,Yamoussoukro,Côte d'Ivoire,2016-12-21,LOW
3785,Lenoir et Fils,TRANSPORT,Abidjan,Côte d'Ivoire,2015-06-15,MEDIUM
3786,Delannoy SARL,TRANSPORT,Bouake,Côte d'Ivoire,2015-12-15,LOW
3787,Potier SARL,CLOTHING,Korhogo,Côte d'Ivoire,2020-10-08,LOW
3788,Brunel S.A.,PHARMACY,Korhogo,Côte d'Ivoire,2017-07-11,LOW
3789,Garnier S.A.S.,TELECOM,Abidjan,Côte d'Ivoire,2019-02-15,MEDIUM
3790,Gros SA,PHARMACY,Daloa,Côte d'Ivoire,2015-08-10,MEDIUM
3791,Germain Masse SARL,ELECTRONICS,Daloa,Côte d'Ivoire,2025-09-06,HIGH
3792,Guérin,RESTAURANT,San Pedro,Côte d'Ivoire,2022-06-30,LOW
3793,Carre,HOTEL,Bouake,Côte d'Ivoire,2014-01-04,MEDIUM
3794,Millet S.A.S.,PHARMACY,Abidjan,Côte d'Ivoire,2024-12-25,LOW
3795,Daniel,HOTEL,Yamoussoukro,Côte d'Ivoire,2018-07-09,LOW
3796,Lelièvre,PHARMACY,Man,Côte d'Ivoire,2016-07-30,MEDIUM
3797,Renard SARL,E_COMMERCE,San Pedro,Côte d'Ivoire,2012-05-02,HIGH
3798,Gérard,TELECOM,Man,Côte d'Ivoire,2021-08-19,MEDIUM
3799,Gautier S.A.S.,RESTAURANT,Korhogo,Côte d'Ivoire,2015-03-05,LOW
3800,Gros,HOTEL,Daloa,Côte d'Ivoire,2023-10-02,LOW
3801,Fabre,TRANSPORT,Daloa,Côte d'Ivoire,2018-01-08,LOW
3802,Descamps et Fils,PHARMACY,San Pedro,Côte d'Ivoire,2014-02-16,LOW
3803,Ledoux,CLOTHING,Yamoussoukro,Côte d'Ivoire,2022-08-15,LOW
3804,Garnier S.A.,TRANSPORT,Korhogo,Côte d'Ivoire,2021-03-12,LOW
3805,Tanguy,SUPERMARKET,Korhogo,Côte d'Ivoire,2024-01-17,HIGH
3806,Evrard SA,SUPERMARKET,Man,Côte d'Ivoire,2021-11-26,MEDIUM
3807,Delmas,ELECTRONICS,Abidjan,Côte d'Ivoire,2020-06-30,LOW
3808,Prévost,RESTAURANT,Yamoussoukro,Côte d'Ivoire,2016-02-26,LOW
3809,Bruneau Cousin S.A.,CLOTHING,San Pedro,Côte d'Ivoire,2017-03-02,MEDIUM
3810,Lecoq Étienne S.A.,FUEL_STATION,San Pedro,Côte d'Ivoire,2019-05-01,MEDIUM
3811,Bouvet,RESTAURANT,Yamoussoukro,Côte d'Ivoire,2013-07-16,LOW
3812,Hebert Peron S.A.R.L.,ELECTRONICS,Daloa,Côte d'Ivoire,2017-09-24,LOW
3813,Benard S.A.S.,RESTAURANT,Bouake,Côte d'Ivoire,2020-03-05,MEDIUM
3814,Étienne et Fils,TRANSPORT,Daloa,Côte d'Ivoire,2019-10-24,LOW
3815,Pons Humbert S.A.,TRANSPORT,Yamoussoukro,Côte d'Ivoire,2021-04-05,LOW
3816,Tanguy Moulin S.A.R.L.,HOTEL,Korhogo,Côte d'Ivoire,2023-01-16,LOW
3817,Seguin Bertin SARL,TELECOM,Abidjan,Côte d'Ivoire,2017-05-21,LOW
3818,Lemaire,SUPERMARKET,Korhogo,Côte d'Ivoire,2012-12-17,LOW
3819,De Oliveira,TELECOM,Bouake,Côte d'Ivoire,2020-03-02,LOW
3820,Bruneau Costa et Fils,HOTEL,Korhogo,Côte d'Ivoire,2026-07-28,LOW
3821,Arnaud De Sousa SA,CLOTHING,Daloa,Côte d'Ivoire,2014-05-31,LOW
3822,Humbert SARL,HOTEL,Daloa,Côte d'Ivoire,2024-08-06,LOW
3823,Bernier,TELECOM,Bouake,Côte d'Ivoire,2013-04-17,LOW
3824,Fontaine Perret SA,SUPERMARKET,Daloa,Côte d'Ivoire,2023-04-25,LOW
3825,Legrand Payet S.A.S.,E_COMMERCE,Yamoussoukro,Côte d'Ivoire,2026-04-28,LOW
3826,Briand,RESTAURANT,Bouake,Côte d'Ivoire,2017-08-08,LOW
3827,Maréchal Grenier S.A.S.,TRANSPORT,Abidjan,Côte d'Ivoire,2015-09-07,LOW
3828,Lemaire,TELECOM,Daloa,Côte d'Ivoire,2017-04-21,LOW
3829,Maury,FUEL_STATION,Man,Côte d'Ivoire,2021-12-06,MEDIUM
3830,Mace SA,PHARMACY,Daloa,Côte d'Ivoire,2012-10-30,LOW
3831,Pons,TRANSPORT,Yamoussoukro,Côte d'Ivoire,2018-07-13,HIGH
3832,Traore,E_COMMERCE,Bouake,Côte d'Ivoire,2025-10-11,LOW
3833,Charpentier,TRANSPORT,San Pedro,Côte d'Ivoire,2024-06-18,LOW
3834,Bonnin,PHARMACY,Man,Côte d'Ivoire,2013-11-12,LOW
3835,Ramos Gosselin S.A.S.,CLOTHING,San Pedro,Côte d'Ivoire,2025-07-11,MEDIUM
3836,Fernandes SA,ELECTRONICS,Daloa,Côte d'Ivoire,2021-09-03,MEDIUM
3837,Parent,FUEL_STATION,Abidjan,Côte d'Ivoire,2022-08-16,MEDIUM
3838,Gillet,CLOTHING,Korhogo,Côte d'Ivoire,2017-01-10,LOW
3839,Schmitt,HOTEL,Abidjan,Côte d'Ivoire,2020-03-24,LOW
3840,Leleu,TELECOM,Bouake,Côte d'Ivoire,2013-03-23,LOW
3841,Léger Teixeira SARL,HOTEL,Abidjan,Côte d'Ivoire,2012-05-25,MEDIUM
3842,Renault,TRANSPORT,Yamoussoukro,Côte d'Ivoire,2017-01-24,LOW
3843,Julien,SUPERMARKET,San Pedro,Côte d'Ivoire,2024-06-16,MEDIUM
3844,Meunier Dupont et Fils,PHARMACY,Man,Côte d'Ivoire,2024-01-05,LOW
3845,Perret Paul SARL,CLOTHING,Abidjan,Côte d'Ivoire,2021-05-11,LOW
3846,Perrin,FUEL_STATION,San Pedro,Côte d'Ivoire,2017-06-26,LOW
3847,Gaillard,PHARMACY,Korhogo,Côte d'Ivoire,2013-08-04,LOW
3848,Paris,HOTEL,Bouake,Côte d'Ivoire,2019-11-08,HIGH
3849,Hubert,CLOTHING,Abidjan,Côte d'Ivoire,2014-06-16,LOW
3850,Poirier,HOTEL,Abidjan,Côte d'Ivoire,2021-11-20,LOW
3851,Grondin et Fils,E_COMMERCE,Korhogo,Côte d'Ivoire,2016-04-25,MEDIUM
3852,Pereira Leclerc S.A.S.,RESTAURANT,Man,Côte d'Ivoire,2025-11-05,LOW
3853,Leroy Joseph SA,TELECOM,San Pedro,Côte d'Ivoire,2020-10-04,LOW
3854,Robert Camus SA,HOTEL,Daloa,Côte d'Ivoire,2017-11-11,LOW
3855,Carre Masse S.A.R.L.,ELECTRONICS,Daloa,Côte d'Ivoire,2024-01-12,LOW
3856,Dijoux,PHARMACY,San Pedro,Côte d'Ivoire,2013-09-21,LOW
3857,Collet,PHARMACY,Korhogo,Côte d'Ivoire,2013-06-10,LOW
3858,Hebert S.A.R.L.,ELECTRONICS,San Pedro,Côte d'Ivoire,2019-12-19,LOW
3859,Fernandez,TRANSPORT,Man,Côte d'Ivoire,2026-04-13,LOW
3860,Lopes Foucher et Fils,CLOTHING,Daloa,Côte d'Ivoire,2013-07-22,LOW
3861,Chevalier,RESTAURANT,Daloa,Côte d'Ivoire,2024-03-27,MEDIUM
3862,Petitjean Sanchez SARL,RESTAURANT,Man,Côte d'Ivoire,2014-03-29,LOW
3863,Baron,TRANSPORT,Abidjan,Côte d'Ivoire,2019-04-16,LOW
3864,Munoz et Fils,CLOTHING,Korhogo,Côte d'Ivoire,2016-12-06,LOW
3865,Lesage SA,TELECOM,Korhogo,Côte d'Ivoire,2023-07-28,LOW
3866,Aubert,SUPERMARKET,Man,Côte d'Ivoire,2025-11-21,LOW
3867,Couturier et Fils,TRANSPORT,Bouake,Côte d'Ivoire,2011-09-17,LOW
3868,Dos Santos Coste S.A.R.L.,TELECOM,Korhogo,Côte d'Ivoire,2026-05-31,LOW
3869,Maillet Pierre SARL,FUEL_STATION,Daloa,Côte d'Ivoire,2019-07-29,LOW
3870,Vallée Lemoine et Fils,RESTAURANT,Yamoussoukro,Côte d'Ivoire,2020-01-10,HIGH
3871,Payet,TELECOM,San Pedro,Côte d'Ivoire,2014-12-14,MEDIUM
3872,Blondel et Fils,TRANSPORT,Abidjan,Côte d'Ivoire,2024-04-28,MEDIUM
3873,Bernard Gay SA,FUEL_STATION,Korhogo,Côte d'Ivoire,2019-12-04,LOW
3874,Lacombe Colin SA,E_COMMERCE,Yamoussoukro,Côte d'Ivoire,2018-09-09,MEDIUM
3875,Bonneau,TRANSPORT,Man,Côte d'Ivoire,2018-01-17,LOW
3876,Diaz Lévêque S.A.R.L.,TRANSPORT,Abidjan,Côte d'Ivoire,2020-08-07,LOW
3877,Ribeiro Grondin SARL,PHARMACY,Daloa,Côte d'Ivoire,2022-12-09,LOW
3878,Camus,ELECTRONICS,Daloa,Côte d'Ivoire,2025-02-16,MEDIUM
3879,Joseph,HOTEL,Yamoussoukro,Côte d'Ivoire,2017-08-26,LOW
3880,Collet,CLOTHING,San Pedro,Côte d'Ivoire,2013-03-20,LOW
3881,Marie Faivre SARL,TRANSPORT,Bouake,Côte d'Ivoire,2018-09-18,LOW
3882,Germain,TRANSPORT,Daloa,Côte d'Ivoire,2015-10-14,LOW
3883,Ferreira,CLOTHING,San Pedro,Côte d'Ivoire,2014-07-28,LOW
3884,Julien,TRANSPORT,Man,Côte d'Ivoire,2022-10-24,LOW
3885,Perrot et Fils,HOTEL,Korhogo,Côte d'Ivoire,2018-05-07,LOW
3886,Becker Guillet S.A.R.L.,FUEL_STATION,Abidjan,Côte d'Ivoire,2021-10-19,MEDIUM
3887,Torres,PHARMACY,Korhogo,Côte d'Ivoire,2015-07-28,LOW
3888,Charpentier SARL,CLOTHING,Daloa,Côte d'Ivoire,2020-03-17,LOW
3889,Lejeune Bonnet S.A.S.,E_COMMERCE,Daloa,Côte d'Ivoire,2024-09-14,LOW
3890,Bertin,HOTEL,Bouake,Côte d'Ivoire,2023-01-22,LOW
3891,Bouchet,SUPERMARKET,San Pedro,Côte d'Ivoire,2018-03-26,LOW
3892,Lamy,CLOTHING,Bouake,Côte d'Ivoire,2018-05-11,LOW
3893,Vincent,ELECTRONICS,Abidjan,Côte d'Ivoire,2016-02-21,LOW
3894,Petitjean,SUPERMARKET,Man,Côte d'Ivoire,2015-04-20,MEDIUM
3895,Bousquet,TELECOM,Man,Côte d'Ivoire,2025-07-02,LOW
3896,Le Gall S.A.R.L.,HOTEL,Bouake,Côte d'Ivoire,2018-07-19,LOW
3897,Baudry Brun S.A.S.,FUEL_STATION,Yamoussoukro,Côte d'Ivoire,2015-01-31,LOW
3898,Bonneau S.A.S.,FUEL_STATION,Man,Côte d'Ivoire,2017-03-08,MEDIUM
3899,Texier Gimenez SA,TRANSPORT,Daloa,Côte d'Ivoire,2023-11-11,LOW
3900,Gillet SA,SUPERMARKET,Yamoussoukro,Côte d'Ivoire,2024-11-07,LOW
3901,Benard,PHARMACY,Man,Côte d'Ivoire,2024-08-14,LOW
3902,Bègue SA,CLOTHING,Daloa,Côte d'Ivoire,2020-05-25,LOW
3903,Étienne Regnier S.A.,TELECOM,Korhogo,Côte d'Ivoire,2014-03-31,LOW
3904,Wagner,PHARMACY,Yamoussoukro,Côte d'Ivoire,2015-06-24,LOW
3905,Renard,PHARMACY,Abidjan,Côte d'Ivoire,2017-12-08,LOW
3906,Pasquier,HOTEL,Daloa,Côte d'Ivoire,2015-03-30,LOW
3907,Richard Da Silva SA,RESTAURANT,San Pedro,Côte d'Ivoire,2024-06-03,MEDIUM
3908,Charrier S.A.R.L.,TRANSPORT,Abidjan,Côte d'Ivoire,2025-01-14,LOW
3909,Dupont,RESTAURANT,Bouake,Côte d'Ivoire,2014-03-31,LOW
3910,Hernandez,TRANSPORT,Yamoussoukro,Côte d'Ivoire,2011-12-27,LOW
3911,Lefort Leleu et Fils,TELECOM,Daloa,Côte d'Ivoire,2015-10-13,LOW
3912,Maillard et Fils,E_COMMERCE,Abidjan,Côte d'Ivoire,2013-09-05,MEDIUM
3913,Bègue,CLOTHING,Man,Côte d'Ivoire,2018-05-24,LOW
3914,Traore Dupuy SA,SUPERMARKET,Abidjan,Côte d'Ivoire,2012-11-16,HIGH
3915,Bodin et Fils,HOTEL,San Pedro,Côte d'Ivoire,2023-07-18,HIGH
3916,Lefebvre,CLOTHING,Korhogo,Côte d'Ivoire,2011-10-29,LOW
3917,Gauthier Guyon S.A.S.,ELECTRONICS,Man,Côte d'Ivoire,2025-01-22,LOW
3918,Leclercq,RESTAURANT,Bouake,Côte d'Ivoire,2025-09-20,LOW
3919,Breton,ELECTRONICS,Abidjan,Côte d'Ivoire,2018-10-22,LOW
3920,Hernandez SARL,PHARMACY,Bouake,Côte d'Ivoire,2019-05-20,MEDIUM
3921,Roussel Aubry et Fils,RESTAURANT,Bouake,Côte d'Ivoire,2021-05-18,LOW
3922,Mallet,PHARMACY,Bouake,Côte d'Ivoire,2016-07-12,LOW
3923,Morin,PHARMACY,Yamoussoukro,Côte d'Ivoire,2015-05-11,LOW
3924,Guilbert,FUEL_STATION,Abidjan,Côte d'Ivoire,2016-04-24,LOW
3925,Jacquet,ELECTRONICS,Man,Côte d'Ivoire,2023-07-14,LOW
3926,Weber Durand S.A.R.L.,TELECOM,San Pedro,Côte d'Ivoire,2023-12-14,LOW
3927,Guichard,TRANSPORT,Bouake,Côte d'Ivoire,2024-07-20,LOW
3928,Sauvage S.A.,FUEL_STATION,Man,Côte d'Ivoire,2021-05-28,MEDIUM
3929,Chauvin S.A.,E_COMMERCE,San Pedro,Côte d'Ivoire,2019-03-08,LOW
3930,Martel,CLOTHING,Yamoussoukro,Côte d'Ivoire,2021-02-26,LOW
3931,Weiss SARL,FUEL_STATION,Man,Côte d'Ivoire,2017-03-25,LOW
3932,Lombard Perez SA,TELECOM,San Pedro,Côte d'Ivoire,2021-02-12,LOW
3933,Guillaume Camus S.A.S.,E_COMMERCE,Daloa,Côte d'Ivoire,2015-10-30,LOW
3934,Blanchard S.A.R.L.,RESTAURANT,Korhogo,Côte d'Ivoire,2022-01-23,LOW
3935,Barbe,FUEL_STATION,Korhogo,Côte d'Ivoire,2023-11-16,LOW
3936,Lopez Gosselin S.A.R.L.,RESTAURANT,San Pedro,Côte d'Ivoire,2015-11-12,LOW
3937,Langlois,SUPERMARKET,Korhogo,Côte d'Ivoire,2024-03-04,LOW
3938,Fernandes,TRANSPORT,Yamoussoukro,Côte d'Ivoire,2012-03-12,LOW
3939,Lagarde,ELECTRONICS,Yamoussoukro,Côte d'Ivoire,2021-03-11,LOW
3940,Thomas,RESTAURANT,Bouake,Côte d'Ivoire,2016-02-20,MEDIUM
3941,Faivre Guilbert S.A.R.L.,TRANSPORT,Daloa,Côte d'Ivoire,2020-11-09,LOW
3942,Bouvier,FUEL_STATION,Abidjan,Côte d'Ivoire,2022-09-01,LOW
3943,Lebrun Pinto et Fils,HOTEL,Yamoussoukro,Côte d'Ivoire,2019-10-17,LOW
3944,Duval S.A.R.L.,HOTEL,Abidjan,Côte d'Ivoire,2023-06-22,LOW
3945,Mallet S.A.,SUPERMARKET,Man,Côte d'Ivoire,2024-06-14,LOW
3946,Renard S.A.S.,TELECOM,Korhogo,Côte d'Ivoire,2024-04-20,MEDIUM
3947,Brun S.A.,FUEL_STATION,Korhogo,Côte d'Ivoire,2019-01-08,LOW
3948,Morel S.A.R.L.,E_COMMERCE,Korhogo,Côte d'Ivoire,2019-12-31,LOW
3949,Toussaint Hardy S.A.R.L.,FUEL_STATION,Abidjan,Côte d'Ivoire,2013-12-15,LOW
3950,Alexandre,CLOTHING,Daloa,Côte d'Ivoire,2011-09-25,MEDIUM
3951,Lemaire,RESTAURANT,Korhogo,Côte d'Ivoire,2018-12-25,MEDIUM
3952,Fouquet,TRANSPORT,Man,Côte d'Ivoire,2026-07-20,MEDIUM
3953,Barbe,HOTEL,Daloa,Côte d'Ivoire,2017-01-22,LOW
3954,Thibault,FUEL_STATION,Abidjan,Côte d'Ivoire,2022-08-21,MEDIUM
3955,Blanchard Charpentier S.A.S.,TELECOM,Abidjan,Côte d'Ivoire,2023-03-25,HIGH
3956,Bonneau Delannoy SARL,TRANSPORT,Abidjan,Côte d'Ivoire,2020-05-30,LOW
3957,Georges,PHARMACY,Korhogo,Côte d'Ivoire,2019-06-14,LOW
3958,Rémy Letellier et Fils,TRANSPORT,Bouake,Côte d'Ivoire,2026-01-28,LOW
3959,Gaillard Hardy et Fils,E_COMMERCE,Abidjan,Côte d'Ivoire,2025-09-07,LOW
3960,Dubois,CLOTHING,Abidjan,Côte d'Ivoire,2016-12-24,MEDIUM
3961,Colin,E_COMMERCE,Bouake,Côte d'Ivoire,2014-02-18,MEDIUM
3962,Mercier,TRANSPORT,Abidjan,Côte d'Ivoire,2011-09-02,MEDIUM
3963,Boutin,ELECTRONICS,Abidjan,Côte d'Ivoire,2014-10-08,LOW
3964,Lemonnier Gauthier S.A.S.,SUPERMARKET,Abidjan,Côte d'Ivoire,2019-05-18,LOW
3965,Gauthier,TRANSPORT,Man,Côte d'Ivoire,2012-08-12,LOW
3966,Valentin,HOTEL,Daloa,Côte d'Ivoire,2014-03-28,LOW
3967,Marty et Fils,RESTAURANT,Korhogo,Côte d'Ivoire,2021-02-01,MEDIUM
3968,Barre Techer SA,TELECOM,Korhogo,Côte d'Ivoire,2014-11-08,LOW
3969,Jacquet,E_COMMERCE,Man,Côte d'Ivoire,2025-07-15,HIGH
3970,Mary,TELECOM,Daloa,Côte d'Ivoire,2023-12-25,LOW
3971,Tessier,RESTAURANT,Daloa,Côte d'Ivoire,2022-03-14,LOW
3972,Adam,CLOTHING,Abidjan,Côte d'Ivoire,2021-02-13,LOW
3973,Garnier Allain S.A.,SUPERMARKET,Daloa,Côte d'Ivoire,2013-04-29,LOW
3974,Guyot Colin SARL,RESTAURANT,Yamoussoukro,Côte d'Ivoire,2021-03-01,MEDIUM
3975,Marchand S.A.S.,TRANSPORT,Bouake,Côte d'Ivoire,2021-07-26,LOW
3976,Rémy,FUEL_STATION,Man,Côte d'Ivoire,2021-05-15,MEDIUM
3977,Gallet,HOTEL,Daloa,Côte d'Ivoire,2026-05-26,MEDIUM
3978,Lacroix,SUPERMARKET,Man,Côte d'Ivoire,2014-06-08,MEDIUM
3979,Grondin S.A.,E_COMMERCE,Daloa,Côte d'Ivoire,2013-02-16,LOW
3980,Meunier Gaillard S.A.R.L.,SUPERMARKET,Yamoussoukro,Côte d'Ivoire,2026-06-15,LOW
3981,Breton SA,HOTEL,Man,Côte d'Ivoire,2012-06-18,LOW
3982,Gros Besnard S.A.R.L.,TRANSPORT,Yamoussoukro,Côte d'Ivoire,2022-11-20,LOW
3983,Millet,PHARMACY,Korhogo,Côte d'Ivoire,2016-09-21,LOW
3984,Guillot S.A.S.,PHARMACY,Yamoussoukro,Côte d'Ivoire,2018-04-07,MEDIUM
3985,Becker,CLOTHING,Daloa,Côte d'Ivoire,2018-02-18,HIGH
3986,Monnier,TRANSPORT,Man,Côte d'Ivoire,2016-11-17,LOW
3987,Laporte,RESTAURANT,Korhogo,Côte d'Ivoire,2012-11-26,LOW
3988,Brun Couturier SARL,CLOTHING,San Pedro,Côte d'Ivoire,2023-09-05,LOW
3989,Nguyen Vaillant S.A.R.L.,E_COMMERCE,Yamoussoukro,Côte d'Ivoire,2019-11-30,MEDIUM
3990,Pottier,TELECOM,Bouake,Côte d'Ivoire,2013-08-15,LOW
3991,Gilles,E_COMMERCE,Man,Côte d'Ivoire,2017-07-01,LOW
3992,Laurent Poulain S.A.R.L.,ELECTRONICS,Daloa,Côte d'Ivoire,2024-09-08,MEDIUM
3993,Petitjean,FUEL_STATION,Man,Côte d'Ivoire,2018-10-16,LOW
3994,Chauvet Vaillant S.A.,TELECOM,Abidjan,Côte d'Ivoire,2018-01-30,LOW
3995,Colin,FUEL_STATION,San Pedro,Côte d'Ivoire,2024-04-17,MEDIUM
3996,Pierre S.A.R.L.,FUEL_STATION,San Pedro,Côte d'Ivoire,2017-09-19,LOW
3997,Thomas Coste SARL,FUEL_STATION,Daloa,Côte d'Ivoire,2017-02-28,LOW
3998,Tessier SARL,ELECTRONICS,Korhogo,Côte d'Ivoire,2020-02-17,MEDIUM
3999,Seguin SARL,E_COMMERCE,Man,Côte d'Ivoire,2012-02-23,LOW
4000,Clerc,PHARMACY,Daloa,Côte d'Ivoire,2019-09-20,LOW
4001,Bertrand,PHARMACY,Bouake,Côte d'Ivoire,2023-05-29,MEDIUM
4002,Paris,TRANSPORT,San Pedro,Côte d'Ivoire,2022-03-19,MEDIUM
4003,Masse SA,ELECTRONICS,Bouake,Côte d'Ivoire,2026-04-05,MEDIUM
4004,Raynaud,FUEL_STATION,Abidjan,Côte d'Ivoire,2022-05-01,LOW
4005,Marin,PHARMACY,Man,Côte d'Ivoire,2014-07-13,LOW
4006,Bouvet,CLOTHING,Man,Côte d'Ivoire,2026-06-17,LOW
4007,Morel SARL,TELECOM,Abidjan,Côte d'Ivoire,2012-01-25,MEDIUM
4008,Munoz Guyon S.A.,FUEL_STATION,Abidjan,Côte d'Ivoire,2026-05-23,MEDIUM
4009,Perez Humbert SA,PHARMACY,Yamoussoukro,Côte d'Ivoire,2012-07-12,LOW
4010,Diaz,ELECTRONICS,San Pedro,Côte d'Ivoire,2023-08-31,LOW
4011,Bouvier SA,RESTAURANT,Korhogo,Côte d'Ivoire,2026-03-03,LOW
4012,Leclercq,TRANSPORT,Bouake,Côte d'Ivoire,2022-09-20,LOW
4013,Le Roux et Fils,ELECTRONICS,San Pedro,Côte d'Ivoire,2026-01-02,LOW
4014,Lacombe,SUPERMARKET,San Pedro,Côte d'Ivoire,2014-06-15,LOW
4015,Blondel,RESTAURANT,Abidjan,Côte d'Ivoire,2011-10-26,LOW
4016,Delattre,TRANSPORT,Bouake,Côte d'Ivoire,2025-10-29,LOW
4017,François S.A.,TRANSPORT,Bouake,Côte d'Ivoire,2025-08-11,LOW
4018,Chauveau Da Costa SA,ELECTRONICS,Korhogo,Côte d'Ivoire,2014-07-06,LOW
4019,Bertrand,TRANSPORT,Abidjan,Côte d'Ivoire,2016-04-06,LOW
4020,Lagarde Bodin S.A.R.L.,FUEL_STATION,Abidjan,Côte d'Ivoire,2014-07-08,LOW
4021,Langlois SARL,SUPERMARKET,Abidjan,Côte d'Ivoire,2021-02-10,LOW
4022,Lemaire,FUEL_STATION,Abidjan,Côte d'Ivoire,2017-05-20,LOW
4023,Duhamel,E_COMMERCE,Bouake,Côte d'Ivoire,2025-10-19,MEDIUM
4024,Moreno S.A.R.L.,TRANSPORT,San Pedro,Côte d'Ivoire,2013-01-27,LOW
4025,Robin S.A.,FUEL_STATION,Man,Côte d'Ivoire,2023-12-27,MEDIUM
4026,Lemoine SARL,E_COMMERCE,San Pedro,Côte d'Ivoire,2021-08-19,LOW
4027,Gosselin S.A.,FUEL_STATION,Yamoussoukro,Côte d'Ivoire,2024-12-29,LOW
4028,Carpentier et Fils,CLOTHING,Yamoussoukro,Côte d'Ivoire,2017-12-12,MEDIUM
4029,Faure,RESTAURANT,Bouake,Côte d'Ivoire,2026-07-01,LOW
4030,Le Gall Bazin et Fils,CLOTHING,San Pedro,Côte d'Ivoire,2026-04-14,MEDIUM
4031,Letellier Faivre et Fils,FUEL_STATION,Bouake,Côte d'Ivoire,2013-10-31,LOW
4032,Vincent,RESTAURANT,Bouake,Côte d'Ivoire,2018-01-10,LOW
4033,Colin,TELECOM,Bouake,Côte d'Ivoire,2016-04-27,HIGH
4034,Moreno Gomes S.A.R.L.,TELECOM,San Pedro,Côte d'Ivoire,2015-06-03,LOW
4035,Maillard Bourgeois S.A.,PHARMACY,Yamoussoukro,Côte d'Ivoire,2016-08-04,MEDIUM
4036,Rocher,PHARMACY,Man,Côte d'Ivoire,2019-01-20,MEDIUM
4037,Morin,SUPERMARKET,Korhogo,Côte d'Ivoire,2019-11-29,LOW
4038,Delorme,TELECOM,Korhogo,Côte d'Ivoire,2017-10-05,LOW
4039,Leleu,FUEL_STATION,San Pedro,Côte d'Ivoire,2022-06-30,LOW
4040,Lefort,SUPERMARKET,Korhogo,Côte d'Ivoire,2023-04-07,LOW
4041,Da Silva Mary S.A.R.L.,E_COMMERCE,Daloa,Côte d'Ivoire,2014-03-23,LOW
4042,Boutin Gay SARL,ELECTRONICS,Bouake,Côte d'Ivoire,2022-07-26,MEDIUM
4043,Guillaume,RESTAURANT,Abidjan,Côte d'Ivoire,2017-05-25,LOW
4044,Robin,HOTEL,San Pedro,Côte d'Ivoire,2020-04-22,LOW
4045,Poirier Carpentier S.A.R.L.,HOTEL,Korhogo,Côte d'Ivoire,2016-01-05,LOW
4046,Ferreira S.A.S.,TELECOM,Yamoussoukro,Côte d'Ivoire,2022-10-10,LOW
4047,Ollivier Joly S.A.R.L.,SUPERMARKET,Daloa,Côte d'Ivoire,2021-07-23,LOW
4048,Guichard,HOTEL,Korhogo,Côte d'Ivoire,2021-03-02,MEDIUM
4049,Delmas,CLOTHING,San Pedro,Côte d'Ivoire,2021-08-02,LOW
4050,Breton et Fils,ELECTRONICS,Man,Côte d'Ivoire,2013-05-10,LOW
4051,Petit,PHARMACY,San Pedro,Côte d'Ivoire,2014-04-11,MEDIUM
4052,Ollivier,PHARMACY,Yamoussoukro,Côte d'Ivoire,2017-04-08,LOW
4053,Jourdan,FUEL_STATION,Korhogo,Côte d'Ivoire,2013-04-12,MEDIUM
4054,Pelletier Schneider S.A.,TRANSPORT,Yamoussoukro,Côte d'Ivoire,2019-07-08,LOW
4055,Chrétien Simon S.A.R.L.,RESTAURANT,Bouake,Côte d'Ivoire,2025-05-05,MEDIUM
4056,Allain,TRANSPORT,Man,Côte d'Ivoire,2021-05-16,LOW
4057,Foucher,E_COMMERCE,Man,Côte d'Ivoire,2018-05-15,LOW
4058,Berger,TELECOM,Korhogo,Côte d'Ivoire,2015-11-15,LOW
4059,Brunel,HOTEL,Yamoussoukro,Côte d'Ivoire,2017-04-28,LOW
4060,Potier,TRANSPORT,Yamoussoukro,Côte d'Ivoire,2018-05-26,LOW
4061,Fournier,SUPERMARKET,Korhogo,Côte d'Ivoire,2026-07-03,LOW
4062,Ledoux Guillou SA,HOTEL,Daloa,Côte d'Ivoire,2018-09-26,LOW
4063,Becker,TRANSPORT,Daloa,Côte d'Ivoire,2016-02-27,LOW
4064,Allain,HOTEL,Yamoussoukro,Côte d'Ivoire,2012-01-23,LOW
4065,Blanchet Brun SARL,SUPERMARKET,San Pedro,Côte d'Ivoire,2021-09-23,MEDIUM
4066,Duhamel Hamel S.A.,PHARMACY,San Pedro,Côte d'Ivoire,2013-10-14,LOW
4067,Vincent,ELECTRONICS,Yamoussoukro,Côte d'Ivoire,2013-02-10,LOW
4068,Gosselin,PHARMACY,Yamoussoukro,Côte d'Ivoire,2013-12-25,LOW
4069,Albert,RESTAURANT,Daloa,Côte d'Ivoire,2018-04-24,LOW
4070,Jacques Martin et Fils,TELECOM,Abidjan,Côte d'Ivoire,2014-01-31,LOW
4071,Giraud Hernandez SARL,CLOTHING,Abidjan,Côte d'Ivoire,2012-12-10,LOW
4072,Huet Martins S.A.R.L.,E_COMMERCE,Abidjan,Côte d'Ivoire,2013-02-09,LOW
4073,Brunet Pottier S.A.S.,SUPERMARKET,Abidjan,Côte d'Ivoire,2025-12-17,LOW
4074,Thomas,HOTEL,Yamoussoukro,Côte d'Ivoire,2019-09-12,MEDIUM
4075,Barre Roussel S.A.R.L.,ELECTRONICS,Man,Côte d'Ivoire,2020-12-05,HIGH
4076,Rocher,ELECTRONICS,Bouake,Côte d'Ivoire,2015-03-11,HIGH
4077,Laroche,E_COMMERCE,Bouake,Côte d'Ivoire,2017-12-23,HIGH
4078,Munoz,FUEL_STATION,San Pedro,Côte d'Ivoire,2015-09-15,LOW
4079,Chevallier S.A.,RESTAURANT,Yamoussoukro,Côte d'Ivoire,2016-12-28,LOW
4080,Alexandre Leleu SARL,TELECOM,Yamoussoukro,Côte d'Ivoire,2016-05-23,LOW
4081,Godard,TRANSPORT,San Pedro,Côte d'Ivoire,2018-04-11,LOW
4082,Perrot S.A.R.L.,RESTAURANT,Yamoussoukro,Côte d'Ivoire,2022-12-21,MEDIUM
4083,Louis S.A.S.,CLOTHING,Yamoussoukro,Côte d'Ivoire,2014-08-10,LOW
4084,Tessier Étienne SARL,TRANSPORT,Man,Côte d'Ivoire,2020-02-08,MEDIUM
4085,Bourdon S.A.S.,CLOTHING,Bouake,Côte d'Ivoire,2024-05-12,LOW
4086,Garnier,FUEL_STATION,Yamoussoukro,Côte d'Ivoire,2022-07-23,LOW
4087,Dos Santos Didier S.A.,ELECTRONICS,Bouake,Côte d'Ivoire,2012-04-29,LOW
4088,Hernandez Gay SA,RESTAURANT,Yamoussoukro,Côte d'Ivoire,2017-05-09,LOW
4089,Guibert,TELECOM,Korhogo,Côte d'Ivoire,2014-08-20,LOW
4090,Fernandes,TRANSPORT,Abidjan,Côte d'Ivoire,2016-06-03,LOW
4091,Chevallier,TELECOM,Man,Côte d'Ivoire,2023-01-23,LOW
4092,Fontaine,HOTEL,San Pedro,Côte d'Ivoire,2016-01-06,LOW
4093,Colin,TELECOM,San Pedro,Côte d'Ivoire,2014-05-11,HIGH
4094,Normand,TELECOM,Abidjan,Côte d'Ivoire,2020-05-17,MEDIUM
4095,Turpin SA,SUPERMARKET,Daloa,Côte d'Ivoire,2017-06-19,LOW
4096,Bègue S.A.R.L.,PHARMACY,Korhogo,Côte d'Ivoire,2025-03-31,MEDIUM
4097,Renard SARL,FUEL_STATION,Korhogo,Côte d'Ivoire,2013-10-06,LOW
4098,Torres,PHARMACY,Korhogo,Côte d'Ivoire,2019-04-24,LOW
4099,Vallée et Fils,CLOTHING,Yamoussoukro,Côte d'Ivoire,2022-12-23,LOW
4100,Briand,TRANSPORT,Bouake,Côte d'Ivoire,2024-09-12,LOW
4101,Bailly S.A.R.L.,SUPERMARKET,San Pedro,Côte d'Ivoire,2015-12-23,MEDIUM
4102,Texier S.A.R.L.,ELECTRONICS,San Pedro,Côte d'Ivoire,2020-02-12,MEDIUM
4103,Valette,RESTAURANT,Abidjan,Côte d'Ivoire,2019-08-19,LOW
4104,Joubert,RESTAURANT,Yamoussoukro,Côte d'Ivoire,2017-10-13,LOW
4105,Colin S.A.R.L.,E_COMMERCE,Korhogo,Côte d'Ivoire,2020-08-14,LOW
4106,Parent,HOTEL,Daloa,Côte d'Ivoire,2012-12-08,LOW
4107,Robert Marques et Fils,CLOTHING,Man,Côte d'Ivoire,2021-08-13,LOW
4108,Philippe,SUPERMARKET,Man,Côte d'Ivoire,2020-05-02,LOW
4109,Gay,PHARMACY,Korhogo,Côte d'Ivoire,2012-05-26,MEDIUM
4110,Carre,TELECOM,Bouake,Côte d'Ivoire,2012-04-02,LOW
4111,Camus S.A.R.L.,PHARMACY,Yamoussoukro,Côte d'Ivoire,2017-10-27,LOW
4112,Joseph et Fils,SUPERMARKET,Daloa,Côte d'Ivoire,2017-11-09,LOW
4113,Lamy,FUEL_STATION,Abidjan,Côte d'Ivoire,2017-04-25,LOW
4114,Gosselin,PHARMACY,Korhogo,Côte d'Ivoire,2025-07-06,MEDIUM
4115,Allard SARL,ELECTRONICS,Abidjan,Côte d'Ivoire,2014-08-13,LOW
4116,Hamon,RESTAURANT,San Pedro,Côte d'Ivoire,2018-09-02,LOW
4117,Cohen SARL,ELECTRONICS,San Pedro,Côte d'Ivoire,2016-08-21,LOW
4118,Godard SA,RESTAURANT,Yamoussoukro,Côte d'Ivoire,2017-08-26,LOW
4119,Rossi et Fils,PHARMACY,Daloa,Côte d'Ivoire,2018-04-25,LOW
4120,Roger Clément S.A.S.,ELECTRONICS,Yamoussoukro,Côte d'Ivoire,2013-03-08,MEDIUM
4121,Petitjean Rodrigues et Fils,TELECOM,Daloa,Côte d'Ivoire,2019-12-21,LOW
4122,Paris,RESTAURANT,San Pedro,Côte d'Ivoire,2017-06-14,LOW
4123,Lagarde,SUPERMARKET,Bouake,Côte d'Ivoire,2022-01-28,LOW
4124,Peron Hardy S.A.S.,FUEL_STATION,Bouake,Côte d'Ivoire,2019-05-17,LOW
4125,Garnier SARL,ELECTRONICS,Bouake,Côte d'Ivoire,2017-12-01,LOW
4126,Caron S.A.S.,E_COMMERCE,Yamoussoukro,Côte d'Ivoire,2023-11-21,LOW
4127,Weber S.A.S.,CLOTHING,San Pedro,Côte d'Ivoire,2023-12-01,LOW
4128,Marques et Fils,E_COMMERCE,San Pedro,Côte d'Ivoire,2024-04-27,LOW
4129,Briand,RESTAURANT,San Pedro,Côte d'Ivoire,2018-05-24,LOW
4130,Gonzalez et Fils,TRANSPORT,Bouake,Côte d'Ivoire,2015-12-12,LOW
4131,Lesage SA,TELECOM,Abidjan,Côte d'Ivoire,2025-01-28,LOW
4132,Masse Bertin SARL,SUPERMARKET,Korhogo,Côte d'Ivoire,2022-01-18,LOW
4133,Lemonnier Girard SARL,CLOTHING,San Pedro,Côte d'Ivoire,2021-04-30,LOW
4134,Fabre,HOTEL,Bouake,Côte d'Ivoire,2024-07-07,LOW
4135,Paris,TELECOM,Yamoussoukro,Côte d'Ivoire,2024-04-12,LOW
4136,Baron Charrier et Fils,PHARMACY,Yamoussoukro,Côte d'Ivoire,2012-05-09,LOW
4137,Arnaud,ELECTRONICS,Bouake,Côte d'Ivoire,2023-02-11,LOW
4138,Maillard,ELECTRONICS,San Pedro,Côte d'Ivoire,2011-08-30,LOW
4139,Guillaume,PHARMACY,Man,Côte d'Ivoire,2011-11-23,LOW
4140,Descamps,CLOTHING,Yamoussoukro,Côte d'Ivoire,2013-10-13,LOW
4141,Da Costa,PHARMACY,Yamoussoukro,Côte d'Ivoire,2019-06-11,MEDIUM
4142,Pereira,E_COMMERCE,San Pedro,Côte d'Ivoire,2015-05-05,LOW
4143,Moreau Lacombe SARL,TELECOM,San Pedro,Côte d'Ivoire,2015-05-03,HIGH
4144,Raymond SARL,CLOTHING,Man,Côte d'Ivoire,2023-12-18,LOW
4145,Pruvost,ELECTRONICS,Daloa,Côte d'Ivoire,2018-09-25,LOW
4146,Allard,E_COMMERCE,Bouake,Côte d'Ivoire,2018-03-12,LOW
4147,Pascal,CLOTHING,Korhogo,Côte d'Ivoire,2011-10-16,LOW
4148,Leblanc,CLOTHING,Daloa,Côte d'Ivoire,2017-01-05,LOW
4149,Hebert,SUPERMARKET,Abidjan,Côte d'Ivoire,2014-02-27,MEDIUM
4150,Bernier,PHARMACY,Bouake,Côte d'Ivoire,2020-01-24,LOW
4151,Rossi Rocher S.A.,RESTAURANT,San Pedro,Côte d'Ivoire,2023-01-09,MEDIUM
4152,Adam,TELECOM,Yamoussoukro,Côte d'Ivoire,2018-06-06,MEDIUM
4153,Peltier S.A.S.,FUEL_STATION,Abidjan,Côte d'Ivoire,2012-11-29,MEDIUM
4154,Guilbert,PHARMACY,Man,Côte d'Ivoire,2017-06-13,MEDIUM
4155,Guillaume et Fils,TRANSPORT,Abidjan,Côte d'Ivoire,2020-08-01,LOW
4156,Bailly,E_COMMERCE,Abidjan,Côte d'Ivoire,2016-07-16,LOW
4157,Sauvage,RESTAURANT,San Pedro,Côte d'Ivoire,2023-01-19,MEDIUM
4158,Martinez,CLOTHING,Man,Côte d'Ivoire,2014-03-24,MEDIUM
4159,Ferrand Benard S.A.S.,PHARMACY,Yamoussoukro,Côte d'Ivoire,2018-12-01,LOW
4160,Salmon,TELECOM,San Pedro,Côte d'Ivoire,2011-12-22,LOW
4161,Berthelot,CLOTHING,Korhogo,Côte d'Ivoire,2024-03-26,LOW
4162,Huet,E_COMMERCE,San Pedro,Côte d'Ivoire,2017-12-16,LOW
4163,Hoareau Seguin SA,E_COMMERCE,Bouake,Côte d'Ivoire,2013-03-23,LOW
4164,Carpentier,PHARMACY,San Pedro,Côte d'Ivoire,2015-03-04,MEDIUM
4165,Masse SARL,FUEL_STATION,Abidjan,Côte d'Ivoire,2014-08-12,LOW
4166,Gosselin Merle et Fils,RESTAURANT,Bouake,Côte d'Ivoire,2018-05-26,LOW
4167,Benard,PHARMACY,Abidjan,Côte d'Ivoire,2024-05-10,LOW
4168,Humbert Joseph SARL,TRANSPORT,Korhogo,Côte d'Ivoire,2017-01-03,LOW
4169,Lombard,RESTAURANT,Yamoussoukro,Côte d'Ivoire,2013-05-16,LOW
4170,Gaudin,ELECTRONICS,San Pedro,Côte d'Ivoire,2020-09-08,LOW
4171,Jean,FUEL_STATION,Korhogo,Côte d'Ivoire,2026-03-10,MEDIUM
4172,Costa,ELECTRONICS,Yamoussoukro,Côte d'Ivoire,2024-06-13,LOW
4173,Renault,ELECTRONICS,Daloa,Côte d'Ivoire,2025-08-18,LOW
4174,Barbier,RESTAURANT,San Pedro,Côte d'Ivoire,2026-06-07,LOW
4175,Alexandre Hervé SA,TRANSPORT,Daloa,Côte d'Ivoire,2020-08-20,LOW
4176,Ledoux,RESTAURANT,Bouake,Côte d'Ivoire,2019-06-21,MEDIUM
4177,Normand Perrin S.A.R.L.,E_COMMERCE,Abidjan,Côte d'Ivoire,2021-06-11,LOW
4178,Humbert,FUEL_STATION,Abidjan,Côte d'Ivoire,2018-07-22,LOW
4179,Bousquet Leroy S.A.S.,HOTEL,Abidjan,Côte d'Ivoire,2015-05-23,LOW
4180,Bourdon Legendre S.A.S.,E_COMMERCE,Daloa,Côte d'Ivoire,2012-12-11,LOW
4181,Simon,HOTEL,Abidjan,Côte d'Ivoire,2017-02-07,MEDIUM
4182,Brun Colas et Fils,PHARMACY,Yamoussoukro,Côte d'Ivoire,2019-08-09,LOW
4183,Lemaître SA,CLOTHING,Bouake,Côte d'Ivoire,2024-03-19,MEDIUM
4184,Courtois,CLOTHING,Korhogo,Côte d'Ivoire,2020-04-10,LOW
4185,Renard Albert SARL,CLOTHING,Abidjan,Côte d'Ivoire,2023-11-16,LOW
4186,Roger Georges et Fils,RESTAURANT,Korhogo,Côte d'Ivoire,2014-12-22,LOW
4187,Payet,E_COMMERCE,Man,Côte d'Ivoire,2016-07-23,LOW
4188,Martinez S.A.,HOTEL,San Pedro,Côte d'Ivoire,2021-05-27,LOW
4189,Jacques,HOTEL,Daloa,Côte d'Ivoire,2015-09-29,LOW
4190,Guillot,FUEL_STATION,Korhogo,Côte d'Ivoire,2025-02-16,MEDIUM
4191,Pinto Charrier et Fils,HOTEL,Daloa,Côte d'Ivoire,2013-06-19,LOW
4192,Leroux,SUPERMARKET,Bouake,Côte d'Ivoire,2015-09-28,LOW
4193,Mace,CLOTHING,Korhogo,Côte d'Ivoire,2012-10-05,MEDIUM
4194,Bouvet SA,SUPERMARKET,Yamoussoukro,Côte d'Ivoire,2023-03-06,HIGH
4195,Dijoux,TRANSPORT,Korhogo,Côte d'Ivoire,2019-07-29,MEDIUM
4196,Guérin,RESTAURANT,Korhogo,Côte d'Ivoire,2024-11-23,LOW
4197,Bertin,PHARMACY,Yamoussoukro,Côte d'Ivoire,2023-10-03,MEDIUM
4198,Auger S.A.S.,RESTAURANT,Abidjan,Côte d'Ivoire,2022-08-01,LOW
4199,Navarro S.A.R.L.,FUEL_STATION,Man,Côte d'Ivoire,2025-08-28,LOW
4200,Klein S.A.R.L.,TELECOM,Yamoussoukro,Côte d'Ivoire,2025-08-31,MEDIUM
4201,Marchal S.A.R.L.,FUEL_STATION,Abidjan,Côte d'Ivoire,2023-10-07,MEDIUM
4202,Gilbert,SUPERMARKET,Daloa,Côte d'Ivoire,2024-12-20,MEDIUM
4203,Duval S.A.,FUEL_STATION,Korhogo,Côte d'Ivoire,2025-12-26,LOW
4204,Thierry,TRANSPORT,Man,Côte d'Ivoire,2025-08-12,LOW
4205,Mace S.A.,SUPERMARKET,Korhogo,Côte d'Ivoire,2017-10-23,LOW
4206,Descamps,TRANSPORT,Daloa,Côte d'Ivoire,2017-05-10,LOW
4207,Berger Guillet S.A.,PHARMACY,San Pedro,Côte d'Ivoire,2016-01-28,MEDIUM
4208,Boulanger et Fils,ELECTRONICS,Bouake,Côte d'Ivoire,2023-05-18,LOW
4209,Albert et Fils,RESTAURANT,Korhogo,Côte d'Ivoire,2019-12-09,HIGH
4210,Boulay Bertin SARL,HOTEL,Yamoussoukro,Côte d'Ivoire,2016-08-06,LOW
4211,Rémy,TRANSPORT,Abidjan,Côte d'Ivoire,2024-12-20,LOW
4212,Bonnin,RESTAURANT,Korhogo,Côte d'Ivoire,2015-12-18,LOW
4213,Valentin,TRANSPORT,Man,Côte d'Ivoire,2012-03-08,MEDIUM
4214,Caron Barbe SARL,ELECTRONICS,Korhogo,Côte d'Ivoire,2012-01-07,LOW
4215,Lemaître Thibault SARL,SUPERMARKET,Daloa,Côte d'Ivoire,2023-09-20,MEDIUM
4216,Le Gall,SUPERMARKET,Abidjan,Côte d'Ivoire,2023-10-03,LOW
4217,Duhamel Couturier SARL,TELECOM,Bouake,Côte d'Ivoire,2019-08-30,LOW
4218,Maillet,HOTEL,Yamoussoukro,Côte d'Ivoire,2016-08-04,LOW
4219,Bernier Lemonnier S.A.,FUEL_STATION,Yamoussoukro,Côte d'Ivoire,2014-01-25,LOW
4220,Jacob,TRANSPORT,San Pedro,Côte d'Ivoire,2015-12-14,LOW
4221,Leroy Lecomte S.A.S.,RESTAURANT,Abidjan,Côte d'Ivoire,2016-09-23,LOW
4222,Mary Richard SARL,ELECTRONICS,Bouake,Côte d'Ivoire,2017-10-08,LOW
4223,Martel,HOTEL,Daloa,Côte d'Ivoire,2022-02-04,LOW
4224,Barre Weiss S.A.,E_COMMERCE,Yamoussoukro,Côte d'Ivoire,2021-07-25,MEDIUM
4225,Barbe,E_COMMERCE,Daloa,Côte d'Ivoire,2017-12-11,LOW
4226,Vallée,ELECTRONICS,Yamoussoukro,Côte d'Ivoire,2022-08-09,LOW
4227,Hardy Leduc S.A.,ELECTRONICS,Korhogo,Côte d'Ivoire,2019-10-23,LOW
4228,Garcia,HOTEL,San Pedro,Côte d'Ivoire,2022-12-14,MEDIUM
4229,Le Goff S.A.,CLOTHING,San Pedro,Côte d'Ivoire,2016-11-01,LOW
4230,Hubert Gérard SARL,FUEL_STATION,Bouake,Côte d'Ivoire,2021-12-05,MEDIUM
4231,Delahaye S.A.,ELECTRONICS,Bouake,Côte d'Ivoire,2017-08-22,LOW
4232,Jacques,ELECTRONICS,Bouake,Côte d'Ivoire,2021-04-06,LOW
4233,Letellier S.A.S.,PHARMACY,Abidjan,Côte d'Ivoire,2015-06-18,HIGH
4234,Marchal Chartier SA,TELECOM,Man,Côte d'Ivoire,2018-05-10,MEDIUM
4235,Boulanger S.A.S.,RESTAURANT,Abidjan,Côte d'Ivoire,2012-09-19,LOW
4236,Lenoir,SUPERMARKET,Yamoussoukro,Côte d'Ivoire,2020-09-02,LOW
4237,Lefèvre S.A.R.L.,TRANSPORT,Yamoussoukro,Côte d'Ivoire,2021-03-20,MEDIUM
4238,Moulin Boucher et Fils,RESTAURANT,Abidjan,Côte d'Ivoire,2014-09-07,LOW
4239,Dumas Blot et Fils,CLOTHING,San Pedro,Côte d'Ivoire,2019-05-02,LOW
4240,Fournier Raynaud SARL,TRANSPORT,San Pedro,Côte d'Ivoire,2020-12-18,LOW
4241,Robin,FUEL_STATION,Bouake,Côte d'Ivoire,2024-03-20,LOW
4242,Peron Andre S.A.,TRANSPORT,Korhogo,Côte d'Ivoire,2020-06-19,LOW
4243,Bonnet,E_COMMERCE,Abidjan,Côte d'Ivoire,2015-02-09,LOW
4244,Berger Mary S.A.S.,HOTEL,Abidjan,Côte d'Ivoire,2019-09-11,MEDIUM
4245,Perrin,HOTEL,Daloa,Côte d'Ivoire,2020-09-16,MEDIUM
4246,Julien et Fils,CLOTHING,Bouake,Côte d'Ivoire,2012-10-25,MEDIUM
4247,Martel Ferreira S.A.R.L.,HOTEL,Man,Côte d'Ivoire,2012-12-29,MEDIUM
4248,Philippe,TRANSPORT,Daloa,Côte d'Ivoire,2013-04-10,LOW
4249,Joseph Coulon SARL,SUPERMARKET,Daloa,Côte d'Ivoire,2021-04-05,LOW
4250,Blin S.A.R.L.,TRANSPORT,Man,Côte d'Ivoire,2026-03-23,MEDIUM
4251,Fouquet S.A.R.L.,E_COMMERCE,Daloa,Côte d'Ivoire,2024-10-19,HIGH
4252,Pruvost Bousquet S.A.S.,ELECTRONICS,San Pedro,Côte d'Ivoire,2024-06-05,LOW
4253,Martin,CLOTHING,Daloa,Côte d'Ivoire,2015-11-10,LOW
4254,Brunel,PHARMACY,San Pedro,Côte d'Ivoire,2016-03-07,LOW
4255,Lefort,FUEL_STATION,Bouake,Côte d'Ivoire,2014-07-30,MEDIUM
4256,Guillou,E_COMMERCE,Daloa,Côte d'Ivoire,2019-10-18,LOW
4257,Imbert,E_COMMERCE,Abidjan,Côte d'Ivoire,2016-09-02,HIGH
4258,Rossi,ELECTRONICS,Yamoussoukro,Côte d'Ivoire,2015-10-24,LOW
4259,Paris,TRANSPORT,Abidjan,Côte d'Ivoire,2023-02-08,LOW
4260,Toussaint,HOTEL,Yamoussoukro,Côte d'Ivoire,2019-01-23,LOW
4261,Boulay S.A.,CLOTHING,Abidjan,Côte d'Ivoire,2019-11-14,LOW
4262,Julien S.A.S.,CLOTHING,Man,Côte d'Ivoire,2019-07-31,LOW
4263,Goncalves,E_COMMERCE,Daloa,Côte d'Ivoire,2014-08-13,LOW
4264,Samson S.A.R.L.,TELECOM,Abidjan,Côte d'Ivoire,2023-01-09,LOW
4265,Gauthier,TELECOM,Abidjan,Côte d'Ivoire,2026-03-29,HIGH
4266,Le Goff,TELECOM,Man,Côte d'Ivoire,2022-06-05,MEDIUM
4267,Leclercq Merle SA,FUEL_STATION,San Pedro,Côte d'Ivoire,2024-07-21,LOW
4268,Benoit Le Gall S.A.S.,RESTAURANT,Yamoussoukro,Côte d'Ivoire,2016-10-08,MEDIUM
4269,Gosselin,ELECTRONICS,Yamoussoukro,Côte d'Ivoire,2020-08-06,HIGH
4270,Henry,TELECOM,Bouake,Côte d'Ivoire,2023-03-23,LOW
4271,Bourdon,E_COMMERCE,Yamoussoukro,Côte d'Ivoire,2015-02-25,MEDIUM
4272,Breton Barbier S.A.,PHARMACY,Bouake,Côte d'Ivoire,2024-08-12,LOW
4273,Picard,PHARMACY,Daloa,Côte d'Ivoire,2026-01-28,LOW
4274,Bourdon Dupré S.A.,SUPERMARKET,Bouake,Côte d'Ivoire,2017-02-11,LOW
4275,Guibert,SUPERMARKET,Bouake,Côte d'Ivoire,2021-09-13,LOW
4276,Valette,TELECOM,Korhogo,Côte d'Ivoire,2023-12-08,LOW
4277,Rolland,ELECTRONICS,Man,Côte d'Ivoire,2016-01-18,LOW
4278,Bailly,E_COMMERCE,Yamoussoukro,Côte d'Ivoire,2017-11-19,LOW
4279,Schneider Le Roux et Fils,HOTEL,Korhogo,Côte d'Ivoire,2017-08-06,MEDIUM
4280,Lebreton,CLOTHING,Bouake,Côte d'Ivoire,2016-10-24,LOW
4281,Thibault,RESTAURANT,Korhogo,Côte d'Ivoire,2018-04-09,LOW
4282,Thomas,ELECTRONICS,Abidjan,Côte d'Ivoire,2024-07-17,LOW
4283,Lefèvre,HOTEL,Korhogo,Côte d'Ivoire,2018-07-13,LOW
4284,Imbert,TRANSPORT,Abidjan,Côte d'Ivoire,2025-04-11,LOW
4285,Pineau Gosselin SARL,E_COMMERCE,Bouake,Côte d'Ivoire,2011-11-28,LOW
4286,Guillaume Peltier et Fils,CLOTHING,Daloa,Côte d'Ivoire,2015-12-06,LOW
4287,Besson,TRANSPORT,Man,Côte d'Ivoire,2011-12-24,LOW
4288,Launay,E_COMMERCE,Korhogo,Côte d'Ivoire,2025-01-11,LOW
4289,Germain,HOTEL,Abidjan,Côte d'Ivoire,2021-01-25,LOW
4290,Fabre Maurice S.A.S.,PHARMACY,Korhogo,Côte d'Ivoire,2019-01-23,LOW
4291,Gautier,CLOTHING,Bouake,Côte d'Ivoire,2012-11-03,MEDIUM
4292,Renard Germain et Fils,ELECTRONICS,Man,Côte d'Ivoire,2019-09-26,MEDIUM
4293,Lambert,ELECTRONICS,Daloa,Côte d'Ivoire,2024-11-12,LOW
4294,Lagarde,HOTEL,Bouake,Côte d'Ivoire,2023-08-05,LOW
4295,Menard,CLOTHING,Abidjan,Côte d'Ivoire,2016-05-04,LOW
4296,Lopez,PHARMACY,San Pedro,Côte d'Ivoire,2013-04-20,MEDIUM
4297,Riou SARL,RESTAURANT,Abidjan,Côte d'Ivoire,2016-04-09,HIGH
4298,Navarro,FUEL_STATION,Korhogo,Côte d'Ivoire,2016-05-30,LOW
4299,Georges S.A.,CLOTHING,Man,Côte d'Ivoire,2026-07-24,LOW
4300,Germain et Fils,TRANSPORT,Korhogo,Côte d'Ivoire,2018-08-13,MEDIUM
4301,Fernandes Pruvost SARL,ELECTRONICS,Daloa,Côte d'Ivoire,2021-05-05,LOW
4302,Guilbert Blanc S.A.R.L.,TELECOM,Man,Côte d'Ivoire,2015-09-30,LOW
4303,Baudry,TELECOM,Yamoussoukro,Côte d'Ivoire,2020-11-15,LOW
4304,Pascal,CLOTHING,Yamoussoukro,Côte d'Ivoire,2020-08-10,MEDIUM
4305,Blot,HOTEL,Bouake,Côte d'Ivoire,2011-12-12,MEDIUM
4306,Leleu Pires SA,HOTEL,Bouake,Côte d'Ivoire,2026-05-22,LOW
4307,Alves,RESTAURANT,Man,Côte d'Ivoire,2024-09-20,LOW
4308,Letellier,TRANSPORT,Yamoussoukro,Côte d'Ivoire,2015-03-25,LOW
4309,Lebrun Bigot S.A.,ELECTRONICS,Korhogo,Côte d'Ivoire,2019-06-01,LOW
4310,Le Roux,HOTEL,Man,Côte d'Ivoire,2014-12-17,LOW
4311,Adam,FUEL_STATION,San Pedro,Côte d'Ivoire,2021-11-04,MEDIUM
4312,Joly SA,FUEL_STATION,Korhogo,Côte d'Ivoire,2022-07-02,MEDIUM
4313,Launay,PHARMACY,Korhogo,Côte d'Ivoire,2018-04-26,LOW
4314,Rousseau,TRANSPORT,Man,Côte d'Ivoire,2025-09-21,LOW
4315,Blanchet SARL,PHARMACY,Korhogo,Côte d'Ivoire,2011-11-07,LOW
4316,David,E_COMMERCE,Yamoussoukro,Côte d'Ivoire,2020-02-26,LOW
4317,Tanguy,RESTAURANT,San Pedro,Côte d'Ivoire,2019-12-12,LOW
4318,Bruneau,PHARMACY,Korhogo,Côte d'Ivoire,2017-04-02,LOW
4319,Guyon SA,FUEL_STATION,Bouake,Côte d'Ivoire,2021-03-11,MEDIUM
4320,Pascal SA,SUPERMARKET,Bouake,Côte d'Ivoire,2020-08-15,LOW
4321,Blanchet Fernandez S.A.S.,E_COMMERCE,Daloa,Côte d'Ivoire,2019-07-18,LOW
4322,Hamel Legrand et Fils,TELECOM,Man,Côte d'Ivoire,2018-11-27,LOW
4323,Turpin,SUPERMARKET,Daloa,Côte d'Ivoire,2019-04-03,LOW
4324,Gilles Rémy SA,PHARMACY,Abidjan,Côte d'Ivoire,2014-08-31,LOW
4325,De Sousa,ELECTRONICS,San Pedro,Côte d'Ivoire,2020-07-21,MEDIUM
4326,Lefebvre,HOTEL,Bouake,Côte d'Ivoire,2018-05-28,LOW
4327,Robert,ELECTRONICS,Bouake,Côte d'Ivoire,2022-03-09,MEDIUM
4328,Moreau,RESTAURANT,Yamoussoukro,Côte d'Ivoire,2011-09-21,MEDIUM
4329,Breton Launay S.A.,HOTEL,Korhogo,Côte d'Ivoire,2015-12-24,LOW
4330,Mary Parent SARL,RESTAURANT,Man,Côte d'Ivoire,2020-08-18,LOW
4331,Guibert,HOTEL,San Pedro,Côte d'Ivoire,2022-11-23,MEDIUM
4332,Pires Bruneau SARL,TELECOM,Man,Côte d'Ivoire,2026-07-21,MEDIUM
4333,Roche Leleu S.A.,E_COMMERCE,Daloa,Côte d'Ivoire,2015-01-30,LOW
4334,Arnaud,PHARMACY,Man,Côte d'Ivoire,2013-04-16,LOW
4335,Joubert S.A.S.,CLOTHING,Daloa,Côte d'Ivoire,2025-12-11,MEDIUM
4336,Valette S.A.,RESTAURANT,Bouake,Côte d'Ivoire,2020-10-05,MEDIUM
4337,Muller,CLOTHING,Korhogo,Côte d'Ivoire,2017-02-22,LOW
4338,Rolland,TELECOM,San Pedro,Côte d'Ivoire,2022-10-09,LOW
4339,Renaud Bailly S.A.,PHARMACY,Korhogo,Côte d'Ivoire,2018-10-17,MEDIUM
4340,Rey,E_COMMERCE,Daloa,Côte d'Ivoire,2015-04-09,LOW
4341,Michel,E_COMMERCE,San Pedro,Côte d'Ivoire,2013-11-29,LOW
4342,Denis,CLOTHING,Korhogo,Côte d'Ivoire,2025-10-07,MEDIUM
4343,Michel,CLOTHING,Korhogo,Côte d'Ivoire,2019-02-16,MEDIUM
4344,Gillet Girard S.A.R.L.,TRANSPORT,Yamoussoukro,Côte d'Ivoire,2019-01-14,LOW
4345,Philippe,HOTEL,Daloa,Côte d'Ivoire,2015-01-27,LOW
4346,Maury,PHARMACY,Abidjan,Côte d'Ivoire,2025-06-07,MEDIUM
4347,Morin S.A.,FUEL_STATION,San Pedro,Côte d'Ivoire,2020-03-12,LOW
4348,Goncalves S.A.,CLOTHING,Korhogo,Côte d'Ivoire,2013-08-15,LOW
4349,Traore,HOTEL,Yamoussoukro,Côte d'Ivoire,2021-11-12,LOW
4350,Bouvet,E_COMMERCE,Yamoussoukro,Côte d'Ivoire,2016-12-19,LOW
4351,Aubert,FUEL_STATION,Bouake,Côte d'Ivoire,2015-02-25,LOW
4352,Guillou SARL,E_COMMERCE,Korhogo,Côte d'Ivoire,2019-09-16,MEDIUM
4353,Grégoire,FUEL_STATION,Man,Côte d'Ivoire,2013-06-24,LOW
4354,Durand,RESTAURANT,Bouake,Côte d'Ivoire,2011-09-13,LOW
4355,De Oliveira,ELECTRONICS,Daloa,Côte d'Ivoire,2018-05-21,LOW
4356,Monnier SARL,CLOTHING,Abidjan,Côte d'Ivoire,2016-11-06,HIGH
4357,Gay et Fils,ELECTRONICS,Korhogo,Côte d'Ivoire,2016-09-09,MEDIUM
4358,Boutin Clément et Fils,SUPERMARKET,San Pedro,Côte d'Ivoire,2022-07-11,MEDIUM
4359,Georges,SUPERMARKET,Yamoussoukro,Côte d'Ivoire,2011-11-05,LOW
4360,Chauveau,CLOTHING,San Pedro,Côte d'Ivoire,2022-08-03,MEDIUM
4361,Lambert,ELECTRONICS,Bouake,Côte d'Ivoire,2013-12-20,MEDIUM
4362,Schmitt Moreno SA,E_COMMERCE,Abidjan,Côte d'Ivoire,2013-10-02,MEDIUM
4363,Joly Lemonnier S.A.R.L.,RESTAURANT,San Pedro,Côte d'Ivoire,2024-07-17,MEDIUM
4364,Bonnet S.A.S.,TELECOM,Yamoussoukro,Côte d'Ivoire,2025-03-23,LOW
4365,Rousset Peltier SARL,PHARMACY,Yamoussoukro,Côte d'Ivoire,2017-11-24,MEDIUM
4366,Barbier,RESTAURANT,Yamoussoukro,Côte d'Ivoire,2018-09-16,MEDIUM
4367,Roger Paul S.A.,FUEL_STATION,Man,Côte d'Ivoire,2024-03-13,LOW
4368,Marchal Masson S.A.,PHARMACY,Korhogo,Côte d'Ivoire,2012-02-01,LOW
4369,Martins,TELECOM,Man,Côte d'Ivoire,2016-10-12,MEDIUM
4370,Toussaint,RESTAURANT,Man,Côte d'Ivoire,2017-12-03,LOW
4371,Loiseau,SUPERMARKET,San Pedro,Côte d'Ivoire,2017-01-14,LOW
4372,Michel SARL,ELECTRONICS,Yamoussoukro,Côte d'Ivoire,2012-01-23,LOW
4373,Fontaine,ELECTRONICS,Man,Côte d'Ivoire,2024-01-29,MEDIUM
4374,Cordier Lambert S.A.S.,SUPERMARKET,Man,Côte d'Ivoire,2017-12-27,LOW
4375,Barbier Roussel SA,FUEL_STATION,Bouake,Côte d'Ivoire,2017-07-04,LOW
4376,Morin Humbert SA,FUEL_STATION,Man,Côte d'Ivoire,2013-06-27,LOW
4377,Barthelemy,TELECOM,Bouake,Côte d'Ivoire,2018-08-21,LOW
4378,Lucas,PHARMACY,Man,Côte d'Ivoire,2026-02-25,LOW
4379,Langlois S.A.R.L.,PHARMACY,Bouake,Côte d'Ivoire,2019-07-25,LOW
4380,Rodriguez,RESTAURANT,Korhogo,Côte d'Ivoire,2017-01-25,MEDIUM
4381,Bonneau,FUEL_STATION,Abidjan,Côte d'Ivoire,2022-12-12,LOW
4382,Martel S.A.R.L.,TELECOM,Korhogo,Côte d'Ivoire,2024-04-24,LOW
4383,Marchand Vasseur S.A.S.,PHARMACY,Abidjan,Côte d'Ivoire,2013-10-13,LOW
4384,Jean Delmas SA,E_COMMERCE,Korhogo,Côte d'Ivoire,2024-03-20,LOW
4385,Wagner S.A.R.L.,CLOTHING,Bouake,Côte d'Ivoire,2016-05-18,LOW
4386,Menard S.A.,TELECOM,Korhogo,Côte d'Ivoire,2015-11-03,LOW
4387,Chauveau Delmas SARL,PHARMACY,Yamoussoukro,Côte d'Ivoire,2017-03-02,MEDIUM
4388,Laroche,E_COMMERCE,Man,Côte d'Ivoire,2021-08-17,LOW
4389,Samson,TRANSPORT,Korhogo,Côte d'Ivoire,2013-10-25,LOW
4390,Briand,TELECOM,Yamoussoukro,Côte d'Ivoire,2017-12-13,LOW
4391,Delorme Gallet SA,RESTAURANT,Daloa,Côte d'Ivoire,2024-04-19,MEDIUM
4392,Lefort,TRANSPORT,San Pedro,Côte d'Ivoire,2012-05-23,LOW
4393,Vidal Garcia S.A.,TRANSPORT,Abidjan,Côte d'Ivoire,2022-05-16,LOW
4394,Gomez S.A.,HOTEL,Man,Côte d'Ivoire,2018-04-29,LOW
4395,Dubois,TRANSPORT,Man,Côte d'Ivoire,2021-04-22,LOW
4396,Guillet,TELECOM,Daloa,Côte d'Ivoire,2026-03-02,MEDIUM
4397,Roche,TELECOM,Korhogo,Côte d'Ivoire,2022-04-09,LOW
4398,Sauvage,FUEL_STATION,Abidjan,Côte d'Ivoire,2015-03-25,LOW
4399,Loiseau,ELECTRONICS,Bouake,Côte d'Ivoire,2016-01-18,MEDIUM
4400,Lemaire,TRANSPORT,Abidjan,Côte d'Ivoire,2024-04-01,LOW
4401,Bègue,HOTEL,Yamoussoukro,Côte d'Ivoire,2024-08-25,LOW
4402,Marques,TRANSPORT,San Pedro,Côte d'Ivoire,2014-09-29,MEDIUM
4403,Leblanc,TRANSPORT,San Pedro,Côte d'Ivoire,2025-04-21,LOW
4404,Leleu,SUPERMARKET,Yamoussoukro,Côte d'Ivoire,2020-11-29,LOW
4405,Dupré,FUEL_STATION,Yamoussoukro,Côte d'Ivoire,2013-03-20,LOW
4406,Ledoux,SUPERMARKET,Yamoussoukro,Côte d'Ivoire,2020-05-28,LOW
4407,Andre,FUEL_STATION,Korhogo,Côte d'Ivoire,2024-11-16,MEDIUM
4408,Launay,ELECTRONICS,Bouake,Côte d'Ivoire,2022-07-03,MEDIUM
4409,Devaux S.A.,RESTAURANT,Korhogo,Côte d'Ivoire,2013-03-08,LOW
4410,Albert Masson SA,PHARMACY,Korhogo,Côte d'Ivoire,2020-12-09,LOW
4411,Marchand,SUPERMARKET,Daloa,Côte d'Ivoire,2026-06-07,LOW
4412,Le Gall,HOTEL,Yamoussoukro,Côte d'Ivoire,2019-04-11,MEDIUM
4413,Lenoir,ELECTRONICS,Abidjan,Côte d'Ivoire,2012-12-26,LOW
4414,Chauvin Gros S.A.,ELECTRONICS,Bouake,Côte d'Ivoire,2013-12-26,LOW
4415,Diallo Durand S.A.,FUEL_STATION,Bouake,Côte d'Ivoire,2024-01-20,MEDIUM
4416,Laine,TRANSPORT,Daloa,Côte d'Ivoire,2021-10-19,MEDIUM
4417,Thibault Laporte S.A.S.,E_COMMERCE,Daloa,Côte d'Ivoire,2012-05-17,LOW
4418,Gimenez,HOTEL,Yamoussoukro,Côte d'Ivoire,2015-06-30,LOW
4419,Besson Leroux SA,ELECTRONICS,Man,Côte d'Ivoire,2023-02-24,LOW
4420,Bousquet Couturier S.A.S.,SUPERMARKET,Abidjan,Côte d'Ivoire,2015-06-04,MEDIUM
4421,Gimenez Bourdon S.A.R.L.,ELECTRONICS,Abidjan,Côte d'Ivoire,2026-03-06,LOW
4422,Lopes Girard S.A.R.L.,TELECOM,Abidjan,Côte d'Ivoire,2016-08-14,LOW
4423,Barbe,E_COMMERCE,Abidjan,Côte d'Ivoire,2018-09-28,LOW
4424,Bigot,FUEL_STATION,Abidjan,Côte d'Ivoire,2017-01-19,LOW
4425,Mace Ribeiro SA,RESTAURANT,Daloa,Côte d'Ivoire,2012-11-06,MEDIUM
4426,Neveu,TRANSPORT,Bouake,Côte d'Ivoire,2021-01-11,MEDIUM
4427,Guillaume,E_COMMERCE,Daloa,Côte d'Ivoire,2024-01-20,LOW
4428,Lopez S.A.R.L.,RESTAURANT,Korhogo,Côte d'Ivoire,2013-12-17,MEDIUM
4429,Leduc Renard S.A.,TRANSPORT,Abidjan,Côte d'Ivoire,2018-03-26,LOW
4430,Imbert Humbert S.A.R.L.,ELECTRONICS,Korhogo,Côte d'Ivoire,2021-08-20,MEDIUM
4431,Menard Marty SA,RESTAURANT,Man,Côte d'Ivoire,2015-06-05,LOW
4432,Joly,TRANSPORT,Bouake,Côte d'Ivoire,2018-05-28,MEDIUM
4433,Pages et Fils,E_COMMERCE,Daloa,Côte d'Ivoire,2021-07-17,LOW
4434,Leclerc Hebert S.A.,ELECTRONICS,Man,Côte d'Ivoire,2023-01-05,LOW
4435,Samson,E_COMMERCE,San Pedro,Côte d'Ivoire,2017-02-22,LOW
4436,Diaz SA,E_COMMERCE,Man,Côte d'Ivoire,2020-06-07,LOW
4437,Hardy,TRANSPORT,Yamoussoukro,Côte d'Ivoire,2013-04-27,LOW
4438,Grondin,FUEL_STATION,San Pedro,Côte d'Ivoire,2022-10-23,LOW
4439,Léger,TELECOM,Yamoussoukro,Côte d'Ivoire,2025-07-25,MEDIUM
4440,Allard et Fils,ELECTRONICS,Korhogo,Côte d'Ivoire,2021-12-14,LOW
4441,Brunet,SUPERMARKET,San Pedro,Côte d'Ivoire,2012-10-09,MEDIUM
4442,Maillard,HOTEL,Daloa,Côte d'Ivoire,2012-04-09,LOW
4443,Adam,RESTAURANT,San Pedro,Côte d'Ivoire,2013-06-30,LOW
4444,Launay,SUPERMARKET,San Pedro,Côte d'Ivoire,2021-07-11,MEDIUM
4445,Lacombe Jacquot S.A.R.L.,TELECOM,Yamoussoukro,Côte d'Ivoire,2024-06-23,LOW
4446,Jean,RESTAURANT,Man,Côte d'Ivoire,2020-06-20,LOW
4447,Blanc et Fils,PHARMACY,Daloa,Côte d'Ivoire,2021-11-02,LOW
4448,Guillot,RESTAURANT,Abidjan,Côte d'Ivoire,2026-05-14,LOW
4449,Boutin,FUEL_STATION,Daloa,Côte d'Ivoire,2018-12-07,MEDIUM
4450,Boyer,CLOTHING,Bouake,Côte d'Ivoire,2022-06-06,LOW
4451,Pires SARL,TRANSPORT,Korhogo,Côte d'Ivoire,2025-11-27,MEDIUM
4452,Deschamps,ELECTRONICS,Man,Côte d'Ivoire,2022-06-20,MEDIUM
4453,Humbert,FUEL_STATION,Abidjan,Côte d'Ivoire,2022-12-03,MEDIUM
4454,Hamon,E_COMMERCE,San Pedro,Côte d'Ivoire,2012-12-27,LOW
4455,Roussel et Fils,HOTEL,Daloa,Côte d'Ivoire,2025-04-15,LOW
4456,Berger,HOTEL,Man,Côte d'Ivoire,2021-07-16,LOW
4457,Louis,TRANSPORT,Daloa,Côte d'Ivoire,2021-08-18,LOW
4458,Chartier,FUEL_STATION,Daloa,Côte d'Ivoire,2016-02-05,LOW
4459,Valette et Fils,TELECOM,Korhogo,Côte d'Ivoire,2019-11-16,LOW
4460,Seguin,FUEL_STATION,Yamoussoukro,Côte d'Ivoire,2020-05-27,LOW
4461,Dupont,TELECOM,Korhogo,Côte d'Ivoire,2021-10-23,LOW
4462,Maury et Fils,RESTAURANT,Abidjan,Côte d'Ivoire,2013-04-02,LOW
4463,Lemaire S.A.,RESTAURANT,San Pedro,Côte d'Ivoire,2017-09-17,LOW
4464,Carlier,SUPERMARKET,Bouake,Côte d'Ivoire,2023-10-18,LOW
4465,Perrot et Fils,RESTAURANT,Bouake,Côte d'Ivoire,2024-12-25,LOW
4466,Jacques,RESTAURANT,Abidjan,Côte d'Ivoire,2021-04-30,MEDIUM
4467,Alexandre et Fils,TELECOM,Bouake,Côte d'Ivoire,2024-03-28,LOW
4468,Laroche,ELECTRONICS,San Pedro,Côte d'Ivoire,2012-01-05,LOW
4469,Duhamel Arnaud SA,ELECTRONICS,San Pedro,Côte d'Ivoire,2022-04-20,LOW
4470,Perrin,E_COMMERCE,Abidjan,Côte d'Ivoire,2016-07-19,LOW
4471,Leroy,E_COMMERCE,Man,Côte d'Ivoire,2023-12-24,MEDIUM
4472,Fleury,E_COMMERCE,Korhogo,Côte d'Ivoire,2017-09-04,LOW
4473,Benard,HOTEL,Korhogo,Côte d'Ivoire,2015-10-22,LOW
4474,Cohen,PHARMACY,Yamoussoukro,Côte d'Ivoire,2024-11-27,LOW
4475,Germain S.A.R.L.,FUEL_STATION,Daloa,Côte d'Ivoire,2023-06-21,LOW
4476,Lecoq,HOTEL,Korhogo,Côte d'Ivoire,2025-01-28,LOW
4477,Lacroix Pascal S.A.S.,TELECOM,San Pedro,Côte d'Ivoire,2022-08-09,LOW
4478,Traore,HOTEL,Man,Côte d'Ivoire,2018-05-27,MEDIUM
4479,Valette,PHARMACY,Bouake,Côte d'Ivoire,2025-06-13,LOW
4480,Didier Blanc SARL,TELECOM,Abidjan,Côte d'Ivoire,2017-07-24,LOW
4481,Prévost Schneider SA,PHARMACY,Bouake,Côte d'Ivoire,2023-11-09,LOW
4482,Riou S.A.R.L.,SUPERMARKET,Yamoussoukro,Côte d'Ivoire,2016-11-24,MEDIUM
4483,Riou,FUEL_STATION,Man,Côte d'Ivoire,2014-09-28,LOW
4484,Renaud,TELECOM,Yamoussoukro,Côte d'Ivoire,2016-01-29,LOW
4485,Marty,CLOTHING,San Pedro,Côte d'Ivoire,2017-04-23,LOW
4486,Étienne,RESTAURANT,Yamoussoukro,Côte d'Ivoire,2024-05-31,LOW
4487,Roy Breton SA,FUEL_STATION,Yamoussoukro,Côte d'Ivoire,2013-06-21,LOW
4488,Blin Ruiz S.A.S.,FUEL_STATION,Yamoussoukro,Côte d'Ivoire,2023-06-28,LOW
4489,Boulay,TRANSPORT,Korhogo,Côte d'Ivoire,2021-02-06,MEDIUM
4490,Chauvin Maurice et Fils,HOTEL,Korhogo,Côte d'Ivoire,2012-11-12,MEDIUM
4491,Morin Robin et Fils,E_COMMERCE,Korhogo,Côte d'Ivoire,2021-09-30,LOW
4492,Charles,FUEL_STATION,Abidjan,Côte d'Ivoire,2014-01-20,LOW
4493,Rossi,RESTAURANT,Man,Côte d'Ivoire,2017-08-05,LOW
4494,Lucas,PHARMACY,Yamoussoukro,Côte d'Ivoire,2018-02-16,LOW
4495,Guyon SARL,PHARMACY,Daloa,Côte d'Ivoire,2022-01-04,LOW
4496,Breton S.A.,TRANSPORT,Yamoussoukro,Côte d'Ivoire,2019-02-07,LOW
4497,Moulin S.A.S.,CLOTHING,Korhogo,Côte d'Ivoire,2014-03-19,LOW
4498,Michel,CLOTHING,Man,Côte d'Ivoire,2019-12-27,MEDIUM
4499,Lemonnier Vasseur S.A.,FUEL_STATION,Bouake,Côte d'Ivoire,2026-06-18,LOW
4500,Besnard Jourdan S.A.,FUEL_STATION,Bouake,Côte d'Ivoire,2014-01-18,LOW
4501,Collet S.A.,CLOTHING,Bouake,Côte d'Ivoire,2011-12-06,LOW
4502,Navarro,TELECOM,Daloa,Côte d'Ivoire,2018-08-17,LOW
4503,Pasquier Lemoine S.A.S.,RESTAURANT,Abidjan,Côte d'Ivoire,2021-06-16,LOW
4504,Techer,TELECOM,San Pedro,Côte d'Ivoire,2021-05-13,LOW
4505,Letellier,HOTEL,Yamoussoukro,Côte d'Ivoire,2016-01-09,LOW
4506,Charles,RESTAURANT,Bouake,Côte d'Ivoire,2018-11-30,LOW
4507,Marchal,TRANSPORT,Daloa,Côte d'Ivoire,2015-07-27,LOW
4508,Gimenez,TELECOM,Yamoussoukro,Côte d'Ivoire,2017-08-25,LOW
4509,Jacquot S.A.,ELECTRONICS,Yamoussoukro,Côte d'Ivoire,2017-01-17,LOW
4510,Tanguy Delorme S.A.,CLOTHING,Daloa,Côte d'Ivoire,2013-03-21,LOW
4511,Regnier,PHARMACY,Man,Côte d'Ivoire,2016-11-27,MEDIUM
4512,Texier S.A.,PHARMACY,Daloa,Côte d'Ivoire,2023-10-29,LOW
4513,Wagner,TELECOM,San Pedro,Côte d'Ivoire,2023-07-09,LOW
4514,Turpin Royer S.A.S.,E_COMMERCE,Man,Côte d'Ivoire,2025-10-22,LOW
4515,Jacques S.A.S.,TRANSPORT,Man,Côte d'Ivoire,2019-01-09,LOW
4516,Maury,SUPERMARKET,Daloa,Côte d'Ivoire,2018-12-30,LOW
4517,Picard SA,TELECOM,Daloa,Côte d'Ivoire,2021-02-06,LOW
4518,Vaillant,TRANSPORT,Bouake,Côte d'Ivoire,2022-08-21,LOW
4519,Perrot S.A.R.L.,FUEL_STATION,San Pedro,Côte d'Ivoire,2026-05-02,LOW
4520,Andre Normand SARL,SUPERMARKET,Bouake,Côte d'Ivoire,2012-09-08,LOW
4521,Colas,ELECTRONICS,Bouake,Côte d'Ivoire,2015-11-11,LOW
4522,Delannoy S.A.S.,E_COMMERCE,Yamoussoukro,Côte d'Ivoire,2019-12-04,LOW
4523,Fischer,HOTEL,Yamoussoukro,Côte d'Ivoire,2024-07-30,LOW
4524,Delaunay Fabre et Fils,SUPERMARKET,Korhogo,Côte d'Ivoire,2019-04-08,LOW
4525,Tanguy,E_COMMERCE,Man,Côte d'Ivoire,2023-06-09,LOW
4526,Rémy,SUPERMARKET,Man,Côte d'Ivoire,2015-07-14,MEDIUM
4527,Meunier,E_COMMERCE,Man,Côte d'Ivoire,2024-08-11,LOW
4528,Robert,CLOTHING,Daloa,Côte d'Ivoire,2021-12-11,LOW
4529,Mendès SARL,TELECOM,Korhogo,Côte d'Ivoire,2021-07-27,LOW
4530,Becker SA,TELECOM,Bouake,Côte d'Ivoire,2022-01-07,LOW
4531,Laporte S.A.R.L.,ELECTRONICS,Daloa,Côte d'Ivoire,2024-01-01,LOW
4532,Peron Leclercq S.A.,HOTEL,Abidjan,Côte d'Ivoire,2021-10-22,LOW
4533,Arnaud Martinez et Fils,PHARMACY,Man,Côte d'Ivoire,2019-12-30,MEDIUM
4534,Rémy SA,PHARMACY,Abidjan,Côte d'Ivoire,2013-03-06,LOW
4535,Baudry,RESTAURANT,Abidjan,Côte d'Ivoire,2023-07-02,LOW
4536,Cordier,SUPERMARKET,Yamoussoukro,Côte d'Ivoire,2018-01-23,LOW
4537,Dos Santos,ELECTRONICS,Yamoussoukro,Côte d'Ivoire,2025-12-27,HIGH
4538,Vidal,FUEL_STATION,Man,Côte d'Ivoire,2013-03-16,LOW
4539,Monnier,SUPERMARKET,Yamoussoukro,Côte d'Ivoire,2014-08-05,MEDIUM
4540,Fleury,HOTEL,Man,Côte d'Ivoire,2020-01-28,LOW
4541,Gonzalez SARL,CLOTHING,Man,Côte d'Ivoire,2018-05-28,MEDIUM
4542,Dumas Marty et Fils,ELECTRONICS,Abidjan,Côte d'Ivoire,2022-05-06,MEDIUM
4543,Maillot S.A.R.L.,TRANSPORT,San Pedro,Côte d'Ivoire,2024-05-13,MEDIUM
4544,Hardy SARL,SUPERMARKET,Abidjan,Côte d'Ivoire,2011-12-03,LOW
4545,Pascal SA,ELECTRONICS,Bouake,Côte d'Ivoire,2023-03-11,MEDIUM
4546,Gauthier,RESTAURANT,Bouake,Côte d'Ivoire,2014-06-11,LOW
4547,Evrard SA,E_COMMERCE,Korhogo,Côte d'Ivoire,2011-08-27,LOW
4548,Jacob,ELECTRONICS,San Pedro,Côte d'Ivoire,2016-10-14,LOW
4549,Duhamel S.A.S.,SUPERMARKET,Yamoussoukro,Côte d'Ivoire,2017-12-14,LOW
4550,Giraud S.A.,HOTEL,Abidjan,Côte d'Ivoire,2022-05-27,LOW
4551,Vidal,CLOTHING,Daloa,Côte d'Ivoire,2020-09-05,LOW
4552,Barre Pereira et Fils,CLOTHING,San Pedro,Côte d'Ivoire,2014-03-17,LOW
4553,Baudry,RESTAURANT,Bouake,Côte d'Ivoire,2014-08-02,MEDIUM
4554,Munoz,PHARMACY,Yamoussoukro,Côte d'Ivoire,2025-12-19,LOW
4555,Guillou Gérard S.A.R.L.,SUPERMARKET,Daloa,Côte d'Ivoire,2012-02-03,LOW
4556,Tanguy SA,SUPERMARKET,Bouake,Côte d'Ivoire,2025-04-22,LOW
4557,Klein,TELECOM,Abidjan,Côte d'Ivoire,2013-05-29,MEDIUM
4558,Normand,FUEL_STATION,Yamoussoukro,Côte d'Ivoire,2014-08-24,MEDIUM
4559,Roussel Mahe S.A.,FUEL_STATION,Man,Côte d'Ivoire,2021-11-04,MEDIUM
4560,Raymond Marques S.A.R.L.,PHARMACY,Yamoussoukro,Côte d'Ivoire,2022-10-11,LOW
4561,Pons,E_COMMERCE,Bouake,Côte d'Ivoire,2013-07-22,LOW
4562,Maillot S.A.,CLOTHING,Yamoussoukro,Côte d'Ivoire,2017-10-18,LOW
4563,Dupuis Marin S.A.,FUEL_STATION,Yamoussoukro,Côte d'Ivoire,2025-01-31,MEDIUM
4564,Dupont,PHARMACY,Yamoussoukro,Côte d'Ivoire,2017-09-02,LOW
4565,Voisin et Fils,TELECOM,Yamoussoukro,Côte d'Ivoire,2023-08-13,LOW
4566,Dijoux SA,HOTEL,Korhogo,Côte d'Ivoire,2022-11-11,LOW
4567,Laine,ELECTRONICS,San Pedro,Côte d'Ivoire,2021-02-25,MEDIUM
4568,Boulay,PHARMACY,Abidjan,Côte d'Ivoire,2020-11-14,MEDIUM
4569,Carre Lebrun S.A.,CLOTHING,San Pedro,Côte d'Ivoire,2019-03-13,LOW
4570,Klein Toussaint S.A.R.L.,CLOTHING,Bouake,Côte d'Ivoire,2018-06-14,HIGH
4571,Hoareau,TRANSPORT,Yamoussoukro,Côte d'Ivoire,2012-12-22,LOW
4572,Laurent,E_COMMERCE,Bouake,Côte d'Ivoire,2019-12-07,LOW
4573,Lebrun S.A.S.,ELECTRONICS,Korhogo,Côte d'Ivoire,2019-10-24,MEDIUM
4574,Schneider,E_COMMERCE,Abidjan,Côte d'Ivoire,2020-01-16,LOW
4575,Pires,FUEL_STATION,Yamoussoukro,Côte d'Ivoire,2023-03-19,LOW
4576,Evrard SA,E_COMMERCE,Abidjan,Côte d'Ivoire,2014-10-10,MEDIUM
4577,Le Gall S.A.S.,ELECTRONICS,Man,Côte d'Ivoire,2024-04-18,LOW
4578,Clerc Bouvier et Fils,TELECOM,Bouake,Côte d'Ivoire,2012-05-22,LOW
4579,Rousseau SARL,HOTEL,Yamoussoukro,Côte d'Ivoire,2018-02-14,LOW
4580,Benard Tanguy SA,CLOTHING,Abidjan,Côte d'Ivoire,2025-08-03,LOW
4581,Rousset,RESTAURANT,Man,Côte d'Ivoire,2020-03-22,LOW
4582,Grégoire Lemaître et Fils,SUPERMARKET,Bouake,Côte d'Ivoire,2023-06-21,LOW
4583,Benoit SA,HOTEL,Yamoussoukro,Côte d'Ivoire,2019-05-10,LOW
4584,Louis Mendès SARL,RESTAURANT,Bouake,Côte d'Ivoire,2012-10-25,MEDIUM
4585,Costa Leclerc S.A.S.,E_COMMERCE,Bouake,Côte d'Ivoire,2022-06-21,LOW
4586,Lambert S.A.R.L.,PHARMACY,Daloa,Côte d'Ivoire,2015-01-30,LOW
4587,Charpentier SA,CLOTHING,San Pedro,Côte d'Ivoire,2015-08-31,LOW
4588,Schmitt,TRANSPORT,Man,Côte d'Ivoire,2018-03-17,LOW
4589,Guichard Maréchal SA,FUEL_STATION,Yamoussoukro,Côte d'Ivoire,2014-03-24,MEDIUM
4590,Joseph Hoarau S.A.S.,CLOTHING,Yamoussoukro,Côte d'Ivoire,2022-12-13,LOW
4591,Briand,TRANSPORT,Yamoussoukro,Côte d'Ivoire,2023-02-24,LOW
4592,Martins,FUEL_STATION,Daloa,Côte d'Ivoire,2026-07-10,MEDIUM
4593,Lejeune,ELECTRONICS,Abidjan,Côte d'Ivoire,2023-04-27,LOW
4594,Legros S.A.R.L.,E_COMMERCE,Korhogo,Côte d'Ivoire,2017-12-28,LOW
4595,Aubert,SUPERMARKET,Bouake,Côte d'Ivoire,2025-06-20,LOW
4596,Fleury,E_COMMERCE,Korhogo,Côte d'Ivoire,2021-10-14,HIGH
4597,Toussaint et Fils,ELECTRONICS,Bouake,Côte d'Ivoire,2018-04-21,HIGH
4598,Grenier S.A.R.L.,CLOTHING,Daloa,Côte d'Ivoire,2013-10-07,LOW
4599,Guérin Diaz SA,HOTEL,Daloa,Côte d'Ivoire,2013-07-15,HIGH
4600,Camus Mercier S.A.,RESTAURANT,Yamoussoukro,Côte d'Ivoire,2020-09-16,MEDIUM
4601,Brun,PHARMACY,Daloa,Côte d'Ivoire,2024-03-01,LOW
4602,Bazin,TRANSPORT,Bouake,Côte d'Ivoire,2023-09-28,LOW
4603,Jacquet,PHARMACY,Bouake,Côte d'Ivoire,2020-09-12,MEDIUM
4604,Jacquet,E_COMMERCE,Yamoussoukro,Côte d'Ivoire,2026-02-16,LOW
4605,Nicolas,FUEL_STATION,Daloa,Côte d'Ivoire,2024-07-09,LOW
4606,Delaunay S.A.,RESTAURANT,Man,Côte d'Ivoire,2013-01-17,LOW
4607,Bourgeois,ELECTRONICS,Daloa,Côte d'Ivoire,2013-09-26,MEDIUM
4608,Lelièvre S.A.R.L.,SUPERMARKET,San Pedro,Côte d'Ivoire,2013-06-08,LOW
4609,Rolland SA,RESTAURANT,San Pedro,Côte d'Ivoire,2025-09-30,LOW
4610,Gonzalez,TRANSPORT,Man,Côte d'Ivoire,2012-12-30,LOW
4611,Guillot S.A.R.L.,TELECOM,Man,Côte d'Ivoire,2022-01-16,LOW
4612,Navarro,TELECOM,Man,Côte d'Ivoire,2024-02-19,LOW
4613,Pichon Godard SA,RESTAURANT,San Pedro,Côte d'Ivoire,2022-11-07,LOW
4614,Lecoq Lacroix et Fils,PHARMACY,San Pedro,Côte d'Ivoire,2016-12-25,MEDIUM
4615,Colas SA,E_COMMERCE,Daloa,Côte d'Ivoire,2014-03-04,LOW
4616,Deschamps,TRANSPORT,Korhogo,Côte d'Ivoire,2014-07-24,LOW
4617,Pinto,RESTAURANT,Yamoussoukro,Côte d'Ivoire,2014-12-27,LOW
4618,Michaud S.A.R.L.,CLOTHING,Abidjan,Côte d'Ivoire,2014-03-07,LOW
4619,Bodin,CLOTHING,Bouake,Côte d'Ivoire,2012-08-28,MEDIUM
4620,Gonzalez Techer S.A.,HOTEL,Yamoussoukro,Côte d'Ivoire,2017-04-16,LOW
4621,Laurent,SUPERMARKET,Korhogo,Côte d'Ivoire,2026-05-26,LOW
4622,Muller,TRANSPORT,Abidjan,Côte d'Ivoire,2025-12-03,LOW
4623,Marion Evrard SARL,PHARMACY,San Pedro,Côte d'Ivoire,2021-01-18,LOW
4624,Meunier Lévy SARL,FUEL_STATION,Yamoussoukro,Côte d'Ivoire,2012-07-16,LOW
4625,Pottier SA,HOTEL,San Pedro,Côte d'Ivoire,2018-07-20,LOW
4626,Maurice et Fils,TRANSPORT,Bouake,Côte d'Ivoire,2014-06-19,LOW
4627,Lemaître,TRANSPORT,Man,Côte d'Ivoire,2012-03-24,MEDIUM
4628,Duval Pottier S.A.,SUPERMARKET,Yamoussoukro,Côte d'Ivoire,2011-09-04,HIGH
4629,Bernard,TRANSPORT,Bouake,Côte d'Ivoire,2021-02-23,LOW
4630,Chevallier S.A.S.,ELECTRONICS,Daloa,Côte d'Ivoire,2013-08-11,LOW
4631,Ledoux Techer SA,RESTAURANT,Yamoussoukro,Côte d'Ivoire,2021-03-01,LOW
4632,Lefebvre et Fils,RESTAURANT,Man,Côte d'Ivoire,2025-08-05,MEDIUM
4633,Masse,SUPERMARKET,Bouake,Côte d'Ivoire,2022-07-18,LOW
4634,Carre,CLOTHING,Korhogo,Côte d'Ivoire,2023-03-29,LOW
4635,Lebreton,TELECOM,Abidjan,Côte d'Ivoire,2024-04-20,LOW
4636,Normand Marin S.A.S.,TRANSPORT,San Pedro,Côte d'Ivoire,2015-10-30,MEDIUM
4637,Bousquet,E_COMMERCE,San Pedro,Côte d'Ivoire,2019-04-26,LOW
4638,Brunet,RESTAURANT,Korhogo,Côte d'Ivoire,2019-04-21,MEDIUM
4639,Hubert,TELECOM,Korhogo,Côte d'Ivoire,2014-01-12,LOW
4640,Diaz,TELECOM,Man,Côte d'Ivoire,2024-01-05,LOW
4641,Chevallier Boucher S.A.,ELECTRONICS,Yamoussoukro,Côte d'Ivoire,2017-11-02,LOW
4642,Lesage SARL,PHARMACY,San Pedro,Côte d'Ivoire,2014-01-09,LOW
4643,Jacques S.A.R.L.,TRANSPORT,Daloa,Côte d'Ivoire,2023-09-01,LOW
4644,Maréchal Marchand et Fils,PHARMACY,Abidjan,Côte d'Ivoire,2017-07-31,LOW
4645,Lebon De Oliveira S.A.R.L.,CLOTHING,Yamoussoukro,Côte d'Ivoire,2019-05-30,LOW
4646,Hebert,CLOTHING,Man,Côte d'Ivoire,2018-03-08,MEDIUM
4647,Marchal,TRANSPORT,Abidjan,Côte d'Ivoire,2017-04-28,LOW
4648,Chartier,SUPERMARKET,Abidjan,Côte d'Ivoire,2018-05-12,MEDIUM
4649,Ramos Laporte S.A.,TELECOM,Yamoussoukro,Côte d'Ivoire,2015-10-05,LOW
4650,Mendès Aubert S.A.S.,CLOTHING,Man,Côte d'Ivoire,2014-11-20,LOW
4651,Barthelemy,TRANSPORT,Yamoussoukro,Côte d'Ivoire,2020-11-25,LOW
4652,Besson,SUPERMARKET,Korhogo,Côte d'Ivoire,2022-07-13,LOW
4653,Benoit,E_COMMERCE,Yamoussoukro,Côte d'Ivoire,2018-04-04,LOW
4654,Lelièvre Nicolas S.A.S.,TELECOM,Yamoussoukro,Côte d'Ivoire,2022-09-02,LOW
4655,Ribeiro,SUPERMARKET,Korhogo,Côte d'Ivoire,2025-09-29,LOW
4656,Roux,SUPERMARKET,Korhogo,Côte d'Ivoire,2014-12-20,MEDIUM
4657,Marques Courtois S.A.,FUEL_STATION,Bouake,Côte d'Ivoire,2022-10-18,LOW
4658,Blondel,RESTAURANT,Bouake,Côte d'Ivoire,2018-12-03,MEDIUM
4659,Pichon Laurent et Fils,TELECOM,San Pedro,Côte d'Ivoire,2015-02-01,MEDIUM
4660,Duhamel,HOTEL,San Pedro,Côte d'Ivoire,2022-12-03,LOW
4661,Maillard Vallet et Fils,FUEL_STATION,Daloa,Côte d'Ivoire,2021-02-27,MEDIUM
4662,Clerc Maréchal S.A.S.,ELECTRONICS,Korhogo,Côte d'Ivoire,2024-11-16,LOW
4663,Fernandes Bouchet SARL,RESTAURANT,Yamoussoukro,Côte d'Ivoire,2019-07-19,LOW
4664,Rousset Dumont S.A.R.L.,PHARMACY,Korhogo,Côte d'Ivoire,2016-12-14,HIGH
4665,Labbé SA,RESTAURANT,San Pedro,Côte d'Ivoire,2024-12-18,LOW
4666,Clément SA,RESTAURANT,Yamoussoukro,Côte d'Ivoire,2011-09-21,MEDIUM
4667,Rémy SA,E_COMMERCE,San Pedro,Côte d'Ivoire,2016-11-26,LOW
4668,Renaud,PHARMACY,Man,Côte d'Ivoire,2024-03-23,LOW
4669,Benoit Le Gall SA,RESTAURANT,Daloa,Côte d'Ivoire,2017-10-01,MEDIUM
4670,Guillon,RESTAURANT,Daloa,Côte d'Ivoire,2025-08-31,LOW
4671,Ollivier,E_COMMERCE,Yamoussoukro,Côte d'Ivoire,2017-05-03,LOW
4672,Charpentier Bailly SA,ELECTRONICS,Daloa,Côte d'Ivoire,2025-03-23,MEDIUM
4673,Fernandes Goncalves S.A.R.L.,SUPERMARKET,Yamoussoukro,Côte d'Ivoire,2013-08-03,LOW
4674,Leroux,FUEL_STATION,Daloa,Côte d'Ivoire,2021-02-17,MEDIUM
4675,Bonnin,E_COMMERCE,Man,Côte d'Ivoire,2016-05-11,LOW
4676,Noël Dupré S.A.,PHARMACY,Yamoussoukro,Côte d'Ivoire,2019-02-22,LOW
4677,Faivre SA,SUPERMARKET,Korhogo,Côte d'Ivoire,2013-11-18,LOW
4678,Reynaud,PHARMACY,Man,Côte d'Ivoire,2018-01-11,LOW
4679,Picard,SUPERMARKET,San Pedro,Côte d'Ivoire,2024-08-16,LOW
4680,Coste et Fils,TRANSPORT,Man,Côte d'Ivoire,2025-06-28,LOW
4681,Besnard,E_COMMERCE,San Pedro,Côte d'Ivoire,2021-07-11,LOW
4682,Pons Lefebvre S.A.R.L.,HOTEL,Abidjan,Côte d'Ivoire,2023-01-02,LOW
4683,Maillot,SUPERMARKET,Man,Côte d'Ivoire,2013-01-08,LOW
4684,Muller,RESTAURANT,Korhogo,Côte d'Ivoire,2014-08-04,LOW
4685,Ferrand Ribeiro et Fils,CLOTHING,Daloa,Côte d'Ivoire,2018-04-09,LOW
4686,Masson Laroche S.A.,TRANSPORT,Man,Côte d'Ivoire,2022-05-13,LOW
4687,Klein,ELECTRONICS,San Pedro,Côte d'Ivoire,2023-09-05,LOW
4688,Monnier S.A.S.,ELECTRONICS,Abidjan,Côte d'Ivoire,2025-03-04,LOW
4689,Durand,HOTEL,Yamoussoukro,Côte d'Ivoire,2022-02-26,MEDIUM
4690,Roy,PHARMACY,San Pedro,Côte d'Ivoire,2017-10-15,MEDIUM
4691,Olivier,TELECOM,Bouake,Côte d'Ivoire,2020-04-23,LOW
4692,Dijoux,PHARMACY,Man,Côte d'Ivoire,2011-12-22,LOW
4693,Julien,TRANSPORT,Abidjan,Côte d'Ivoire,2014-05-31,LOW
4694,Delahaye S.A.,CLOTHING,Abidjan,Côte d'Ivoire,2023-06-29,LOW
4695,Charles,ELECTRONICS,Yamoussoukro,Côte d'Ivoire,2019-03-19,LOW
4696,Marques,ELECTRONICS,Yamoussoukro,Côte d'Ivoire,2012-04-06,LOW
4697,Bouvet,HOTEL,San Pedro,Côte d'Ivoire,2024-07-02,LOW
4698,Delmas,SUPERMARKET,Bouake,Côte d'Ivoire,2012-12-09,LOW
4699,Courtois,PHARMACY,Korhogo,Côte d'Ivoire,2012-02-09,LOW
4700,Ferrand Dubois et Fils,TRANSPORT,San Pedro,Côte d'Ivoire,2021-05-02,HIGH
4701,Hernandez S.A.R.L.,SUPERMARKET,Daloa,Côte d'Ivoire,2014-12-21,HIGH
4702,Gillet,ELECTRONICS,Man,Côte d'Ivoire,2018-03-08,LOW
4703,Lemonnier et Fils,FUEL_STATION,San Pedro,Côte d'Ivoire,2016-03-04,MEDIUM
4704,Daniel,PHARMACY,San Pedro,Côte d'Ivoire,2017-10-25,LOW
4705,Cordier,RESTAURANT,Abidjan,Côte d'Ivoire,2023-08-10,LOW
4706,Payet,FUEL_STATION,Abidjan,Côte d'Ivoire,2017-06-19,LOW
4707,Courtois,PHARMACY,Daloa,Côte d'Ivoire,2014-11-09,LOW
4708,Carre,TRANSPORT,Korhogo,Côte d'Ivoire,2016-02-11,LOW
4709,Lebreton et Fils,FUEL_STATION,San Pedro,Côte d'Ivoire,2013-01-06,MEDIUM
4710,Grégoire,E_COMMERCE,Yamoussoukro,Côte d'Ivoire,2013-07-04,MEDIUM
4711,Rodriguez SA,RESTAURANT,Man,Côte d'Ivoire,2015-09-16,MEDIUM
4712,Schmitt SARL,HOTEL,Korhogo,Côte d'Ivoire,2012-09-05,LOW
4713,Masse Gomez SA,TRANSPORT,Bouake,Côte d'Ivoire,2026-04-08,MEDIUM
4714,Petit et Fils,TELECOM,Daloa,Côte d'Ivoire,2011-10-21,LOW
4715,Maurice,TELECOM,Bouake,Côte d'Ivoire,2012-10-09,MEDIUM
4716,Guillon Toussaint S.A.R.L.,PHARMACY,San Pedro,Côte d'Ivoire,2022-04-23,LOW
4717,Chartier,ELECTRONICS,Daloa,Côte d'Ivoire,2013-05-17,LOW
4718,Lefèvre et Fils,TELECOM,Man,Côte d'Ivoire,2013-12-07,LOW
4719,Vallet Faure S.A.,RESTAURANT,San Pedro,Côte d'Ivoire,2013-02-18,LOW
4720,Bernard S.A.R.L.,TRANSPORT,San Pedro,Côte d'Ivoire,2025-01-15,LOW
4721,Lacroix Girard et Fils,SUPERMARKET,Korhogo,Côte d'Ivoire,2012-12-04,LOW
4722,Lebrun,CLOTHING,Korhogo,Côte d'Ivoire,2022-03-20,LOW
4723,Ollivier Philippe et Fils,RESTAURANT,Korhogo,Côte d'Ivoire,2020-01-01,LOW
4724,Lelièvre Hervé et Fils,TRANSPORT,Abidjan,Côte d'Ivoire,2023-01-29,LOW
4725,Pichon S.A.,FUEL_STATION,Bouake,Côte d'Ivoire,2020-03-18,LOW
4726,Chevalier S.A.,TELECOM,Man,Côte d'Ivoire,2014-12-09,LOW
4727,Meunier,HOTEL,Abidjan,Côte d'Ivoire,2026-07-07,MEDIUM
4728,Bonnin Denis et Fils,TRANSPORT,Korhogo,Côte d'Ivoire,2024-07-13,LOW
4729,Roche S.A.,FUEL_STATION,Daloa,Côte d'Ivoire,2026-01-05,MEDIUM
4730,Boulay,TELECOM,Yamoussoukro,Côte d'Ivoire,2015-06-13,MEDIUM
4731,Delaunay Bousquet S.A.S.,FUEL_STATION,Bouake,Côte d'Ivoire,2016-08-15,LOW
4732,Guillou,FUEL_STATION,Yamoussoukro,Côte d'Ivoire,2022-06-22,LOW
4733,Carpentier,RESTAURANT,Abidjan,Côte d'Ivoire,2018-10-31,LOW
4734,Barre,TELECOM,San Pedro,Côte d'Ivoire,2024-02-01,LOW
4735,Laporte Robert et Fils,CLOTHING,San Pedro,Côte d'Ivoire,2023-03-16,HIGH
4736,Carre,PHARMACY,San Pedro,Côte d'Ivoire,2024-05-29,LOW
4737,François Bonnet SA,RESTAURANT,Daloa,Côte d'Ivoire,2019-12-24,LOW
4738,Peron,HOTEL,Daloa,Côte d'Ivoire,2012-08-08,MEDIUM
4739,Chevalier,PHARMACY,Bouake,Côte d'Ivoire,2023-01-16,LOW
4740,Richard,RESTAURANT,Abidjan,Côte d'Ivoire,2024-03-27,MEDIUM
4741,Julien S.A.S.,TRANSPORT,Daloa,Côte d'Ivoire,2024-09-12,LOW
4742,Rocher,TELECOM,Daloa,Côte d'Ivoire,2023-03-01,LOW
4743,Colas SARL,TRANSPORT,Yamoussoukro,Côte d'Ivoire,2023-12-12,MEDIUM
4744,Lebreton,ELECTRONICS,Abidjan,Côte d'Ivoire,2017-09-01,MEDIUM
4745,Lemaître,CLOTHING,Man,Côte d'Ivoire,2020-01-28,HIGH
4746,Ledoux,SUPERMARKET,San Pedro,Côte d'Ivoire,2019-11-24,LOW
4747,Morvan,SUPERMARKET,Yamoussoukro,Côte d'Ivoire,2024-04-01,MEDIUM
4748,Dumas Coste S.A.,SUPERMARKET,Yamoussoukro,Côte d'Ivoire,2012-04-20,LOW
4749,Lejeune,ELECTRONICS,Man,Côte d'Ivoire,2019-06-27,LOW
4750,Germain,TRANSPORT,Daloa,Côte d'Ivoire,2025-02-13,LOW
4751,Barthelemy,PHARMACY,Daloa,Côte d'Ivoire,2026-05-09,LOW
4752,Sauvage,CLOTHING,Daloa,Côte d'Ivoire,2014-03-04,MEDIUM
4753,Gallet Hamel S.A.R.L.,PHARMACY,Yamoussoukro,Côte d'Ivoire,2018-09-18,LOW
4754,Joly SARL,HOTEL,Bouake,Côte d'Ivoire,2018-01-24,MEDIUM
4755,Alexandre Poulain SA,TELECOM,Bouake,Côte d'Ivoire,2018-12-19,LOW
4756,Fernandes Allain S.A.,HOTEL,Man,Côte d'Ivoire,2015-04-08,LOW
4757,Durand S.A.R.L.,TELECOM,Man,Côte d'Ivoire,2019-08-11,LOW
4758,Dupuy Marques S.A.,FUEL_STATION,Daloa,Côte d'Ivoire,2011-12-11,LOW
4759,Michaud,E_COMMERCE,Man,Côte d'Ivoire,2014-04-08,LOW
4760,Dias,TELECOM,Man,Côte d'Ivoire,2016-04-19,LOW
4761,Aubert Coulon S.A.S.,E_COMMERCE,Korhogo,Côte d'Ivoire,2023-11-21,LOW
4762,Lesage,PHARMACY,Bouake,Côte d'Ivoire,2018-12-23,LOW
4763,Coulon Chartier SA,SUPERMARKET,Bouake,Côte d'Ivoire,2017-08-02,MEDIUM
4764,Mercier SARL,CLOTHING,Yamoussoukro,Côte d'Ivoire,2023-08-03,MEDIUM
4765,Raynaud,E_COMMERCE,Man,Côte d'Ivoire,2016-06-30,LOW
4766,Huet Paul S.A.R.L.,E_COMMERCE,San Pedro,Côte d'Ivoire,2025-03-31,MEDIUM
4767,Delattre Marin SA,E_COMMERCE,Bouake,Côte d'Ivoire,2016-10-24,MEDIUM
4768,Maillot Lombard SARL,PHARMACY,Bouake,Côte d'Ivoire,2023-03-19,LOW
4769,Raymond,TRANSPORT,Yamoussoukro,Côte d'Ivoire,2013-08-25,LOW
4770,Laporte Carre SARL,SUPERMARKET,Daloa,Côte d'Ivoire,2023-11-27,LOW
4771,Lagarde,E_COMMERCE,Bouake,Côte d'Ivoire,2026-04-11,LOW
4772,Lemaître Moreno S.A.R.L.,E_COMMERCE,Yamoussoukro,Côte d'Ivoire,2012-08-25,MEDIUM
4773,Cohen SARL,ELECTRONICS,San Pedro,Côte d'Ivoire,2018-09-02,LOW
4774,Lacroix Millet et Fils,PHARMACY,Yamoussoukro,Côte d'Ivoire,2015-07-19,LOW
4775,Couturier,CLOTHING,Daloa,Côte d'Ivoire,2019-09-04,LOW
4776,Berthelot,ELECTRONICS,Yamoussoukro,Côte d'Ivoire,2017-05-16,LOW
4777,Rocher,TELECOM,Man,Côte d'Ivoire,2014-11-18,LOW
4778,Lebrun Lefort S.A.S.,ELECTRONICS,San Pedro,Côte d'Ivoire,2015-06-21,LOW
4779,Menard Camus S.A.S.,TRANSPORT,Abidjan,Côte d'Ivoire,2019-07-26,LOW
4780,Bouvier S.A.S.,RESTAURANT,Yamoussoukro,Côte d'Ivoire,2026-07-23,LOW
4781,Jacob S.A.,FUEL_STATION,Bouake,Côte d'Ivoire,2022-03-08,LOW
4782,Faure,CLOTHING,Daloa,Côte d'Ivoire,2020-07-30,MEDIUM
4783,Pinto,RESTAURANT,Man,Côte d'Ivoire,2021-10-29,LOW
4784,Mercier,TELECOM,San Pedro,Côte d'Ivoire,2019-03-23,LOW
4785,Merle,SUPERMARKET,Daloa,Côte d'Ivoire,2014-11-11,MEDIUM
4786,Mendès,ELECTRONICS,Bouake,Côte d'Ivoire,2014-01-04,MEDIUM
4787,Merle,HOTEL,Man,Côte d'Ivoire,2012-07-30,LOW
4788,Hoarau,RESTAURANT,Yamoussoukro,Côte d'Ivoire,2015-05-17,LOW
4789,Millet SARL,E_COMMERCE,Korhogo,Côte d'Ivoire,2025-08-10,HIGH
4790,Guilbert,ELECTRONICS,Daloa,Côte d'Ivoire,2014-01-22,LOW
4791,Julien,SUPERMARKET,San Pedro,Côte d'Ivoire,2019-10-27,LOW
4792,Texier,FUEL_STATION,Bouake,Côte d'Ivoire,2020-09-12,LOW
4793,Imbert Roche S.A.S.,PHARMACY,Man,Côte d'Ivoire,2021-11-13,MEDIUM
4794,Collet et Fils,FUEL_STATION,Bouake,Côte d'Ivoire,2012-08-09,LOW
4795,Hardy Bodin SARL,TELECOM,Bouake,Côte d'Ivoire,2015-10-19,LOW
4796,Briand,CLOTHING,Yamoussoukro,Côte d'Ivoire,2023-06-30,LOW
4797,Léger SARL,RESTAURANT,Man,Côte d'Ivoire,2015-01-19,LOW
4798,Collet Laurent SA,RESTAURANT,Bouake,Côte d'Ivoire,2022-08-30,LOW
4799,Chevalier,SUPERMARKET,Bouake,Côte d'Ivoire,2017-11-05,LOW
4800,Diallo,CLOTHING,Daloa,Côte d'Ivoire,2014-02-01,LOW
4801,Toussaint,TELECOM,Abidjan,Côte d'Ivoire,2018-01-27,LOW
4802,Valentin Hebert SARL,SUPERMARKET,Yamoussoukro,Côte d'Ivoire,2013-05-29,MEDIUM
4803,Pineau,RESTAURANT,Bouake,Côte d'Ivoire,2016-04-08,LOW
4804,Munoz Seguin S.A.R.L.,TELECOM,Abidjan,Côte d'Ivoire,2016-06-02,LOW
4805,Coste Rodriguez SARL,RESTAURANT,Korhogo,Côte d'Ivoire,2011-11-12,LOW
4806,Roux SARL,CLOTHING,San Pedro,Côte d'Ivoire,2020-12-22,LOW
4807,Tessier,SUPERMARKET,Korhogo,Côte d'Ivoire,2013-12-26,LOW
4808,Fouquet,RESTAURANT,Man,Côte d'Ivoire,2017-12-15,MEDIUM
4809,Techer S.A.R.L.,FUEL_STATION,Korhogo,Côte d'Ivoire,2022-07-28,MEDIUM
4810,Delaunay,CLOTHING,Daloa,Côte d'Ivoire,2014-08-09,LOW
4811,Raymond,SUPERMARKET,Yamoussoukro,Côte d'Ivoire,2025-10-19,MEDIUM
4812,Weiss SARL,CLOTHING,Yamoussoukro,Côte d'Ivoire,2017-02-01,LOW
4813,Gros SA,PHARMACY,Yamoussoukro,Côte d'Ivoire,2023-11-15,LOW
4814,Mahe Andre SA,ELECTRONICS,Yamoussoukro,Côte d'Ivoire,2013-12-15,HIGH
4815,Henry Barbe S.A.,E_COMMERCE,Yamoussoukro,Côte d'Ivoire,2023-09-20,MEDIUM
4816,Morin Faivre SARL,FUEL_STATION,Yamoussoukro,Côte d'Ivoire,2017-08-25,LOW
4817,Faure,ELECTRONICS,Korhogo,Côte d'Ivoire,2018-08-06,LOW
4818,Hamel,TELECOM,Abidjan,Côte d'Ivoire,2012-10-04,HIGH
4819,Maréchal,PHARMACY,San Pedro,Côte d'Ivoire,2020-11-06,LOW
4820,Hardy S.A.R.L.,ELECTRONICS,San Pedro,Côte d'Ivoire,2022-06-30,LOW
4821,Lemonnier,PHARMACY,Abidjan,Côte d'Ivoire,2014-03-19,MEDIUM
4822,Guillaume S.A.R.L.,E_COMMERCE,Abidjan,Côte d'Ivoire,2014-04-13,MEDIUM
4823,Ledoux SARL,TELECOM,Yamoussoukro,Côte d'Ivoire,2015-06-11,LOW
4824,Lefèvre Imbert et Fils,ELECTRONICS,Daloa,Côte d'Ivoire,2021-01-23,LOW
4825,Roux et Fils,RESTAURANT,Daloa,Côte d'Ivoire,2025-11-30,LOW
4826,Voisin Dupont SA,E_COMMERCE,Korhogo,Côte d'Ivoire,2015-04-20,LOW
4827,Brunet Dos Santos S.A.S.,ELECTRONICS,San Pedro,Côte d'Ivoire,2017-01-04,LOW
4828,Chevallier,E_COMMERCE,Korhogo,Côte d'Ivoire,2024-06-08,LOW
4829,Moreau,PHARMACY,Yamoussoukro,Côte d'Ivoire,2020-04-03,LOW
4830,Teixeira,TRANSPORT,Daloa,Côte d'Ivoire,2011-12-23,LOW
4831,Dias,PHARMACY,Korhogo,Côte d'Ivoire,2012-09-24,LOW
4832,Bourgeois S.A.S.,HOTEL,Korhogo,Côte d'Ivoire,2012-03-09,HIGH
4833,Rolland Guillon S.A.R.L.,CLOTHING,Daloa,Côte d'Ivoire,2011-09-12,LOW
4834,Boutin,E_COMMERCE,Bouake,Côte d'Ivoire,2012-12-12,MEDIUM
4835,Grégoire,TELECOM,Daloa,Côte d'Ivoire,2025-09-05,MEDIUM
4836,Chauvin Lecomte S.A.,HOTEL,Bouake,Côte d'Ivoire,2020-09-12,LOW
4837,Techer et Fils,HOTEL,Daloa,Côte d'Ivoire,2022-03-03,MEDIUM
4838,Da Costa,TELECOM,Yamoussoukro,Côte d'Ivoire,2021-01-14,LOW
4839,Gros,TRANSPORT,Daloa,Côte d'Ivoire,2018-03-08,LOW
4840,Renaud Faivre S.A.S.,TRANSPORT,Abidjan,Côte d'Ivoire,2015-12-08,HIGH
4841,Pierre,HOTEL,Man,Côte d'Ivoire,2017-02-20,MEDIUM
4842,Carlier,TELECOM,Daloa,Côte d'Ivoire,2013-08-08,LOW
4843,Sauvage,FUEL_STATION,Bouake,Côte d'Ivoire,2012-01-25,LOW
4844,Marion,E_COMMERCE,Yamoussoukro,Côte d'Ivoire,2022-08-28,MEDIUM
4845,Martins,SUPERMARKET,Yamoussoukro,Côte d'Ivoire,2014-09-20,LOW
4846,Dupont S.A.R.L.,TRANSPORT,Yamoussoukro,Côte d'Ivoire,2025-04-06,LOW
4847,Bernier S.A.,FUEL_STATION,Daloa,Côte d'Ivoire,2014-12-24,LOW
4848,Blot,ELECTRONICS,San Pedro,Côte d'Ivoire,2023-01-17,MEDIUM
4849,Allain Bailly SARL,RESTAURANT,Abidjan,Côte d'Ivoire,2019-06-19,LOW
4850,Jourdan et Fils,HOTEL,Man,Côte d'Ivoire,2015-06-26,LOW
4851,Carpentier,CLOTHING,San Pedro,Côte d'Ivoire,2020-04-08,HIGH
4852,Ruiz SA,SUPERMARKET,Daloa,Côte d'Ivoire,2015-04-04,LOW
4853,Le Roux Leclerc S.A.R.L.,TELECOM,Bouake,Côte d'Ivoire,2023-10-28,LOW
4854,Fouquet,CLOTHING,Korhogo,Côte d'Ivoire,2017-02-22,LOW
4855,Michaud,RESTAURANT,Abidjan,Côte d'Ivoire,2021-10-24,LOW
4856,Marin Voisin S.A.S.,E_COMMERCE,Korhogo,Côte d'Ivoire,2021-09-23,LOW
4857,Martineau,E_COMMERCE,Abidjan,Côte d'Ivoire,2026-02-28,LOW
4858,Garnier Chauvet SA,RESTAURANT,Yamoussoukro,Côte d'Ivoire,2011-07-31,HIGH
4859,Legendre SA,TRANSPORT,Daloa,Côte d'Ivoire,2026-02-27,LOW
4860,Paris SA,PHARMACY,Korhogo,Côte d'Ivoire,2016-09-26,LOW
4861,Weber,FUEL_STATION,Korhogo,Côte d'Ivoire,2023-12-22,LOW
4862,Pereira Vincent SARL,FUEL_STATION,Yamoussoukro,Côte d'Ivoire,2015-03-28,LOW
4863,Briand Traore SARL,E_COMMERCE,Korhogo,Côte d'Ivoire,2012-11-13,LOW
4864,Delattre,E_COMMERCE,Man,Côte d'Ivoire,2022-09-11,LOW
4865,Léger SA,RESTAURANT,Daloa,Côte d'Ivoire,2013-08-14,MEDIUM
4866,Blanchard,HOTEL,Daloa,Côte d'Ivoire,2016-01-17,LOW
4867,Martins,TELECOM,Man,Côte d'Ivoire,2013-08-15,MEDIUM
4868,Ollivier S.A.,PHARMACY,Yamoussoukro,Côte d'Ivoire,2011-10-27,LOW
4869,Fernandez et Fils,TELECOM,Yamoussoukro,Côte d'Ivoire,2015-07-28,LOW
4870,Delorme,E_COMMERCE,Yamoussoukro,Côte d'Ivoire,2023-05-26,LOW
4871,Dupuy,SUPERMARKET,Bouake,Côte d'Ivoire,2011-12-17,LOW
4872,Andre,TRANSPORT,San Pedro,Côte d'Ivoire,2024-01-07,LOW
4873,Fabre François S.A.R.L.,TELECOM,Daloa,Côte d'Ivoire,2023-02-10,LOW
4874,Martinez,ELECTRONICS,Abidjan,Côte d'Ivoire,2012-03-16,MEDIUM
4875,Lesage,ELECTRONICS,Yamoussoukro,Côte d'Ivoire,2025-09-14,LOW
4876,Pasquier,TRANSPORT,Abidjan,Côte d'Ivoire,2014-07-21,HIGH
4877,Verdier SA,HOTEL,Daloa,Côte d'Ivoire,2022-09-30,LOW
4878,Pires SARL,E_COMMERCE,Korhogo,Côte d'Ivoire,2023-08-27,LOW
4879,Fouquet,RESTAURANT,Man,Côte d'Ivoire,2019-09-23,LOW
4880,Da Costa Laurent et Fils,RESTAURANT,Korhogo,Côte d'Ivoire,2016-03-14,MEDIUM
4881,Huet Blot S.A.R.L.,ELECTRONICS,Bouake,Côte d'Ivoire,2025-05-12,MEDIUM
4882,Delahaye SA,RESTAURANT,Korhogo,Côte d'Ivoire,2026-06-08,MEDIUM
4883,Vaillant,CLOTHING,Man,Côte d'Ivoire,2023-07-14,HIGH
4884,Grondin,RESTAURANT,Daloa,Côte d'Ivoire,2023-10-01,LOW
4885,Renault SARL,E_COMMERCE,San Pedro,Côte d'Ivoire,2013-01-29,LOW
4886,Pineau,PHARMACY,Man,Côte d'Ivoire,2025-07-15,LOW
4887,Devaux,PHARMACY,Man,Côte d'Ivoire,2014-05-13,LOW
4888,Delmas,TELECOM,Korhogo,Côte d'Ivoire,2017-11-22,MEDIUM
4889,Lebrun Guyon et Fils,TRANSPORT,Abidjan,Côte d'Ivoire,2017-06-22,LOW
4890,Roger,E_COMMERCE,Abidjan,Côte d'Ivoire,2021-06-12,LOW
4891,Guichard,TRANSPORT,Abidjan,Côte d'Ivoire,2019-07-12,LOW
4892,Gosselin,HOTEL,San Pedro,Côte d'Ivoire,2016-07-20,LOW
4893,Maillet Hamel S.A.R.L.,FUEL_STATION,Korhogo,Côte d'Ivoire,2023-01-26,LOW
4894,Alves,HOTEL,Korhogo,Côte d'Ivoire,2018-12-02,LOW
4895,Marion SARL,FUEL_STATION,Daloa,Côte d'Ivoire,2013-12-01,MEDIUM
4896,Pelletier,HOTEL,Man,Côte d'Ivoire,2022-07-22,MEDIUM
4897,Lebreton,PHARMACY,Bouake,Côte d'Ivoire,2024-05-25,MEDIUM
4898,Dupont Le Goff S.A.S.,FUEL_STATION,Yamoussoukro,Côte d'Ivoire,2026-03-15,LOW
4899,Joseph Leblanc S.A.S.,SUPERMARKET,Korhogo,Côte d'Ivoire,2022-05-04,LOW
4900,Baudry Joly S.A.,SUPERMARKET,Daloa,Côte d'Ivoire,2025-08-09,LOW
4901,Faure,HOTEL,Abidjan,Côte d'Ivoire,2025-08-01,LOW
4902,Marie,HOTEL,Bouake,Côte d'Ivoire,2020-02-08,LOW
4903,Dijoux SA,FUEL_STATION,Yamoussoukro,Côte d'Ivoire,2021-05-13,LOW
4904,Adam S.A.S.,E_COMMERCE,Bouake,Côte d'Ivoire,2022-11-18,MEDIUM
4905,Rousset Dumas et Fils,FUEL_STATION,Daloa,Côte d'Ivoire,2023-08-26,LOW
4906,Camus,PHARMACY,San Pedro,Côte d'Ivoire,2013-07-25,LOW
4907,Foucher,TRANSPORT,Abidjan,Côte d'Ivoire,2025-10-21,LOW
4908,Lévy,FUEL_STATION,San Pedro,Côte d'Ivoire,2018-04-18,LOW
4909,Vasseur,TELECOM,San Pedro,Côte d'Ivoire,2021-05-23,LOW
4910,Bouvet,TRANSPORT,Korhogo,Côte d'Ivoire,2018-07-08,MEDIUM
4911,Jean et Fils,RESTAURANT,Bouake,Côte d'Ivoire,2022-07-13,LOW
4912,Meyer,CLOTHING,Man,Côte d'Ivoire,2025-10-08,LOW
4913,Auger Martin S.A.S.,PHARMACY,Daloa,Côte d'Ivoire,2025-03-08,LOW
4914,Costa S.A.,TELECOM,Man,Côte d'Ivoire,2012-10-20,LOW
4915,Guillot,HOTEL,San Pedro,Côte d'Ivoire,2024-06-07,LOW
4916,Bailly,RESTAURANT,Daloa,Côte d'Ivoire,2025-08-12,LOW
4917,Allard Diaz SA,TELECOM,Yamoussoukro,Côte d'Ivoire,2025-06-07,LOW
4918,Laurent Durand SA,TELECOM,Abidjan,Côte d'Ivoire,2016-08-09,LOW
4919,Guillaume S.A.,TRANSPORT,San Pedro,Côte d'Ivoire,2025-08-27,HIGH
4920,Mercier SARL,RESTAURANT,Yamoussoukro,Côte d'Ivoire,2019-04-11,LOW
4921,Briand SARL,E_COMMERCE,Daloa,Côte d'Ivoire,2022-10-30,LOW
4922,Dubois,E_COMMERCE,Bouake,Côte d'Ivoire,2023-06-13,HIGH
4923,Le Goff,RESTAURANT,Man,Côte d'Ivoire,2018-03-04,LOW
4924,Guillaume,TRANSPORT,San Pedro,Côte d'Ivoire,2016-09-28,LOW
4925,Legendre,E_COMMERCE,Man,Côte d'Ivoire,2021-08-10,LOW
4926,Bousquet,HOTEL,Abidjan,Côte d'Ivoire,2022-01-13,LOW
4927,Potier S.A.R.L.,FUEL_STATION,Bouake,Côte d'Ivoire,2012-02-10,LOW
4928,Julien,PHARMACY,Korhogo,Côte d'Ivoire,2017-07-22,LOW
4929,Adam et Fils,TELECOM,Daloa,Côte d'Ivoire,2019-08-19,LOW
4930,Chrétien,CLOTHING,Daloa,Côte d'Ivoire,2020-09-29,LOW
4931,Briand et Fils,E_COMMERCE,Yamoussoukro,Côte d'Ivoire,2021-07-25,LOW
4932,Pottier,PHARMACY,San Pedro,Côte d'Ivoire,2019-12-01,LOW
4933,Gillet SA,ELECTRONICS,Bouake,Côte d'Ivoire,2019-11-13,MEDIUM
4934,Ollivier SARL,PHARMACY,Yamoussoukro,Côte d'Ivoire,2020-10-28,MEDIUM
4935,Perez S.A.,RESTAURANT,Daloa,Côte d'Ivoire,2023-11-24,LOW
4936,De Sousa S.A.R.L.,TELECOM,Bouake,Côte d'Ivoire,2024-04-26,LOW
4937,Guillot,HOTEL,Daloa,Côte d'Ivoire,2021-11-04,LOW
4938,Fontaine,HOTEL,Abidjan,Côte d'Ivoire,2017-01-25,MEDIUM
4939,Courtois,HOTEL,Abidjan,Côte d'Ivoire,2024-10-18,MEDIUM
4940,Fabre,SUPERMARKET,Man,Côte d'Ivoire,2022-01-06,MEDIUM
4941,Gauthier,TRANSPORT,Abidjan,Côte d'Ivoire,2011-10-01,LOW
4942,Allain Parent SA,CLOTHING,Man,Côte d'Ivoire,2020-03-10,LOW
4943,Muller,PHARMACY,Abidjan,Côte d'Ivoire,2020-02-12,LOW
4944,Barthelemy Paris et Fils,FUEL_STATION,Abidjan,Côte d'Ivoire,2021-03-10,LOW
4945,Regnier,RESTAURANT,Abidjan,Côte d'Ivoire,2022-09-11,HIGH
4946,Fleury S.A.S.,TELECOM,San Pedro,Côte d'Ivoire,2013-07-30,MEDIUM
4947,Roger,ELECTRONICS,San Pedro,Côte d'Ivoire,2019-04-05,LOW
4948,Goncalves,CLOTHING,Daloa,Côte d'Ivoire,2012-04-02,LOW
4949,Brunel,E_COMMERCE,San Pedro,Côte d'Ivoire,2017-03-19,LOW
4950,Masson,E_COMMERCE,Bouake,Côte d'Ivoire,2023-04-05,LOW
4951,Garnier Philippe S.A.R.L.,ELECTRONICS,Yamoussoukro,Côte d'Ivoire,2019-11-06,HIGH
4952,Thomas Chevallier et Fils,RESTAURANT,San Pedro,Côte d'Ivoire,2025-04-20,LOW
4953,Leleu Mallet SA,CLOTHING,Bouake,Côte d'Ivoire,2016-09-19,LOW
4954,Hubert Leblanc et Fils,ELECTRONICS,Bouake,Côte d'Ivoire,2021-07-03,MEDIUM
4955,Rolland,PHARMACY,Bouake,Côte d'Ivoire,2023-09-20,LOW
4956,Bonnin,RESTAURANT,Man,Côte d'Ivoire,2013-07-20,LOW
4957,Gaillard S.A.,CLOTHING,Abidjan,Côte d'Ivoire,2013-10-27,LOW
4958,Navarro S.A.R.L.,E_COMMERCE,Bouake,Côte d'Ivoire,2017-10-24,MEDIUM
4959,Lefebvre,E_COMMERCE,Yamoussoukro,Côte d'Ivoire,2023-08-17,MEDIUM
4960,Bousquet,TELECOM,Man,Côte d'Ivoire,2020-10-27,LOW
4961,Humbert S.A.R.L.,ELECTRONICS,Korhogo,Côte d'Ivoire,2012-02-23,HIGH
4962,Nguyen,E_COMMERCE,Daloa,Côte d'Ivoire,2021-01-20,MEDIUM
4963,Mercier,HOTEL,San Pedro,Côte d'Ivoire,2012-09-06,LOW
4964,Charles et Fils,PHARMACY,Korhogo,Côte d'Ivoire,2017-08-29,MEDIUM
4965,Maréchal,SUPERMARKET,Man,Côte d'Ivoire,2020-03-15,MEDIUM
4966,Dos Santos Mathieu SA,TRANSPORT,Man,Côte d'Ivoire,2014-05-01,LOW
4967,Masse S.A.,FUEL_STATION,Bouake,Côte d'Ivoire,2022-11-18,LOW
4968,Cohen Delmas S.A.S.,SUPERMARKET,Daloa,Côte d'Ivoire,2017-12-04,MEDIUM
4969,Martel,PHARMACY,San Pedro,Côte d'Ivoire,2012-09-17,LOW
4970,Guillon Pasquier SA,CLOTHING,San Pedro,Côte d'Ivoire,2021-02-04,LOW
4971,Grondin S.A.,HOTEL,Bouake,Côte d'Ivoire,2014-01-30,LOW
4972,Lucas,CLOTHING,San Pedro,Côte d'Ivoire,2024-04-11,LOW
4973,Dubois,FUEL_STATION,San Pedro,Côte d'Ivoire,2017-11-25,LOW
4974,Gros SA,ELECTRONICS,San Pedro,Côte d'Ivoire,2013-06-29,LOW
4975,Mary,E_COMMERCE,Man,Côte d'Ivoire,2020-08-07,MEDIUM
4976,Bailly S.A.,HOTEL,Yamoussoukro,Côte d'Ivoire,2017-01-04,HIGH
4977,Voisin Benoit S.A.,PHARMACY,Yamoussoukro,Côte d'Ivoire,2022-11-15,LOW
4978,Martel,TELECOM,Daloa,Côte d'Ivoire,2019-09-20,LOW
4979,Perrin Giraud S.A.R.L.,RESTAURANT,Man,Côte d'Ivoire,2020-12-25,MEDIUM
4980,Rodrigues et Fils,ELECTRONICS,Yamoussoukro,Côte d'Ivoire,2013-09-25,LOW
4981,Samson Mercier S.A.R.L.,HOTEL,San Pedro,Côte d'Ivoire,2020-04-23,LOW
4982,Moreno S.A.,ELECTRONICS,Bouake,Côte d'Ivoire,2015-10-12,LOW
4983,Toussaint,TELECOM,Daloa,Côte d'Ivoire,2017-09-23,LOW
4984,Charles Cordier SA,ELECTRONICS,Man,Côte d'Ivoire,2024-05-17,LOW
4985,Dupont,HOTEL,Yamoussoukro,Côte d'Ivoire,2026-05-22,LOW
4986,Valette,ELECTRONICS,Abidjan,Côte d'Ivoire,2018-04-16,HIGH
4987,Olivier et Fils,ELECTRONICS,Bouake,Côte d'Ivoire,2023-12-08,LOW
4988,Michaud,ELECTRONICS,Bouake,Côte d'Ivoire,2019-03-25,LOW
4989,Bouvet Rodriguez S.A.R.L.,FUEL_STATION,Daloa,Côte d'Ivoire,2022-01-13,LOW
4990,Imbert,HOTEL,Korhogo,Côte d'Ivoire,2026-05-29,LOW
4991,Guillot Joseph S.A.S.,PHARMACY,Korhogo,Côte d'Ivoire,2016-06-20,MEDIUM
4992,Leleu,ELECTRONICS,Abidjan,Côte d'Ivoire,2012-11-07,MEDIUM
4993,Brunel,HOTEL,Korhogo,Côte d'Ivoire,2012-02-07,LOW
4994,François,ELECTRONICS,Bouake,Côte d'Ivoire,2021-02-17,LOW
4995,Fischer S.A.,RESTAURANT,Man,Côte d'Ivoire,2024-09-21,LOW
4996,Lemaître SARL,CLOTHING,Bouake,Côte d'Ivoire,2018-04-07,MEDIUM
4997,Barthelemy,PHARMACY,Korhogo,Côte d'Ivoire,2022-08-20,MEDIUM
4998,Bailly,CLOTHING,San Pedro,Côte d'Ivoire,2025-10-20,MEDIUM
4999,Le Gall,E_COMMERCE,Abidjan,Côte d'Ivoire,2026-02-16,HIGH
5000,Gros,TRANSPORT,Yamoussoukro,Côte d'Ivoire,2019-11-16,LOW
